"Popolazione per età, vista per singola area - Comune: 072043 - Terlizzi"

"Ricostruzione della popolazione intercensuaria - Popolazione al 1° gennaio per età"
"Tutte le cittadinanze - Comune: Terlizzi"
Età/Anno;2002;2003;2004;2005;2006;2007;2008;2009;2010;2011;2012;2013;2014;2015;2016;2017;2018;2019
Età;Totale
0;312;311;253;278;274;246;270;253;221;225;241;264;230;188;230;247;202;181
1;318;312;306;252;277;275;250;271;250;217;226;244;266;236;184;230;246;205
2;336;314;308;307;253;276;272;250;274;250;214;221;237;274;234;190;226;247
3;330;331;311;312;306;254;280;278;253;272;249;213;219;237;270;231;195;225
4;310;330;333;307;311;307;254;283;274;256;274;248;216;221;234;268;233;195
5;331;306;329;333;307;307;303;252;284;272;254;280;247;216;219;235;270;232
6;322;333;306;334;335;303;309;307;252;285;271;255;282;244;217;219;235;269
7;337;325;329;305;339;336;300;305;304;253;285;268;251;281;241;219;218;232
8;342;332;324;327;301;335;336;302;310;305;256;286;269;253;275;243;221;214
9;409;340;332;321;325;304;334;334;301;309;303;258;287;270;253;284;247;216
10;409;406;342;333;323;323;304;334;331;299;311;303;258;285;272;256;287;247
11;363;403;400;339;335;328;320;307;340;331;297;306;304;262;286;271;259;280
12;376;368;400;404;340;340;324;323;307;341;331;297;304;306;265;287;272;253
13;411;375;364;401;404;342;338;324;325;311;339;332;298;306;304;264;286;268
14;363;406;377;361;400;403;344;340;329;321;313;339;329;298;306;304;262;279
15;366;361;406;372;363;400;401;346;346;328;322;314;337;328;300;304;305;257
16;363;364;361;405;367;362;398;402;350;350;328;321;315;339;327;300;306;303
17;376;362;366;362;405;366;360;395;408;352;351;330;322;317;333;323;304;300
18;374;375;362;359;362;407;366;359;402;411;354;350;326;319;313;336;322;303
19;463;366;374;365;359;362;407;364;359;400;409;353;350;329;320;314;333;318
20;396;460;359;373;362;356;363;407;364;365;398;406;350;349;324;322;308;332
21;431;388;463;361;366;359;359;365;413;361;360;393;411;347;349;315;319;309
22;423;419;386;465;355;364;360;360;371;415;360;357;388;413;340;347;317;317
23;459;423;417;381;460;349;366;354;359;367;414;361;357;390;410;336;340;314
24;433;453;426;412;377;459;347;360;357;360;371;409;359;357;378;399;334;335
25;464;433;447;417;398;377;452;344;357;354;362;362;402;353;357;373;390;334
26;433;452;426;448;407;394;373;438;332;354;358;352;356;406;343;347;368;381
27;451;427;439;428;450;393;384;363;429;333;347;340;342;355;392;332;344;362
28;467;444;422;440;422;438;393;373;352;414;327;338;334;344;352;388;318;334
29;424;460;436;415;432;417;434;385;366;354;407;314;338;333;339;339;381;304
30;437;420;454;428;405;437;416;420;375;362;347;401;311;332;327;332;325;365
31;431;442;405;451;410;396;433;407;414;372;356;341;396;312;324;325;327;315
32;419;431;438;397;442;405;405;422;406;400;373;351;335;399;304;320;317;319
33;477;421;420;431;397;437;415;400;416;403;395;378;343;324;393;305;321;314
34;450;492;420;407;431;402;442;422;408;402;406;400;375;341;319;393;294;322
35;429;455;487;416;404;434;412;445;419;398;392;400;392;370;342;317;390;289
36;425;436;458;481;413;411;432;409;449;411;399;398;402;398;357;337;315;375
37;415;423;437;449;479;415;407;428;408;443;406;398;395;401;395;357;340;302
38;453;409;421;433;443;477;409;409;418;406;449;410;397;395;396;391;357;332
39;386;448;402;422;422;450;466;405;403;418;398;452;408;393;390;395;387;353
40;405;386;443;402;426;423;447;453;403;398;415;390;447;411;392;390;397;383
41;387;408;382;444;405;432;418;446;450;402;392;418;394;446;412;390;395;385
42;377;380;411;382;436;404;430;422;453;444;402;389;414;393;449;411;389;396
43;370;372;379;410;378;439;402;428;420;455;446;399;389;414;390;448;410;386
44;355;372;372;378;412;375;440;405;426;422;453;450;404;382;408;393;456;402
45;349;349;367;375;374;412;376;436;406;427;421;452;445;406;385;409;396;446
46;362;347;347;368;370;368;409;377;439;407;427;423;450;444;402;384;407;391
47;362;357;346;344;368;369;366;408;380;442;405;426;422;446;446;398;378;399
48;356;359;354;347;347;367;371;362;409;379;441;401;426;422;440;449;395;380
49;355;354;359;350;345;348;364;371;361;404;377;439;397;425;421;441;445;394
50;345;354;356;359;347;345;344;361;371;356;404;379;437;398;418;421;439;442
51;384;349;354;355;357;349;346;342;364;369;356;404;378;434;394;415;422;436
52;368;376;346;349;356;354;347;343;340;363;368;358;405;379;430;393;418;420
53;407;365;373;343;348;358;355;348;345;338;365;368;361;403;378;427;395;413
54;340;405;365;374;349;343;356;364;347;341;338;361;364;363;403;375;421;392
55;289;338;403;365;373;351;340;358;359;348;340;331;358;364;363;401;371;420
56;253;293;336;403;365;373;349;340;357;360;345;340;332;358;361;364;400;364
57;194;252;288;333;405;361;372;353;343;358;353;346;339;335;358;358;362;400
58;237;191;249;290;331;398;360;371;350;337;354;353;346;340;332;354;359;361
59;223;235;189;247;290;329;399;359;371;355;337;350;352;344;340;327;350;356
60;216;219;232;184;246;291;325;399;357;368;357;339;348;348;343;339;324;342
61;262;218;223;231;185;244;292;325;397;355;365;356;332;345;345;342;337;323
62;205;260;211;221;229;185;243;291;324;394;348;366;350;332;339;339;336;333
63;251;203;257;213;221;227;186;238;289;325;391;346;362;348;328;337;332;329
64;224;248;200;255;210;217;227;188;237;289;321;386;343;358;344;324;331;326
65;180;223;248;198;251;207;213;223;183;234;282;313;382;341;352;336;322;329
66;258;177;223;244;198;249;206;213;223;178;230;275;304;378;335;348;335;319
67;225;253;171;221;242;197;247;203;213;224;177;226;272;300;374;335;340;327
68;189;225;247;164;221;237;195;242;202;210;220;174;224;270;292;370;330;328
69;235;184;220;243;161;218;233;193;235;204;205;214;168;223;263;289;366;325
70;219;231;178;217;238;162;211;230;193;235;200;202;207;166;214;255;286;359
71;217;214;226;174;213;234;161;210;220;189;225;193;195;204;161;211;250;276
72;181;213;210;224;171;210;226;158;207;215;188;220;185;190;198;160;209;247
73;194;177;207;203;218;167;206;226;155;200;212;184;216;183;185;198;154;204
74;187;186;171;196;196;213;159;204;216;149;194;204;179;208;177;179;196;151
75;176;183;180;165;185;187;207;158;199;210;148;191;199;178;204;173;173;196
76;162;172;173;175;161;176;178;201;150;190;201;143;187;201;177;194;168;167
77;164;148;159;166;164;157;171;166;200;145;186;196;135;182;195;172;184;161
78;171;155;142;151;157;152;151;162;162;194;140;183;186;130;169;186;166;179
79;118;160;147;139;148;147;144;143;152;156;188;138;172;179;128;156;177;158
80;133;111;156;139;132;143;143;143;140;147;149;181;133;166;174;123;146;172
81;127;121;106;147;128;128;128;133;137;137;139;139;172;126;156;168;117;143
82;75;118;115;103;145;116;122;120;127;129;131;129;127;158;121;147;156;108
83;68;67;106;111;93;136;105;111;109;118;123;125;118;122;147;117;142;146
84;43;62;61;100;101;88;122;98;106;105;109;114;113;109;119;140;109;136
85;62;38;59;58;88;91;81;102;89;94;95;97;101;103;101;106;129;95
86;55;58;33;54;55;82;83;76;92;83;85;82;92;87;93;97;95;119
87;69;43;52;31;51;52;71;78;63;81;76;74;74;89;80;80;90;89
88;42;57;41;49;28;47;43;60;60;50;70;66;63;66;78;76;72;80
89;46;37;49;29;38;24;40;32;54;48;44;61;53;55;52;72;69;58
90;33;31;31;37;24;30;21;33;28;50;35;35;48;45;44;44;59;62
91;31;28;25;22;35;20;20;15;27;22;38;30;27;41;34;39;37;49
92;20;21;23;23;19;24;17;15;12;22;17;31;25;24;34;28;32;29
93;16;11;18;22;22;13;18;12;13;10;13;16;24;22;20;27;24;26
94;8;11;5;13;20;17;13;16;6;10;10;8;10;18;15;19;21;21
95;9;5;9;5;11;15;12;11;12;7;7;9;6;10;15;11;10;19
96;3;7;4;8;4;5;10;10;12;9;6;6;8;4;6;14;12;7
97;6;2;7;3;3;3;2;9;4;8;5;5;4;3;4;4;12;6
98;0;5;1;6;3;2;3;0;4;3;5;4;5;4;4;3;3;7
99;0;0;2;0;4;2;2;3;0;3;3;3;4;3;2;3;3;2
100 e oltre;0;0;0;2;1;4;4;5;5;1;1;1;3;5;3;2;2;4
Totale;27512;27480;27393;27396;27363;27363;27370;27347;27344;27286;27231;27185;27054;27052;26861;26806;26682;26355
Età/Anno;2002;2003;2004;2005;2006;2007;2008;2009;2010;2011;2012;2013;2014;2015;2016;2017;2018;2019
Età;Maschi
0;156;157;148;131;150;123;144;141;119;114;121;138;115;95;119;121;114;91
1;149;155;152;148;131;149;127;143;139;116;112;123;138;119;93;123;120;114
2;175;147;152;153;149;132;147;126;148;138;115;108;120;144;121;94;117;118
3;171;171;145;153;153;148;136;153;126;148;138;114;109;118;140;119;96;116
4;166;169;169;144;153;151;149;138;152;129;148;138;117;110;115;138;119;94
5;171;166;168;169;144;149;151;147;139;151;126;149;140;118;110;115;137;119
6;168;172;166;170;170;142;149;154;150;140;149;126;149;139;118;110;116;138
7;176;171;171;166;175;168;140;143;154;152;140;147;123;149;139;118;108;115
8;168;173;168;170;163;173;167;141;148;155;153;141;146;123;146;141;117;108
9;196;165;172;166;169;164;174;164;141;146;153;154;142;147;123;152;144;116
10;218;193;164;173;169;169;163;174;164;141;147;151;153;142;148;125;154;144
11;182;214;190;164;174;173;167;166;178;165;140;145;151;153;143;150;126;151
12;188;183;211;190;165;178;171;169;164;182;166;140;144;153;154;143;152;124
13;216;185;180;210;189;167;177;172;169;166;180;168;143;145;151;152;143;147
14;184;214;187;177;208;187;168;176;177;170;167;179;167;141;145;151;152;140
15;198;183;215;184;179;208;185;170;181;177;170;168;178;167;141;146;151;149
16;199;198;183;215;180;179;205;184;172;181;177;170;171;178;168;140;146;151
17;190;197;198;182;214;179;177;203;188;173;181;178;172;171;172;164;141;143
18;201;191;197;195;181;214;178;176;204;190;175;182;177;169;168;173;166;141
19;242;198;193;196;196;181;216;179;177;205;188;173;184;179;169;168;172;164
20;197;240;196;193;194;191;181;216;182;180;205;187;172;183;175;168;165;173
21;231;191;243;197;190;193;189;180;218;180;178;203;188;172;181;169;167;165
22;214;225;187;242;194;191;193;193;184;218;178;179;202;189;169;179;169;166
23;245;214;222;186;237;190;192;190;191;179;217;179;181;205;188;167;178;166
24;230;242;216;218;184;235;187;188;191;193;179;215;176;183;196;181;166;174
25;218;230;241;210;205;183;234;187;186;189;193;178;210;174;185;194;179;164
26;240;215;230;237;204;201;181;234;177;179;194;189;178;215;170;181;191;174
27;207;233;208;236;237;196;193;176;228;178;176;184;184;178;207;164;182;187
28;233;200;230;212;231;228;191;189;175;218;176;172;184;187;172;203;154;179
29;224;230;199;227;201;224;226;188;185;173;215;167;172;187;186;165;198;148
30;230;224;230;195;219;203;223;211;183;182;168;211;164;169;184;180;153;191
31;220;230;214;224;184;215;198;218;208;180;182;163;213;161;161;183;176;148
32;195;218;229;205;219;180;213;193;216;200;183;180;155;211;157;162;179;173
33;232;203;216;224;204;213;187;214;195;214;201;183;175;148;212;158;156;176
34;234;247;206;207;224;207;218;193;221;190;213;204;179;173;146;216;151;158
35;210;239;244;204;206;227;218;219;192;215;188;208;201;176;174;145;213;149
36;227;219;242;240;205;210;225;219;221;186;220;192;211;203;171;175;148;204
37;207;225;220;237;239;208;211;221;217;218;185;216;191;208;201;173;176;143
38;198;203;224;216;235;237;206;212;216;212;223;187;218;194;206;199;172;167
39;180;195;198;226;210;238;232;206;210;214;207;227;186;217;189;201;192;172
40;181;181;196;199;228;214;234;223;204;207;210;204;227;188;216;189;202;188
41;206;187;179;196;200;227;210;233;215;203;204;213;208;227;191;215;193;196
42;201;205;186;181;191;198;225;211;239;212;204;202;212;209;227;193;214;192
43;183;198;204;182;181;191;197;223;211;240;214;203;203;213;208;227;192;213
44;180;187;199;205;183;181;190;200;223;213;238;215;205;199;209;209;228;190
45;176;176;185;202;202;185;183;190;201;225;211;237;215;207;199;212;210;222
46;180;175;174;187;197;197;183;183;192;202;224;211;233;217;203;199;215;211
47;182;178;174;173;185;197;195;185;182;193;199;221;212;231;218;199;196;209
48;188;180;173;172;174;184;197;192;186;181;192;197;224;211;227;218;196;197
49;182;187;180;171;172;176;181;196;190;184;178;193;195;224;212;226;214;195
50;174;181;188;180;168;172;175;177;193;187;183;181;189;198;221;211;220;214
51;196;176;180;188;179;171;172;175;180;192;188;182;180;186;194;219;211;221
52;193;191;176;178;187;178;169;170;174;181;193;190;183;179;186;194;221;211
53;204;191;191;175;176;187;179;168;170;172;184;194;193;183;178;186;194;220
54;185;204;192;193;179;173;185;182;167;167;171;184;191;193;181;177;184;191
55;145;184;202;191;194;180;172;184;180;168;166;167;183;190;193;180;175;185
56;118;147;183;202;189;195;177;172;183;183;166;165;166;183;187;193;179;170
57;103;120;143;180;204;188;195;179;175;183;177;168;166;169;184;184;192;182
58;106;101;119;145;179;199;188;195;179;172;180;176;166;166;167;181;185;190
59;111;105;99;118;145;178;200;188;194;181;172;177;176;163;166;166;178;184
60;110;108;101;98;116;146;175;199;185;194;182;171;174;174;164;164;162;176
61;128;111;108;100;98;114;146;175;200;182;192;179;168;171;171;164;163;162
62;101;126;107;106;100;99;115;144;176;199;180;192;175;168;169;166;160;162
63;127;98;124;110;107;100;100;113;142;175;197;178;189;172;165;170;163;156
64;114;128;97;124;110;106;100;99;115;142;172;194;178;186;170;163;166;160
65;90;113;127;97;124;107;104;96;96;113;138;167;192;176;182;164;160;165
66;124;90;112;123;96;122;106;104;96;94;111;135;162;189;172;179;164;157
67;96;118;84;112;121;96;121;102;101;96;93;109;134;161;188;171;173;159
68;87;96;114;80;112;119;95;119;100;99;94;91;108;133;154;188;167;166
69;105;82;94;112;79;110;116;93;114;102;98;89;88;109;131;152;185;165
70;89;104;77;91;109;79;106;115;93;113;100;96;84;88;107;124;150;179
71;103;86;103;73;89;108;78;104;109;88;107;97;94;83;87;106;120;143
72;82;103;83;102;72;88;102;77;102;107;87;105;91;90;79;86;103;119
73;95;79;99;79;100;69;85;102;74;97;108;86;104;89;87;79;82;99
74;79;92;76;92;76;97;63;84;96;72;92;102;84;100;85;83;78;80
75;77;75;89;74;84;72;94;63;79;90;71;89;101;83;99;82;81;77
76;70;75;68;86;74;81;68;92;61;72;81;68;86;101;81;96;81;77
77;73;63;68;66;76;70;78;62;91;59;71;78;61;83;97;80;90;75
78;87;71;60;62;61;69;65;74;62;86;55;69;74;59;75;94;76;88
79;52;80;66;57;61;54;64;61;68;59;83;55;61;72;58;68;87;72
80;55;48;74;61;53;61;53;61;60;65;57;80;51;59;68;55;63;85
81;46;49;43;68;57;52;54;47;57;59;62;52;76;46;58;65;51;61
82;28;42;46;40;64;51;50;49;42;53;59;56;45;69;45;51;55;47
83;27;26;36;44;34;56;47;45;43;39;49;55;51;41;61;41;50;51
84;16;25;22;32;40;33;53;44;45;42;34;44;49;47;41;58;38;47
85;23;15;22;19;26;35;30;41;39;42;37;28;38;46;43;34;52;31
86;18;22;14;20;17;26;31;27;36;38;37;30;26;29;40;41;31;47
87;28;12;19;11;20;17;21;28;23;30;35;32;25;26;28;31;38;28
88;13;23;10;19;9;16;14;16;20;19;25;32;28;21;21;25;26;35
89;17;11;21;8;13;6;13;8;15;15;18;21;23;23;18;22;21;22
90;13;12;8;16;7;10;5;11;6;15;12;12;17;17;21;15;17;19
91;10;12;10;6;18;6;7;3;8;5;11;11;11;14;11;18;13;12
92;5;6;9;9;6;13;5;5;3;6;3;7;7;9;12;8;13;9
93;7;2;5;8;8;3;12;4;6;2;3;3;6;7;7;8;8;10
94;3;4;1;2;7;4;2;9;1;5;2;2;2;5;6;8;7;8
95;2;2;3;1;2;4;3;2;7;1;4;2;1;1;5;5;5;7
96;2;1;2;2;0;2;0;3;3;4;1;3;2;1;0;4;5;2
97;3;1;1;1;2;0;2;1;1;2;1;1;3;1;1;0;3;2
98;0;2;1;0;1;2;0;0;1;1;2;1;1;2;1;0;0;3
99;0;0;1;0;0;1;2;0;0;0;1;1;0;1;0;0;0;0
100 e oltre;0;0;0;1;0;0;1;2;0;0;0;1;1;1;1;1;1;1
Totale;13685;13692;13652;13622;13596;13579;13582;13576;13600;13565;13546;13520;13477;13482;13389;13353;13263;13105
Età/Anno;2002;2003;2004;2005;2006;2007;2008;2009;2010;2011;2012;2013;2014;2015;2016;2017;2018;2019
Età;Femmine
0;156;154;105;147;124;123;126;112;102;111;120;126;115;93;111;126;88;90
1;169;157;154;104;146;126;123;128;111;101;114;121;128;117;91;107;126;91
2;161;167;156;154;104;144;125;124;126;112;99;113;117;130;113;96;109;129
3;159;160;166;159;153;106;144;125;127;124;111;99;110;119;130;112;99;109
4;144;161;164;163;158;156;105;145;122;127;126;110;99;111;119;130;114;101
5;160;140;161;164;163;158;152;105;145;121;128;131;107;98;109;120;133;113
6;154;161;140;164;165;161;160;153;102;145;122;129;133;105;99;109;119;131
7;161;154;158;139;164;168;160;162;150;101;145;121;128;132;102;101;110;117
8;174;159;156;157;138;162;169;161;162;150;103;145;123;130;129;102;104;106
9;213;175;160;155;156;140;160;170;160;163;150;104;145;123;130;132;103;100
10;191;213;178;160;154;154;141;160;167;158;164;152;105;143;124;131;133;103
11;181;189;210;175;161;155;153;141;162;166;157;161;153;109;143;121;133;129
12;188;185;189;214;175;162;153;154;143;159;165;157;160;153;111;144;120;129
13;195;190;184;191;215;175;161;152;156;145;159;164;155;161;153;112;143;121
14;179;192;190;184;192;216;176;164;152;151;146;160;162;157;161;153;110;139
15;168;178;191;188;184;192;216;176;165;151;152;146;159;161;159;158;154;108
16;164;166;178;190;187;183;193;218;178;169;151;151;144;161;159;160;160;152
17;186;165;168;180;191;187;183;192;220;179;170;152;150;146;161;159;163;157
18;173;184;165;164;181;193;188;183;198;221;179;168;149;150;145;163;156;162
19;221;168;181;169;163;181;191;185;182;195;221;180;166;150;151;146;161;154
20;199;220;163;180;168;165;182;191;182;185;193;219;178;166;149;154;143;159
21;200;197;220;164;176;166;170;185;195;181;182;190;223;175;168;146;152;144
22;209;194;199;223;161;173;167;167;187;197;182;178;186;224;171;168;148;151
23;214;209;195;195;223;159;174;164;168;188;197;182;176;185;222;169;162;148
24;203;211;210;194;193;224;160;172;166;167;192;194;183;174;182;218;168;161
25;246;203;206;207;193;194;218;157;171;165;169;184;192;179;172;179;211;170
26;193;237;196;211;203;193;192;204;155;175;164;163;178;191;173;166;177;207
27;244;194;231;192;213;197;191;187;201;155;171;156;158;177;185;168;162;175
28;234;244;192;228;191;210;202;184;177;196;151;166;150;157;180;185;164;155
29;200;230;237;188;231;193;208;197;181;181;192;147;166;146;153;174;183;156
30;207;196;224;233;186;234;193;209;192;180;179;190;147;163;143;152;172;174
31;211;212;191;227;226;181;235;189;206;192;174;178;183;151;163;142;151;167
32;224;213;209;192;223;225;192;229;190;200;190;171;180;188;147;158;138;146
33;245;218;204;207;193;224;228;186;221;189;194;195;168;176;181;147;165;138
34;216;245;214;200;207;195;224;229;187;212;193;196;196;168;173;177;143;164
35;219;216;243;212;198;207;194;226;227;183;204;192;191;194;168;172;177;140
36;198;217;216;241;208;201;207;190;228;225;179;206;191;195;186;162;167;171
37;208;198;217;212;240;207;196;207;191;225;221;182;204;193;194;184;164;159
38;255;206;197;217;208;240;203;197;202;194;226;223;179;201;190;192;185;165
39;206;253;204;196;212;212;234;199;193;204;191;225;222;176;201;194;195;181
40;224;205;247;203;198;209;213;230;199;191;205;186;220;223;176;201;195;195
41;181;221;203;248;205;205;208;213;235;199;188;205;186;219;221;175;202;189
42;176;175;225;201;245;206;205;211;214;232;198;187;202;184;222;218;175;204
43;187;174;175;228;197;248;205;205;209;215;232;196;186;201;182;221;218;173
44;175;185;173;173;229;194;250;205;203;209;215;235;199;183;199;184;228;212
45;173;173;182;173;172;227;193;246;205;202;210;215;230;199;186;197;186;224
46;182;172;173;181;173;171;226;194;247;205;203;212;217;227;199;185;192;180
47;180;179;172;171;183;172;171;223;198;249;206;205;210;215;228;199;182;190
48;168;179;181;175;173;183;174;170;223;198;249;204;202;211;213;231;199;183
49;173;167;179;179;173;172;183;175;171;220;199;246;202;201;209;215;231;199
50;171;173;168;179;179;173;169;184;178;169;221;198;248;200;197;210;219;228
51;188;173;174;167;178;178;174;167;184;177;168;222;198;248;200;196;211;215
52;175;185;170;171;169;176;178;173;166;182;175;168;222;200;244;199;197;209
53;203;174;182;168;172;171;176;180;175;166;181;174;168;220;200;241;201;193
54;155;201;173;181;170;170;171;182;180;174;167;177;173;170;222;198;237;201
55;144;154;201;174;179;171;168;174;179;180;174;164;175;174;170;221;196;235
56;135;146;153;201;176;178;172;168;174;177;179;175;166;175;174;171;221;194
57;91;132;145;153;201;173;177;174;168;175;176;178;173;166;174;174;170;218
58;131;90;130;145;152;199;172;176;171;165;174;177;180;174;165;173;174;171
59;112;130;90;129;145;151;199;171;177;174;165;173;176;181;174;161;172;172
60;106;111;131;86;130;145;150;200;172;174;175;168;174;174;179;175;162;166
61;134;107;115;131;87;130;146;150;197;173;173;177;164;174;174;178;174;161
62;104;134;104;115;129;86;128;147;148;195;168;174;175;164;170;173;176;171
63;124;105;133;103;114;127;86;125;147;150;194;168;173;176;163;167;169;173
64;110;120;103;131;100;111;127;89;122;147;149;192;165;172;174;161;165;166
65;90;110;121;101;127;100;109;127;87;121;144;146;190;165;170;172;162;164
66;134;87;111;121;102;127;100;109;127;84;119;140;142;189;163;169;171;162
67;129;135;87;109;121;101;126;101;112;128;84;117;138;139;186;164;167;168
68;102;129;133;84;109;118;100;123;102;111;126;83;116;137;138;182;163;162
69;130;102;126;131;82;108;117;100;121;102;107;125;80;114;132;137;181;160
70;130;127;101;126;129;83;105;115;100;122;100;106;123;78;107;131;136;180
71;114;128;123;101;124;126;83;106;111;101;118;96;101;121;74;105;130;133
72;99;110;127;122;99;122;124;81;105;108;101;115;94;100;119;74;106;128
73;99;98;108;124;118;98;121;124;81;103;104;98;112;94;98;119;72;105
74;108;94;95;104;120;116;96;120;120;77;102;102;95;108;92;96;118;71
75;99;108;91;91;101;115;113;95;120;120;77;102;98;95;105;91;92;119
76;92;97;105;89;87;95;110;109;89;118;120;75;101;100;96;98;87;90
77;91;85;91;100;88;87;93;104;109;86;115;118;74;99;98;92;94;86
78;84;84;82;89;96;83;86;88;100;108;85;114;112;71;94;92;90;91
79;66;80;81;82;87;93;80;82;84;97;105;83;111;107;70;88;90;86
80;78;63;82;78;79;82;90;82;80;82;92;101;82;107;106;68;83;87
81;81;72;63;79;71;76;74;86;80;78;77;87;96;80;98;103;66;82
82;47;76;69;63;81;65;72;71;85;76;72;73;82;89;76;96;101;61
83;41;41;70;67;59;80;58;66;66;79;74;70;67;81;86;76;92;95
84;27;37;39;68;61;55;69;54;61;63;75;70;64;62;78;82;71;89
85;39;23;37;39;62;56;51;61;50;52;58;69;63;57;58;72;77;64
86;37;36;19;34;38;56;52;49;56;45;48;52;66;58;53;56;64;72
87;41;31;33;20;31;35;50;50;40;51;41;42;49;63;52;49;52;61
88;29;34;31;30;19;31;29;44;40;31;45;34;35;45;57;51;46;45
89;29;26;28;21;25;18;27;24;39;33;26;40;30;32;34;50;48;36
90;20;19;23;21;17;20;16;22;22;35;23;23;31;28;23;29;42;43
91;21;16;15;16;17;14;13;12;19;17;27;19;16;27;23;21;24;37
92;15;15;14;14;13;11;12;10;9;16;14;24;18;15;22;20;19;20
93;9;9;13;14;14;10;6;8;7;8;10;13;18;15;13;19;16;16
94;5;7;4;11;13;13;11;7;5;5;8;6;8;13;9;11;14;13
95;7;3;6;4;9;11;9;9;5;6;3;7;5;9;10;6;5;12
96;1;6;2;6;4;3;10;7;9;5;5;3;6;3;6;10;7;5
97;3;1;6;2;1;3;0;8;3;6;4;4;1;2;3;4;9;4
98;0;3;0;6;2;0;3;0;3;2;3;3;4;2;3;3;3;4
99;0;0;1;0;4;1;0;3;0;3;2;2;4;2;2;3;3;2
100 e oltre;0;0;0;1;1;4;3;3;5;1;1;0;2;4;2;1;1;3
Totale;13827;13788;13741;13774;13767;13784;13788;13771;13744;13721;13685;13665;13577;13570;13472;13453;13419;13250

"Ricostruzione della popolazione intercensuaria - Popolazione al 1° gennaio per età"
"Cittadinanza italiana - Comune: Terlizzi"
Età/Anno;2002;2003;2004;2005;2006;2007;2008;2009;2010;2011;2012;2013;2014;2015;2016;2017;2018;2019
Età;Totale
0;311;308;250;271;267;246;258;245;212;219;233;253;220;183;219;239;194;174
1;312;311;299;248;269;267;245;259;243;208;222;234;252;221;179;220;238;196
2;331;309;306;299;249;269;266;244;263;242;205;216;227;260;222;184;216;238
3;327;327;308;308;298;250;272;271;246;258;242;203;215;226;259;223;188;216
4;303;327;327;304;307;298;251;276;268;247;260;242;205;216;224;258;223;189
5;326;301;325;325;303;303;296;250;276;267;244;262;241;205;215;226;257;223
6;317;329;298;328;325;301;305;300;249;278;266;245;264;238;209;215;229;258
7;335;321;325;299;333;327;298;301;298;250;278;263;243;262;237;210;215;226
8;335;332;317;323;296;328;329;299;304;299;252;278;264;245;260;239;212;211
9;403;335;332;314;322;299;328;326;297;303;297;253;278;264;246;268;243;209
10;404;402;336;332;316;320;299;327;323;294;304;297;253;275;267;249;270;243
11;359;401;397;333;334;321;318;301;329;323;292;299;299;255;278;265;252;265
12;367;361;399;400;335;339;317;319;299;330;323;291;298;301;260;279;265;249
13;405;365;356;399;399;335;337;315;318;303;329;324;291;300;299;259;278;263
14;363;401;367;354;399;397;337;337;316;312;305;328;321;291;302;299;257;276
15;365;361;402;364;356;397;395;339;341;315;312;306;328;321;295;300;299;253
16;357;362;361;401;358;354;395;395;341;342;315;311;308;329;322;296;301;297
17;374;357;364;361;401;357;352;390;398;343;343;317;312;310;324;317;300;296
18;371;373;357;358;360;402;357;351;393;402;344;343;316;309;309;325;317;300
19;460;363;372;361;359;359;401;353;352;392;401;347;342;317;311;310;323;313
20;392;455;356;368;358;355;359;398;352;357;391;398;344;342;313;312;304;320
21;431;386;456;355;361;354;355;360;404;349;350;387;403;341;342;305;308;304
22;420;419;384;458;351;361;352;355;365;405;347;346;382;405;334;340;306;305
23;453;419;415;381;456;347;360;345;352;360;402;348;342;381;403;328;334;304
24;427;448;420;408;376;456;345;352;344;353;360;394;346;337;369;393;326;326
25;460;427;442;411;395;376;448;342;350;338;355;350;386;339;337;365;384;326
26;429;449;414;442;400;392;372;432;329;344;336;345;343;388;328;329;361;375
27;445;420;429;412;441;387;381;362;423;329;333;317;334;341;377;319;327;355
28;457;436;411;431;408;431;385;369;351;404;319;323;308;331;341;373;307;315
29;420;450;424;404;422;402;427;377;360;350;396;307;319;309;329;328;368;293
30;428;417;435;415;396;427;402;411;366;352;343;391;299;314;303;323;317;352
31;426;432;396;433;400;387;425;390;404;365;343;333;386;297;309;302;317;306
32;415;425;421;388;425;396;395;413;387;388;367;335;325;385;294;305;301;310
33;469;416;414;415;389;420;403;391;404;385;384;371;326;313;379;294;303;297
34;444;484;413;399;415;395;427;408;393;391;389;386;368;323;308;381;282;306
35;423;446;477;411;400;419;406;428;407;385;384;385;377;360;324;307;379;276
36;418;429;445;471;409;405;420;403;430;399;385;389;386;378;350;322;302;370
37;405;418;428;438;468;412;401;415;400;425;394;384;385;384;375;350;324;289
38;446;403;417;423;433;468;404;401;406;396;432;397;384;385;382;373;350;321
39;376;444;394;418;413;439;456;400;396;405;390;434;395;381;381;380;371;347
40;402;378;436;392;421;415;433;443;396;393;401;383;431;399;381;379;382;367
41;379;404;373;438;393;427;409;430;436;394;387;402;386;430;403;381;384;373
42;372;375;403;371;434;391;424;411;433;432;394;383;397;387;436;402;379;384
43;366;368;370;401;369;436;389;421;410;435;434;392;383;398;386;436;401;375
44;352;369;365;369;404;367;437;391;420;410;433;439;395;375;396;387;442;394
45;344;346;364;366;364;404;369;431;391;416;410;432;434;392;378;398;388;433
46;360;343;343;364;364;359;402;367;432;392;416;411;429;434;392;378;397;385
47;360;355;342;340;365;365;358;400;369;435;391;413;409;425;436;389;373;390
48;355;355;352;341;341;364;367;354;400;369;434;385;412;408;422;439;388;375
49;353;352;353;348;338;341;361;366;353;396;367;433;382;410;408;424;435;387
50;342;352;352;354;345;338;338;358;364;348;396;370;429;384;404;408;423;432
51;382;346;352;350;353;346;340;337;359;362;348;397;369;425;383;402;409;418
52;366;375;343;347;351;351;344;337;334;358;361;350;397;370;421;383;406;407
53;405;364;371;341;346;353;352;343;339;332;359;362;352;396;368;419;384;403
54;339;403;364;372;347;341;351;359;342;335;332;355;358;356;396;366;415;383
55;289;337;400;364;371;349;339;352;354;343;334;326;353;358;357;394;363;414
56;253;293;335;399;364;372;347;340;351;356;340;333;328;353;355;358;393;356
57;194;252;287;332;401;360;371;350;342;352;350;341;333;331;353;353;356;396
58;237;191;249;289;330;394;359;370;348;336;348;350;341;334;329;349;354;354
59;222;235;189;247;289;328;395;358;370;351;336;345;348;339;334;324;346;351
60;214;218;232;184;246;290;324;395;353;366;353;337;342;343;339;333;320;339
61;259;216;220;231;184;244;291;323;393;351;363;352;330;339;339;338;332;319
62;205;257;209;218;229;184;242;290;322;392;345;363;347;330;335;334;332;329
63;251;203;254;211;219;227;185;237;287;323;389;343;359;344;327;333;327;325
64;222;248;200;252;208;215;227;187;236;287;319;384;340;356;341;323;328;322
65;179;221;248;197;248;205;211;223;182;233;280;312;380;338;349;333;321;328
66;258;174;221;244;198;246;204;211;223;177;229;273;303;376;333;344;332;318
67;225;253;168;219;242;197;243;201;211;224;176;225;270;299;372;333;337;325
68;188;225;247;164;220;237;195;237;199;208;220;173;223;269;290;368;328;325
69;235;183;220;243;161;217;233;193;230;201;203;214;167;222;262;288;364;323
70;219;231;176;217;237;162;210;230;193;230;197;200;207;165;213;254;285;357
71;217;214;226;171;213;233;161;209;220;189;221;190;193;204;160;210;249;275
72;181;213;210;224;169;210;225;158;206;215;188;217;182;188;198;159;209;246
73;194;177;206;203;217;165;206;225;155;199;211;184;213;180;184;198;154;204
74;187;186;171;195;196;212;158;204;215;149;193;203;179;205;175;178;196;151
75;176;183;180;164;184;187;207;156;199;209;148;190;198;178;201;171;172;196
76;161;172;173;175;161;175;178;201;148;190;200;143;186;200;177;191;167;166
77;164;148;159;166;164;157;170;166;200;143;186;195;135;181;195;172;182;160
78;171;155;142;150;157;152;151;162;162;194;138;183;185;130;168;186;166;177
79;117;160;147;139;147;147;144;143;152;156;188;136;172;178;128;155;177;158
80;133;110;156;139;132;142;143;143;140;147;149;181;132;166;173;123;146;172
81;126;121;105;147;128;128;128;133;137;137;139;139;172;125;156;167;117;143
82;75;117;115;102;145;116;122;120;127;129;131;129;127;158;120;147;155;108
83;68;67;106;111;93;136;105;111;109;118;123;125;118;122;147;116;142;145
84;43;62;61;99;101;88;122;98;106;105;109;114;113;109;119;140;108;136
85;62;38;59;58;88;91;81;102;89;94;95;97;101;103;101;106;129;94
86;55;58;33;54;55;82;83;76;92;83;85;82;92;87;93;97;95;119
87;69;43;52;31;51;52;71;78;63;81;76;74;74;89;80;80;90;89
88;42;57;41;49;28;47;43;60;60;50;70;66;63;66;78;76;72;80
89;46;37;49;29;38;24;40;32;54;48;44;61;53;55;52;72;69;58
90;33;31;31;37;24;30;21;33;28;50;35;35;48;45;44;44;59;62
91;31;28;25;22;35;20;20;15;27;22;38;30;27;41;34;39;37;49
92;20;21;23;23;19;24;17;15;12;22;17;31;25;24;34;28;32;29
93;16;11;18;22;22;13;18;12;13;10;13;16;24;22;20;27;24;26
94;8;11;5;13;20;17;13;16;6;10;10;8;10;18;15;19;21;21
95;9;5;9;5;11;15;12;11;12;7;7;9;6;10;15;11;10;19
96;3;7;4;8;4;5;10;10;12;9;6;6;8;4;6;14;12;7
97;6;2;7;3;3;3;2;9;4;8;5;5;4;3;4;4;12;6
98;0;5;1;6;3;2;3;0;4;3;5;4;5;4;4;3;3;7
99;0;0;2;0;4;2;2;3;0;3;3;3;4;3;2;3;3;2
100 e oltre;0;0;0;2;1;4;4;5;5;1;1;1;3;5;3;2;2;4
Totale;27249;27230;27043;27015;26997;27002;26989;26901;26818;26725;26646;26567;26401;26350;26239;26198;26082;25788
Età/Anno;2002;2003;2004;2005;2006;2007;2008;2009;2010;2011;2012;2013;2014;2015;2016;2017;2018;2019
Età;Maschi
0;156;154;146;127;145;123;138;137;116;111;116;129;109;90;111;114;111;88
1;148;155;148;145;128;144;123;137;135;113;110;117;128;111;88;116;113;110
2;174;147;152;149;146;130;143;121;143;133;112;105;115;134;113;89;110;112
3;170;170;145;153;149;145;134;148;120;142;134;110;106;114;132;115;90;110
4;162;168;169;144;153;147;147;136;147;121;142;135;112;106;111;131;114;89
5;169;162;167;169;144;149;147;146;136;146;118;142;137;114;107;111;128;115
6;166;170;159;169;169;142;149;150;148;138;144;118;142;136;116;107;114;130
7;175;169;169;160;174;167;140;143;150;149;138;142;117;141;136;116;106;113
8;165;173;166;168;158;172;167;140;146;151;150;138;141;117;139;137;116;106
9;191;164;172;164;167;159;173;164;140;144;149;151;138;141;118;144;140;114
10;215;190;163;172;166;167;158;172;164;139;145;147;151;138;143;120;145;140
11;180;212;189;163;174;170;166;160;174;165;138;143;148;151;140;144;121;143
12;184;181;210;189;165;178;168;166;158;177;166;137;143;150;152;139;145;121
13;213;181;177;209;187;165;177;168;165;160;176;168;139;144;148;150;139;142
14;184;211;183;175;207;185;166;175;170;165;161;175;167;137;144;148;150;139
15;198;183;212;182;177;206;183;167;178;170;165;162;175;167;138;145;148;148
16;196;197;183;212;177;176;203;182;167;178;171;165;166;175;168;139;145;148
17;190;195;197;181;212;176;174;200;183;168;178;172;167;166;169;163;140;142
18;199;191;195;195;180;211;176;174;200;185;169;179;173;164;166;168;164;140
19;240;196;193;195;196;180;212;176;175;200;184;169;180;174;164;166;167;162
20;194;238;193;191;193;191;180;211;177;177;200;184;169;180;170;163;163;167
21;231;189;239;193;188;193;188;179;213;176;173;198;184;169;179;165;161;163
22;213;225;186;237;192;190;192;191;182;212;173;173;196;185;165;177;165;159
23;242;212;220;186;235;190;189;188;189;176;210;174;172;197;185;161;177;162
24;225;240;214;214;184;235;187;184;186;190;174;206;170;171;189;179;160;171
25;216;225;240;208;202;183;233;186;182;183;192;171;199;165;173;187;176;158
26;236;214;219;235;202;200;181;232;176;176;184;188;170;201;158;171;187;172
27;206;228;203;222;235;195;192;176;226;176;171;172;182;168;197;155;174;183
28;229;198;222;208;220;228;189;187;175;215;173;166;170;180;166;194;148;169
29;223;226;194;220;197;214;226;185;180;173;210;164;163;174;180;158;191;141
30;223;223;218;189;214;199;215;211;179;176;167;206;157;161;169;176;150;184
31;219;223;210;213;180;211;195;209;207;177;173;160;208;153;156;170;172;144
32;194;218;217;201;209;177;210;190;207;198;179;168;151;204;151;157;169;169
33;227;200;214;211;201;203;182;212;190;203;198;180;162;143;206;152;152;165
34;232;241;201;204;213;205;210;187;216;186;202;199;176;159;142;211;144;154
35;206;235;236;201;205;218;216;210;188;212;184;198;194;171;159;141;209;143
36;223;214;235;232;203;208;217;216;211;183;215;186;200;193;166;162;143;201
37;201;224;214;232;231;206;208;213;213;208;182;210;184;196;190;168;162;138
38;196;199;223;209;230;230;203;208;209;209;213;184;212;187;196;190;167;158
39;175;195;192;225;203;232;225;203;205;207;205;216;184;212;183;193;185;169
40;179;178;192;190;226;207;226;216;200;203;203;203;218;186;211;183;194;180
41;202;185;175;192;190;225;203;224;209;198;199;204;206;217;189;212;186;189
42;198;201;183;175;189;188;223;203;226;208;200;196;202;207;219;191;210;185
43;183;196;197;179;175;189;188;220;203;227;210;198;197;203;206;220;190;209
44;177;187;194;198;181;176;189;191;221;205;225;210;199;192;201;206;220;188
45;172;173;185;195;194;183;179;188;191;220;204;224;210;200;193;204;207;215
46;179;172;171;186;192;190;182;177;189;192;219;204;221;212;198;193;206;209
47;181;176;171;170;185;193;190;183;177;190;190;216;204;219;214;195;191;201
48;187;178;172;169;170;184;193;187;183;177;189;187;217;203;218;214;193;192
49;182;186;177;170;168;171;181;192;185;182;174;190;185;215;205;218;210;192
50;172;181;186;178;167;168;170;177;189;182;181;177;186;188;213;204;213;210
51;195;173;180;185;177;169;169;171;180;188;183;181;177;183;186;212;204;212
52;191;191;173;178;184;176;167;168;169;180;189;185;182;176;183;187;214;203
53;203;190;190;173;176;184;177;166;168;167;182;190;187;182;175;183;186;214
54;185;203;191;192;177;173;182;179;165;165;166;182;187;189;180;174;182;185
55;145;184;200;190;193;178;172;181;177;166;164;163;181;186;190;180;172;183
56;118;147;183;199;188;194;175;172;180;180;164;162;163;181;184;190;179;167
57;103;120;143;180;201;187;194;177;174;180;175;166;163;166;182;182;189;182
58;106;101;119;145;179;196;187;194;177;171;177;174;165;163;165;179;183;188
59;111;105;99;118;145;178;197;187;193;179;171;175;173;162;163;164;176;182
60;109;108;101;98;116;146;175;196;184;192;180;170;172;171;163;161;160;175
61;127;110;107;100;98;114;146;174;197;181;190;177;167;169;168;163;160;160
62;101;125;106;105;100;99;114;144;175;198;179;190;174;167;167;164;159;159
63;127;98;123;109;106;100;100;112;141;174;196;177;187;171;164;168;161;155
64;112;128;97;123;109;105;100;99;114;141;171;193;177;185;169;162;165;158
65;90;111;127;96;123;106;103;96;96;112;137;167;191;175;181;163;159;165
66;124;89;110;123;96;121;105;103;96;94;110;134;162;188;172;178;163;156
67;96;118;83;110;121;96;120;101;100;96;93;108;133;161;187;171;172;159
68;86;96;114;80;111;119;95;118;99;98;94;91;107;133;153;187;167;165
69;105;81;94;112;79;109;116;93;113;101;97;89;88;108;131;151;184;165
70;89;104;76;91;109;79;105;115;93;112;99;95;84;88;106;124;149;178
71;103;86;103;71;89;108;78;103;109;88;107;96;93;83;87;105;120;142
72;82;103;83;102;70;88;102;77;101;107;87;105;90;89;79;86;103;119
73;95;79;98;79;99;67;85;102;74;96;108;86;104;88;86;79;82;99
74;79;92;76;91;76;96;62;84;96;72;91;102;84;100;84;82;78;80
75;77;75;89;73;83;72;94;61;79;90;71;88;101;83;99;81;80;77
76;69;75;68;86;74;80;68;92;59;72;81;68;85;101;81;96;81;76
77;73;63;68;66;76;70;77;62;91;57;71;78;61;82;97;80;90;75
78;87;71;60;61;61;69;65;74;62;86;53;69;74;59;74;94;76;88
79;52;80;66;57;60;54;64;61;68;59;83;53;61;72;58;67;87;72
80;55;48;74;61;53;60;53;61;60;65;57;80;50;59;68;55;63;85
81;45;49;43;68;57;52;54;47;57;59;62;52;76;45;58;65;51;61
82;28;41;46;40;64;51;50;49;42;53;59;56;45;69;44;51;55;47
83;27;26;36;44;34;56;47;45;43;39;49;55;51;41;61;40;50;51
84;16;25;22;31;40;33;53;44;45;42;34;44;49;47;41;58;37;47
85;23;15;22;19;26;35;30;41;39;42;37;28;38;46;43;34;52;30
86;18;22;14;20;17;26;31;27;36;38;37;30;26;29;40;41;31;47
87;28;12;19;11;20;17;21;28;23;30;35;32;25;26;28;31;38;28
88;13;23;10;19;9;16;14;16;20;19;25;32;28;21;21;25;26;35
89;17;11;21;8;13;6;13;8;15;15;18;21;23;23;18;22;21;22
90;13;12;8;16;7;10;5;11;6;15;12;12;17;17;21;15;17;19
91;10;12;10;6;18;6;7;3;8;5;11;11;11;14;11;18;13;12
92;5;6;9;9;6;13;5;5;3;6;3;7;7;9;12;8;13;9
93;7;2;5;8;8;3;12;4;6;2;3;3;6;7;7;8;8;10
94;3;4;1;2;7;4;2;9;1;5;2;2;2;5;6;8;7;8
95;2;2;3;1;2;4;3;2;7;1;4;2;1;1;5;5;5;7
96;2;1;2;2;0;2;0;3;3;4;1;3;2;1;0;4;5;2
97;3;1;1;1;2;0;2;1;1;2;1;1;3;1;1;0;3;2
98;0;2;1;0;1;2;0;0;1;1;2;1;1;2;1;0;0;3
99;0;0;1;0;0;1;2;0;0;0;1;1;0;1;0;0;0;0
100 e oltre;0;0;0;1;0;0;1;2;0;0;0;1;1;1;1;1;1;1
Totale;13553;13569;13463;13414;13408;13404;13405;13366;13345;13297;13260;13204;13137;13107;13051;13034;12958;12817
Età/Anno;2002;2003;2004;2005;2006;2007;2008;2009;2010;2011;2012;2013;2014;2015;2016;2017;2018;2019
Età;Femmine
0;155;154;104;144;122;123;120;108;96;108;117;124;111;93;108;125;83;86
1;164;156;151;103;141;123;122;122;108;95;112;117;124;110;91;104;125;86
2;157;162;154;150;103;139;123;123;120;109;93;111;112;126;109;95;106;126
3;157;157;163;155;149;105;138;123;126;116;108;93;109;112;127;108;98;106
4;141;159;158;160;154;151;104;140;121;126;118;107;93;110;113;127;109;100
5;157;139;158;156;159;154;149;104;140;121;126;120;104;91;108;115;129;108
6;151;159;139;159;156;159;156;150;101;140;122;127;122;102;93;108;115;128
7;160;152;156;139;159;160;158;158;148;101;140;121;126;121;101;94;109;113
8;170;159;151;155;138;156;162;159;158;148;102;140;123;128;121;102;96;105
9;212;171;160;150;155;140;155;162;157;159;148;102;140;123;128;124;103;95
10;189;212;173;160;150;153;141;155;159;155;159;150;102;137;124;129;125;103
11;179;189;208;170;160;151;152;141;155;158;154;156;151;104;138;121;131;122
12;183;180;189;211;170;161;149;153;141;153;157;154;155;151;108;140;120;128
13;192;184;179;190;212;170;160;147;153;143;153;156;152;156;151;109;139;121
14;179;190;184;179;192;212;171;162;146;147;144;153;154;154;158;151;107;137
15;167;178;190;182;179;191;212;172;163;145;147;144;153;154;157;155;151;105
16;161;165;178;189;181;178;192;213;174;164;144;146;142;154;154;157;156;149
17;184;162;167;180;189;181;178;190;215;175;165;145;145;144;155;154;160;154
18;172;182;162;163;180;191;181;177;193;217;175;164;143;145;143;157;153;160
19;220;167;179;166;163;179;189;177;177;192;217;178;162;143;147;144;156;151
20;198;217;163;177;165;164;179;187;175;180;191;214;175;162;143;149;141;153
21;200;197;217;162;173;161;167;181;191;173;177;189;219;172;163;140;147;141
22;207;194;198;221;159;171;160;164;183;193;174;173;186;220;169;163;141;146
23;211;207;195;195;221;157;171;157;163;184;192;174;170;184;218;167;157;142
24;202;208;206;194;192;221;158;168;158;163;186;188;176;166;180;214;166;155
25;244;202;202;203;193;193;215;156;168;155;163;179;187;174;164;178;208;168
26;193;235;195;207;198;192;191;200;153;168;152;157;173;187;170;158;174;203
27;239;192;226;190;206;192;189;186;197;153;162;145;152;173;180;164;153;172
28;228;238;189;223;188;203;196;182;176;189;146;157;138;151;175;179;159;146
29;197;224;230;184;225;188;201;192;180;177;186;143;156;135;149;170;177;152
30;205;194;217;226;182;228;187;200;187;176;176;185;142;153;134;147;167;168
31;207;209;186;220;220;176;230;181;197;188;170;173;178;144;153;132;145;162
32;221;207;204;187;216;219;185;223;180;190;188;167;174;181;143;148;132;141
33;242;216;200;204;188;217;221;179;214;182;186;191;164;170;173;142;151;132
34;212;243;212;195;202;190;217;221;177;205;187;187;192;164;166;170;138;152
35;217;211;241;210;195;201;190;218;219;173;200;187;183;189;165;166;170;133
36;195;215;210;239;206;197;203;187;219;216;170;203;186;185;184;160;159;169
37;204;194;214;206;237;206;193;202;187;217;212;174;201;188;185;182;162;151
38;250;204;194;214;203;238;201;193;197;187;219;213;172;198;186;183;183;163
39;201;249;202;193;210;207;231;197;191;198;185;218;211;169;198;187;186;178
40;223;200;244;202;195;208;207;227;196;190;198;180;213;213;170;196;188;187
41;177;219;198;246;203;202;206;206;227;196;188;198;180;213;214;169;198;184
42;174;174;220;196;245;203;201;208;207;224;194;187;195;180;217;211;169;199
43;183;172;173;222;194;247;201;201;207;208;224;194;186;195;180;216;211;166
44;175;182;171;171;223;191;248;200;199;205;208;229;196;183;195;181;222;206
45;172;173;179;171;170;221;190;243;200;196;206;208;224;192;185;194;181;218
46;181;171;172;178;172;169;220;190;243;200;197;207;208;222;194;185;191;176
47;179;179;171;170;180;172;168;217;192;245;201;197;205;206;222;194;182;189
48;168;177;180;172;171;180;174;167;217;192;245;198;195;205;204;225;195;183
49;171;166;176;178;170;170;180;174;168;214;193;243;197;195;203;206;225;195
50;170;171;166;176;178;170;168;181;175;166;215;193;243;196;191;204;210;222
51;187;173;172;165;176;177;171;166;179;174;165;216;192;242;197;190;205;206
52;175;184;170;169;167;175;177;169;165;178;172;165;215;194;238;196;192;204
53;202;174;181;168;170;169;175;177;171;165;177;172;165;214;193;236;198;189
54;154;200;173;180;170;168;169;180;177;170;166;173;171;167;216;192;233;198
55;144;153;200;174;178;171;167;171;177;177;170;163;172;172;167;214;191;231
56;135;146;152;200;176;178;172;168;171;176;176;171;165;172;171;168;214;189
57;91;132;144;152;200;173;177;173;168;172;175;175;170;165;171;171;167;214
58;131;90;130;144;151;198;172;176;171;165;171;176;176;171;164;170;171;166
59;111;130;90;129;144;150;198;171;177;172;165;170;175;177;171;160;170;169
60;105;110;131;86;130;144;149;199;169;174;173;167;170;172;176;172;160;164
61;132;106;113;131;86;130;145;149;196;170;173;175;163;170;171;175;172;159
62;104;132;103;113;129;85;128;146;147;194;166;173;173;163;168;170;173;170
63;124;105;131;102;113;127;85;125;146;149;193;166;172;173;163;165;166;170
64;110;120;103;129;99;110;127;88;122;146;148;191;163;171;172;161;163;164
65;89;110;121;101;125;99;108;127;86;121;143;145;189;163;168;170;162;163
66;134;85;111;121;102;125;99;108;127;83;119;139;141;188;161;166;169;162
67;129;135;85;109;121;101;123;100;111;128;83;117;137;138;185;162;165;166
68;102;129;133;84;109;118;100;119;100;110;126;82;116;136;137;181;161;160
69;130;102;126;131;82;108;117;100;117;100;106;125;79;114;131;137;180;158
70;130;127;100;126;128;83;105;115;100;118;98;105;123;77;107;130;136;179
71;114;128;123;100;124;125;83;106;111;101;114;94;100;121;73;105;129;133
72;99;110;127;122;99;122;123;81;105;108;101;112;92;99;119;73;106;127
73;99;98;108;124;118;98;121;123;81;103;103;98;109;92;98;119;72;105
74;108;94;95;104;120;116;96;120;119;77;102;101;95;105;91;96;118;71
75;99;108;91;91;101;115;113;95;120;119;77;102;97;95;102;90;92;119
76;92;97;105;89;87;95;110;109;89;118;119;75;101;99;96;95;86;90
77;91;85;91;100;88;87;93;104;109;86;115;117;74;99;98;92;92;85
78;84;84;82;89;96;83;86;88;100;108;85;114;111;71;94;92;90;89
79;65;80;81;82;87;93;80;82;84;97;105;83;111;106;70;88;90;86
80;78;62;82;78;79;82;90;82;80;82;92;101;82;107;105;68;83;87
81;81;72;62;79;71;76;74;86;80;78;77;87;96;80;98;102;66;82
82;47;76;69;62;81;65;72;71;85;76;72;73;82;89;76;96;100;61
83;41;41;70;67;59;80;58;66;66;79;74;70;67;81;86;76;92;94
84;27;37;39;68;61;55;69;54;61;63;75;70;64;62;78;82;71;89
85;39;23;37;39;62;56;51;61;50;52;58;69;63;57;58;72;77;64
86;37;36;19;34;38;56;52;49;56;45;48;52;66;58;53;56;64;72
87;41;31;33;20;31;35;50;50;40;51;41;42;49;63;52;49;52;61
88;29;34;31;30;19;31;29;44;40;31;45;34;35;45;57;51;46;45
89;29;26;28;21;25;18;27;24;39;33;26;40;30;32;34;50;48;36
90;20;19;23;21;17;20;16;22;22;35;23;23;31;28;23;29;42;43
91;21;16;15;16;17;14;13;12;19;17;27;19;16;27;23;21;24;37
92;15;15;14;14;13;11;12;10;9;16;14;24;18;15;22;20;19;20
93;9;9;13;14;14;10;6;8;7;8;10;13;18;15;13;19;16;16
94;5;7;4;11;13;13;11;7;5;5;8;6;8;13;9;11;14;13
95;7;3;6;4;9;11;9;9;5;6;3;7;5;9;10;6;5;12
96;1;6;2;6;4;3;10;7;9;5;5;3;6;3;6;10;7;5
97;3;1;6;2;1;3;0;8;3;6;4;4;1;2;3;4;9;4
98;0;3;0;6;2;0;3;0;3;2;3;3;4;2;3;3;3;4
99;0;0;1;0;4;1;0;3;0;3;2;2;4;2;2;3;3;2
100 e oltre;0;0;0;1;1;4;3;3;5;1;1;0;2;4;2;1;1;3
Totale;13696;13661;13580;13601;13589;13598;13584;13535;13473;13428;13386;13363;13264;13243;13188;13164;13124;12971

"Ricostruzione della popolazione intercensuaria - Popolazione al 1° gennaio per età"
"Cittadinanza straniera - Comune: Terlizzi"
Età/Anno;2002;2003;2004;2005;2006;2007;2008;2009;2010;2011;2012;2013;2014;2015;2016;2017;2018;2019
Età;Totale
0;1;3;3;7;7;0;12;8;9;6;8;11;10;5;11;8;8;7
1;6;1;7;4;8;8;5;12;7;9;4;10;14;15;5;10;8;9
2;5;5;2;8;4;7;6;6;11;8;9;5;10;14;12;6;10;9
3;3;4;3;4;8;4;8;7;7;14;7;10;4;11;11;8;7;9
4;7;3;6;3;4;9;3;7;6;9;14;6;11;5;10;10;10;6
5;5;5;4;8;4;4;7;2;8;5;10;18;6;11;4;9;13;9
6;5;4;8;6;10;2;4;7;3;7;5;10;18;6;8;4;6;11
7;2;4;4;6;6;9;2;4;6;3;7;5;8;19;4;9;3;6
8;7;0;7;4;5;7;7;3;6;6;4;8;5;8;15;4;9;3
9;6;5;0;7;3;5;6;8;4;6;6;5;9;6;7;16;4;7
10;5;4;6;1;7;3;5;7;8;5;7;6;5;10;5;7;17;4
11;4;2;3;6;1;7;2;6;11;8;5;7;5;7;8;6;7;15
12;9;7;1;4;5;1;7;4;8;11;8;6;6;5;5;8;7;4
13;6;10;8;2;5;7;1;9;7;8;10;8;7;6;5;5;8;5
14;0;5;10;7;1;6;7;3;13;9;8;11;8;7;4;5;5;3
15;1;0;4;8;7;3;6;7;5;13;10;8;9;7;5;4;6;4
16;6;2;0;4;9;8;3;7;9;8;13;10;7;10;5;4;5;6
17;2;5;2;1;4;9;8;5;10;9;8;13;10;7;9;6;4;4
18;3;2;5;1;2;5;9;8;9;9;10;7;10;10;4;11;5;3
19;3;3;2;4;0;3;6;11;7;8;8;6;8;12;9;4;10;5
20;4;5;3;5;4;1;4;9;12;8;7;8;6;7;11;10;4;12
21;0;2;7;6;5;5;4;5;9;12;10;6;8;6;7;10;11;5
22;3;0;2;7;4;3;8;5;6;10;13;11;6;8;6;7;11;12
23;6;4;2;0;4;2;6;9;7;7;12;13;15;9;7;8;6;10
24;6;5;6;4;1;3;2;8;13;7;11;15;13;20;9;6;8;9
25;4;6;5;6;3;1;4;2;7;16;7;12;16;14;20;8;6;8
26;4;3;12;6;7;2;1;6;3;10;22;7;13;18;15;18;7;6
27;6;7;10;16;9;6;3;1;6;4;14;23;8;14;15;13;17;7
28;10;8;11;9;14;7;8;4;1;10;8;15;26;13;11;15;11;19
29;4;10;12;11;10;15;7;8;6;4;11;7;19;24;10;11;13;11
30;9;3;19;13;9;10;14;9;9;10;4;10;12;18;24;9;8;13
31;5;10;9;18;10;9;8;17;10;7;13;8;10;15;15;23;10;9
32;4;6;17;9;17;9;10;9;19;12;6;16;10;14;10;15;16;9
33;8;5;6;16;8;17;12;9;12;18;11;7;17;11;14;11;18;17
34;6;8;7;8;16;7;15;14;15;11;17;14;7;18;11;12;12;16
35;6;9;10;5;4;15;6;17;12;13;8;15;15;10;18;10;11;13
36;7;7;13;10;4;6;12;6;19;12;14;9;16;20;7;15;13;5
37;10;5;9;11;11;3;6;13;8;18;12;14;10;17;20;7;16;13
38;7;6;4;10;10;9;5;8;12;10;17;13;13;10;14;18;7;11
39;10;4;8;4;9;11;10;5;7;13;8;18;13;12;9;15;16;6
40;3;8;7;10;5;8;14;10;7;5;14;7;16;12;11;11;15;16
41;8;4;9;6;12;5;9;16;14;8;5;16;8;16;9;9;11;12
42;5;5;8;11;2;13;6;11;20;12;8;6;17;6;13;9;10;12
43;4;4;9;9;9;3;13;7;10;20;12;7;6;16;4;12;9;11
44;3;3;7;9;8;8;3;14;6;12;20;11;9;7;12;6;14;8
45;5;3;3;9;10;8;7;5;15;11;11;20;11;14;7;11;8;13
46;2;4;4;4;6;9;7;10;7;15;11;12;21;10;10;6;10;6
47;2;2;4;4;3;4;8;8;11;7;14;13;13;21;10;9;5;9
48;1;4;2;6;6;3;4;8;9;10;7;16;14;14;18;10;7;5
49;2;2;6;2;7;7;3;5;8;8;10;6;15;15;13;17;10;7
50;3;2;4;5;2;7;6;3;7;8;8;9;8;14;14;13;16;10
51;2;3;2;5;4;3;6;5;5;7;8;7;9;9;11;13;13;18
52;2;1;3;2;5;3;3;6;6;5;7;8;8;9;9;10;12;13
53;2;1;2;2;2;5;3;5;6;6;6;6;9;7;10;8;11;10
54;1;2;1;2;2;2;5;5;5;6;6;6;6;7;7;9;6;9
55;0;1;3;1;2;2;1;6;5;5;6;5;5;6;6;7;8;6
56;0;0;1;4;1;1;2;0;6;4;5;7;4;5;6;6;7;8
57;0;0;1;1;4;1;1;3;1;6;3;5;6;4;5;5;6;4
58;0;0;0;1;1;4;1;1;2;1;6;3;5;6;3;5;5;7
59;1;0;0;0;1;1;4;1;1;4;1;5;4;5;6;3;4;5
60;2;1;0;0;0;1;1;4;4;2;4;2;6;5;4;6;4;3
61;3;2;3;0;1;0;1;2;4;4;2;4;2;6;6;4;5;4
62;0;3;2;3;0;1;1;1;2;2;3;3;3;2;4;5;4;4
63;0;0;3;2;2;0;1;1;2;2;2;3;3;4;1;4;5;4
64;2;0;0;3;2;2;0;1;1;2;2;2;3;2;3;1;3;4
65;1;2;0;1;3;2;2;0;1;1;2;1;2;3;3;3;1;1
66;0;3;2;0;0;3;2;2;0;1;1;2;1;2;2;4;3;1
67;0;0;3;2;0;0;4;2;2;0;1;1;2;1;2;2;3;2
68;1;0;0;0;1;0;0;5;3;2;0;1;1;1;2;2;2;3
69;0;1;0;0;0;1;0;0;5;3;2;0;1;1;1;1;2;2
70;0;0;2;0;1;0;1;0;0;5;3;2;0;1;1;1;1;2
71;0;0;0;3;0;1;0;1;0;0;4;3;2;0;1;1;1;1
72;0;0;0;0;2;0;1;0;1;0;0;3;3;2;0;1;0;1
73;0;0;1;0;1;2;0;1;0;1;1;0;3;3;1;0;0;0
74;0;0;0;1;0;1;1;0;1;0;1;1;0;3;2;1;0;0
75;0;0;0;1;1;0;0;2;0;1;0;1;1;0;3;2;1;0
76;1;0;0;0;0;1;0;0;2;0;1;0;1;1;0;3;1;1
77;0;0;0;0;0;0;1;0;0;2;0;1;0;1;0;0;2;1
78;0;0;0;1;0;0;0;0;0;0;2;0;1;0;1;0;0;2
79;1;0;0;0;1;0;0;0;0;0;0;2;0;1;0;1;0;0
80;0;1;0;0;0;1;0;0;0;0;0;0;1;0;1;0;0;0
81;1;0;1;0;0;0;0;0;0;0;0;0;0;1;0;1;0;0
82;0;1;0;1;0;0;0;0;0;0;0;0;0;0;1;0;1;0
83;0;0;0;0;0;0;0;0;0;0;0;0;0;0;0;1;0;1
84;0;0;0;1;0;0;0;0;0;0;0;0;0;0;0;0;1;0
85;0;0;0;0;0;0;0;0;0;0;0;0;0;0;0;0;0;1
86;0;0;0;0;0;0;0;0;0;0;0;0;0;0;0;0;0;0
87;0;0;0;0;0;0;0;0;0;0;0;0;0;0;0;0;0;0
88;0;0;0;0;0;0;0;0;0;0;0;0;0;0;0;0;0;0
89;0;0;0;0;0;0;0;0;0;0;0;0;0;0;0;0;0;0
90;0;0;0;0;0;0;0;0;0;0;0;0;0;0;0;0;0;0
91;0;0;0;0;0;0;0;0;0;0;0;0;0;0;0;0;0;0
92;0;0;0;0;0;0;0;0;0;0;0;0;0;0;0;0;0;0
93;0;0;0;0;0;0;0;0;0;0;0;0;0;0;0;0;0;0
94;0;0;0;0;0;0;0;0;0;0;0;0;0;0;0;0;0;0
95;0;0;0;0;0;0;0;0;0;0;0;0;0;0;0;0;0;0
96;0;0;0;0;0;0;0;0;0;0;0;0;0;0;0;0;0;0
97;0;0;0;0;0;0;0;0;0;0;0;0;0;0;0;0;0;0
98;0;0;0;0;0;0;0;0;0;0;0;0;0;0;0;0;0;0
99;0;0;0;0;0;0;0;0;0;0;0;0;0;0;0;0;0;0
100 e oltre;0;0;0;0;0;0;0;0;0;0;0;0;0;0;0;0;0;0
Totale;263;250;350;381;366;361;381;446;526;561;585;618;653;702;622;608;600;567
Età/Anno;2002;2003;2004;2005;2006;2007;2008;2009;2010;2011;2012;2013;2014;2015;2016;2017;2018;2019
Età;Maschi
0;0;3;2;4;5;0;6;4;3;3;5;9;6;5;8;7;3;3
1;1;0;4;3;3;5;4;6;4;3;2;6;10;8;5;7;7;4
2;1;0;0;4;3;2;4;5;5;5;3;3;5;10;8;5;7;6
3;1;1;0;0;4;3;2;5;6;6;4;4;3;4;8;4;6;6
4;4;1;0;0;0;4;2;2;5;8;6;3;5;4;4;7;5;5
5;2;4;1;0;0;0;4;1;3;5;8;7;3;4;3;4;9;4
6;2;2;7;1;1;0;0;4;2;2;5;8;7;3;2;3;2;8
7;1;2;2;6;1;1;0;0;4;3;2;5;6;8;3;2;2;2
8;3;0;2;2;5;1;0;1;2;4;3;3;5;6;7;4;1;2
9;5;1;0;2;2;5;1;0;1;2;4;3;4;6;5;8;4;2
10;3;3;1;1;3;2;5;2;0;2;2;4;2;4;5;5;9;4
11;2;2;1;1;0;3;1;6;4;0;2;2;3;2;3;6;5;8
12;4;2;1;1;0;0;3;3;6;5;0;3;1;3;2;4;7;3
13;3;4;3;1;2;2;0;4;4;6;4;0;4;1;3;2;4;5
14;0;3;4;2;1;2;2;1;7;5;6;4;0;4;1;3;2;1
15;0;0;3;2;2;2;2;3;3;7;5;6;3;0;3;1;3;1
16;3;1;0;3;3;3;2;2;5;3;6;5;5;3;0;1;1;3
17;0;2;1;1;2;3;3;3;5;5;3;6;5;5;3;1;1;1
18;2;0;2;0;1;3;2;2;4;5;6;3;4;5;2;5;2;1
19;2;2;0;1;0;1;4;3;2;5;4;4;4;5;5;2;5;2
20;3;2;3;2;1;0;1;5;5;3;5;3;3;3;5;5;2;6
21;0;2;4;4;2;0;1;1;5;4;5;5;4;3;2;4;6;2
22;1;0;1;5;2;1;1;2;2;6;5;6;6;4;4;2;4;7
23;3;2;2;0;2;0;3;2;2;3;7;5;9;8;3;6;1;4
24;5;2;2;4;0;0;0;4;5;3;5;9;6;12;7;2;6;3
25;2;5;1;2;3;0;1;1;4;6;1;7;11;9;12;7;3;6
26;4;1;11;2;2;1;0;2;1;3;10;1;8;14;12;10;4;2
27;1;5;5;14;2;1;1;0;2;2;5;12;2;10;10;9;8;4
28;4;2;8;4;11;0;2;2;0;3;3;6;14;7;6;9;6;10
29;1;4;5;7;4;10;0;3;5;0;5;3;9;13;6;7;7;7
30;7;1;12;6;5;4;8;0;4;6;1;5;7;8;15;4;3;7
31;1;7;4;11;4;4;3;9;1;3;9;3;5;8;5;13;4;4
32;1;0;12;4;10;3;3;3;9;2;4;12;4;7;6;5;10;4
33;5;3;2;13;3;10;5;2;5;11;3;3;13;5;6;6;4;11
34;2;6;5;3;11;2;8;6;5;4;11;5;3;14;4;5;7;4
35;4;4;8;3;1;9;2;9;4;3;4;10;7;5;15;4;4;6
36;4;5;7;8;2;2;8;3;10;3;5;6;11;10;5;13;5;3
37;6;1;6;5;8;2;3;8;4;10;3;6;7;12;11;5;14;5
38;2;4;1;7;5;7;3;4;7;3;10;3;6;7;10;9;5;9
39;5;0;6;1;7;6;7;3;5;7;2;11;2;5;6;8;7;3
40;2;3;4;9;2;7;8;7;4;4;7;1;9;2;5;6;8;8
41;4;2;4;4;10;2;7;9;6;5;5;9;2;10;2;3;7;7
42;3;4;3;6;2;10;2;8;13;4;4;6;10;2;8;2;4;7
43;0;2;7;3;6;2;9;3;8;13;4;5;6;10;2;7;2;4
44;3;0;5;7;2;5;1;9;2;8;13;5;6;7;8;3;8;2
45;4;3;0;7;8;2;4;2;10;5;7;13;5;7;6;8;3;7
46;1;3;3;1;5;7;1;6;3;10;5;7;12;5;5;6;9;2
47;1;2;3;3;0;4;5;2;5;3;9;5;8;12;4;4;5;8
48;1;2;1;3;4;0;4;5;3;4;3;10;7;8;9;4;3;5
49;0;1;3;1;4;5;0;4;5;2;4;3;10;9;7;8;4;3
50;2;0;2;2;1;4;5;0;4;5;2;4;3;10;8;7;7;4
51;1;3;0;3;2;2;3;4;0;4;5;1;3;3;8;7;7;9
52;2;0;3;0;3;2;2;2;5;1;4;5;1;3;3;7;7;8
53;1;1;1;2;0;3;2;2;2;5;2;4;6;1;3;3;8;6
54;0;1;1;1;2;0;3;3;2;2;5;2;4;4;1;3;2;6
55;0;0;2;1;1;2;0;3;3;2;2;4;2;4;3;0;3;2
56;0;0;0;3;1;1;2;0;3;3;2;3;3;2;3;3;0;3
57;0;0;0;0;3;1;1;2;1;3;2;2;3;3;2;2;3;0
58;0;0;0;0;0;3;1;1;2;1;3;2;1;3;2;2;2;2
59;0;0;0;0;0;0;3;1;1;2;1;2;3;1;3;2;2;2
60;1;0;0;0;0;0;0;3;1;2;2;1;2;3;1;3;2;1
61;1;1;1;0;0;0;0;1;3;1;2;2;1;2;3;1;3;2
62;0;1;1;1;0;0;1;0;1;1;1;2;1;1;2;2;1;3
63;0;0;1;1;1;0;0;1;1;1;1;1;2;1;1;2;2;1
64;2;0;0;1;1;1;0;0;1;1;1;1;1;1;1;1;1;2
65;0;2;0;1;1;1;1;0;0;1;1;0;1;1;1;1;1;0
66;0;1;2;0;0;1;1;1;0;0;1;1;0;1;0;1;1;1
67;0;0;1;2;0;0;1;1;1;0;0;1;1;0;1;0;1;0
68;1;0;0;0;1;0;0;1;1;1;0;0;1;0;1;1;0;1
69;0;1;0;0;0;1;0;0;1;1;1;0;0;1;0;1;1;0
70;0;0;1;0;0;0;1;0;0;1;1;1;0;0;1;0;1;1
71;0;0;0;2;0;0;0;1;0;0;0;1;1;0;0;1;0;1
72;0;0;0;0;2;0;0;0;1;0;0;0;1;1;0;0;0;0
73;0;0;1;0;1;2;0;0;0;1;0;0;0;1;1;0;0;0
74;0;0;0;1;0;1;1;0;0;0;1;0;0;0;1;1;0;0
75;0;0;0;1;1;0;0;2;0;0;0;1;0;0;0;1;1;0
76;1;0;0;0;0;1;0;0;2;0;0;0;1;0;0;0;0;1
77;0;0;0;0;0;0;1;0;0;2;0;0;0;1;0;0;0;0
78;0;0;0;1;0;0;0;0;0;0;2;0;0;0;1;0;0;0
79;0;0;0;0;1;0;0;0;0;0;0;2;0;0;0;1;0;0
80;0;0;0;0;0;1;0;0;0;0;0;0;1;0;0;0;0;0
81;1;0;0;0;0;0;0;0;0;0;0;0;0;1;0;0;0;0
82;0;1;0;0;0;0;0;0;0;0;0;0;0;0;1;0;0;0
83;0;0;0;0;0;0;0;0;0;0;0;0;0;0;0;1;0;0
84;0;0;0;1;0;0;0;0;0;0;0;0;0;0;0;0;1;0
85;0;0;0;0;0;0;0;0;0;0;0;0;0;0;0;0;0;1
86;0;0;0;0;0;0;0;0;0;0;0;0;0;0;0;0;0;0
87;0;0;0;0;0;0;0;0;0;0;0;0;0;0;0;0;0;0
88;0;0;0;0;0;0;0;0;0;0;0;0;0;0;0;0;0;0
89;0;0;0;0;0;0;0;0;0;0;0;0;0;0;0;0;0;0
90;0;0;0;0;0;0;0;0;0;0;0;0;0;0;0;0;0;0
91;0;0;0;0;0;0;0;0;0;0;0;0;0;0;0;0;0;0
92;0;0;0;0;0;0;0;0;0;0;0;0;0;0;0;0;0;0
93;0;0;0;0;0;0;0;0;0;0;0;0;0;0;0;0;0;0
94;0;0;0;0;0;0;0;0;0;0;0;0;0;0;0;0;0;0
95;0;0;0;0;0;0;0;0;0;0;0;0;0;0;0;0;0;0
96;0;0;0;0;0;0;0;0;0;0;0;0;0;0;0;0;0;0
97;0;0;0;0;0;0;0;0;0;0;0;0;0;0;0;0;0;0
98;0;0;0;0;0;0;0;0;0;0;0;0;0;0;0;0;0;0
99;0;0;0;0;0;0;0;0;0;0;0;0;0;0;0;0;0;0
100 e oltre;0;0;0;0;0;0;0;0;0;0;0;0;0;0;0;0;0;0
Totale;132;123;189;208;188;175;177;210;255;268;286;316;340;375;338;319;305;288
Età/Anno;2002;2003;2004;2005;2006;2007;2008;2009;2010;2011;2012;2013;2014;2015;2016;2017;2018;2019
Età;Femmine
0;1;0;1;3;2;0;6;4;6;3;3;2;4;0;3;1;5;4
1;5;1;3;1;5;3;1;6;3;6;2;4;4;7;0;3;1;5
2;4;5;2;4;1;5;2;1;6;3;6;2;5;4;4;1;3;3
3;2;3;3;4;4;1;6;2;1;8;3;6;1;7;3;4;1;3
4;3;2;6;3;4;5;1;5;1;1;8;3;6;1;6;3;5;1
5;3;1;3;8;4;4;3;1;5;0;2;11;3;7;1;5;4;5
6;3;2;1;5;9;2;4;3;1;5;0;2;11;3;6;1;4;3
7;1;2;2;0;5;8;2;4;2;0;5;0;2;11;1;7;1;4
8;4;0;5;2;0;6;7;2;4;2;1;5;0;2;8;0;8;1
9;1;4;0;5;1;0;5;8;3;4;2;2;5;0;2;8;0;5
10;2;1;5;0;4;1;0;5;8;3;5;2;3;6;0;2;8;0
11;2;0;2;5;1;4;1;0;7;8;3;5;2;5;5;0;2;7
12;5;5;0;3;5;1;4;1;2;6;8;3;5;2;3;4;0;1
13;3;6;5;1;3;5;1;5;3;2;6;8;3;5;2;3;4;0
14;0;2;6;5;0;4;5;2;6;4;2;7;8;3;3;2;3;2
15;1;0;1;6;5;1;4;4;2;6;5;2;6;7;2;3;3;3
16;3;1;0;1;6;5;1;5;4;5;7;5;2;7;5;3;4;3
17;2;3;1;0;2;6;5;2;5;4;5;7;5;2;6;5;3;3
18;1;2;3;1;1;2;7;6;5;4;4;4;6;5;2;6;3;2
19;1;1;2;3;0;2;2;8;5;3;4;2;4;7;4;2;5;3
20;1;3;0;3;3;1;3;4;7;5;2;5;3;4;6;5;2;6
21;0;0;3;2;3;5;3;4;4;8;5;1;4;3;5;6;5;3
22;2;0;1;2;2;2;7;3;4;4;8;5;0;4;2;5;7;5
23;3;2;0;0;2;2;3;7;5;4;5;8;6;1;4;2;5;6
24;1;3;4;0;1;3;2;4;8;4;6;6;7;8;2;4;2;6
25;2;1;4;4;0;1;3;1;3;10;6;5;5;5;8;1;3;2
26;0;2;1;4;5;1;1;4;2;7;12;6;5;4;3;8;3;4
27;5;2;5;2;7;5;2;1;4;2;9;11;6;4;5;4;9;3
28;6;6;3;5;3;7;6;2;1;7;5;9;12;6;5;6;5;9
29;3;6;7;4;6;5;7;5;1;4;6;4;10;11;4;4;6;4
30;2;2;7;7;4;6;6;9;5;4;3;5;5;10;9;5;5;6
31;4;3;5;7;6;5;5;8;9;4;4;5;5;7;10;10;6;5
32;3;6;5;5;7;6;7;6;10;10;2;4;6;7;4;10;6;5
33;3;2;4;3;5;7;7;7;7;7;8;4;4;6;8;5;14;6
34;4;2;2;5;5;5;7;8;10;7;6;9;4;4;7;7;5;12
35;2;5;2;2;3;6;4;8;8;10;4;5;8;5;3;6;7;7
36;3;2;6;2;2;4;4;3;9;9;9;3;5;10;2;2;8;2
37;4;4;3;6;3;1;3;5;4;8;9;8;3;5;9;2;2;8
38;5;2;3;3;5;2;2;4;5;7;7;10;7;3;4;9;2;2
39;5;4;2;3;2;5;3;2;2;6;6;7;11;7;3;7;9;3
40;1;5;3;1;3;1;6;3;3;1;7;6;7;10;6;5;7;8
41;4;2;5;2;2;3;2;7;8;3;0;7;6;6;7;6;4;5
42;2;1;5;5;0;3;4;3;7;8;4;0;7;4;5;7;6;5
43;4;2;2;6;3;1;4;4;2;7;8;2;0;6;2;5;7;7
44;0;3;2;2;6;3;2;5;4;4;7;6;3;0;4;3;6;6
45;1;0;3;2;2;6;3;3;5;6;4;7;6;7;1;3;5;6
46;1;1;1;3;1;2;6;4;4;5;6;5;9;5;5;0;1;4
47;1;0;1;1;3;0;3;6;6;4;5;8;5;9;6;5;0;1
48;0;2;1;3;2;3;0;3;6;6;4;6;7;6;9;6;4;0
49;2;1;3;1;3;2;3;1;3;6;6;3;5;6;6;9;6;4
50;1;2;2;3;1;3;1;3;3;3;6;5;5;4;6;6;9;6
51;1;0;2;2;2;1;3;1;5;3;3;6;6;6;3;6;6;9
52;0;1;0;2;2;1;1;4;1;4;3;3;7;6;6;3;5;5
53;1;0;1;0;2;2;1;3;4;1;4;2;3;6;7;5;3;4
54;1;1;0;1;0;2;2;2;3;4;1;4;2;3;6;6;4;3
55;0;1;1;0;1;0;1;3;2;3;4;1;3;2;3;7;5;4
56;0;0;1;1;0;0;0;0;3;1;3;4;1;3;3;3;7;5
57;0;0;1;1;1;0;0;1;0;3;1;3;3;1;3;3;3;4
58;0;0;0;1;1;1;0;0;0;0;3;1;4;3;1;3;3;5
59;1;0;0;0;1;1;1;0;0;2;0;3;1;4;3;1;2;3
60;1;1;0;0;0;1;1;1;3;0;2;1;4;2;3;3;2;2
61;2;1;2;0;1;0;1;1;1;3;0;2;1;4;3;3;2;2
62;0;2;1;2;0;1;0;1;1;1;2;1;2;1;2;3;3;1
63;0;0;2;1;1;0;1;0;1;1;1;2;1;3;0;2;3;3
64;0;0;0;2;1;1;0;1;0;1;1;1;2;1;2;0;2;2
65;1;0;0;0;2;1;1;0;1;0;1;1;1;2;2;2;0;1
66;0;2;0;0;0;2;1;1;0;1;0;1;1;1;2;3;2;0
67;0;0;2;0;0;0;3;1;1;0;1;0;1;1;1;2;2;2
68;0;0;0;0;0;0;0;4;2;1;0;1;0;1;1;1;2;2
69;0;0;0;0;0;0;0;0;4;2;1;0;1;0;1;0;1;2
70;0;0;1;0;1;0;0;0;0;4;2;1;0;1;0;1;0;1
71;0;0;0;1;0;1;0;0;0;0;4;2;1;0;1;0;1;0
72;0;0;0;0;0;0;1;0;0;0;0;3;2;1;0;1;0;1
73;0;0;0;0;0;0;0;1;0;0;1;0;3;2;0;0;0;0
74;0;0;0;0;0;0;0;0;1;0;0;1;0;3;1;0;0;0
75;0;0;0;0;0;0;0;0;0;1;0;0;1;0;3;1;0;0
76;0;0;0;0;0;0;0;0;0;0;1;0;0;1;0;3;1;0
77;0;0;0;0;0;0;0;0;0;0;0;1;0;0;0;0;2;1
78;0;0;0;0;0;0;0;0;0;0;0;0;1;0;0;0;0;2
79;1;0;0;0;0;0;0;0;0;0;0;0;0;1;0;0;0;0
80;0;1;0;0;0;0;0;0;0;0;0;0;0;0;1;0;0;0
81;0;0;1;0;0;0;0;0;0;0;0;0;0;0;0;1;0;0
82;0;0;0;1;0;0;0;0;0;0;0;0;0;0;0;0;1;0
83;0;0;0;0;0;0;0;0;0;0;0;0;0;0;0;0;0;1
84;0;0;0;0;0;0;0;0;0;0;0;0;0;0;0;0;0;0
85;0;0;0;0;0;0;0;0;0;0;0;0;0;0;0;0;0;0
86;0;0;0;0;0;0;0;0;0;0;0;0;0;0;0;0;0;0
87;0;0;0;0;0;0;0;0;0;0;0;0;0;0;0;0;0;0
88;0;0;0;0;0;0;0;0;0;0;0;0;0;0;0;0;0;0
89;0;0;0;0;0;0;0;0;0;0;0;0;0;0;0;0;0;0
90;0;0;0;0;0;0;0;0;0;0;0;0;0;0;0;0;0;0
91;0;0;0;0;0;0;0;0;0;0;0;0;0;0;0;0;0;0
92;0;0;0;0;0;0;0;0;0;0;0;0;0;0;0;0;0;0
93;0;0;0;0;0;0;0;0;0;0;0;0;0;0;0;0;0;0
94;0;0;0;0;0;0;0;0;0;0;0;0;0;0;0;0;0;0
95;0;0;0;0;0;0;0;0;0;0;0;0;0;0;0;0;0;0
96;0;0;0;0;0;0;0;0;0;0;0;0;0;0;0;0;0;0
97;0;0;0;0;0;0;0;0;0;0;0;0;0;0;0;0;0;0
98;0;0;0;0;0;0;0;0;0;0;0;0;0;0;0;0;0;0
99;0;0;0;0;0;0;0;0;0;0;0;0;0;0;0;0;0;0
100 e oltre;0;0;0;0;0;0;0;0;0;0;0;0;0;0;0;0;0;0
Totale;131;127;161;173;178;186;204;236;271;293;299;302;313;327;284;289;295;279
