"Popolazione per età, vista per singola area - Comune: 066047 - Goriano Sicoli"

"Ricostruzione della popolazione intercensuaria - Popolazione al 1° gennaio per età"
"Tutte le cittadinanze - Comune: Goriano Sicoli"
Età/Anno;2002;2003;2004;2005;2006;2007;2008;2009;2010;2011;2012;2013;2014;2015;2016;2017;2018;2019
Età;Totale
0;3;3;5;2;8;5;4;3;3;4;4;2;0;1;1;3;3;3
1;4;3;3;4;3;6;5;4;4;3;4;4;4;0;1;2;4;3
2;3;5;4;2;3;2;6;4;4;3;2;3;4;4;0;1;1;6
3;7;2;5;4;2;3;2;6;4;4;3;3;3;4;4;0;1;0
4;4;7;2;4;4;2;3;2;7;4;4;3;3;3;4;5;0;1
5;7;4;7;3;4;4;2;3;2;8;4;4;3;3;3;3;5;0
6;3;7;4;7;2;4;4;2;4;2;8;4;4;3;3;3;2;5
7;6;3;7;4;7;3;4;4;3;4;2;7;4;4;3;3;3;2
8;4;6;3;7;4;7;2;4;3;4;4;1;7;4;4;3;4;3
9;8;5;6;3;6;4;7;2;4;4;4;4;1;7;5;4;3;4
10;7;8;3;5;3;6;4;7;2;4;4;4;4;2;7;4;4;3
11;4;7;9;3;4;3;6;4;7;2;4;4;4;4;2;7;4;4
12;8;4;7;9;3;4;3;6;4;7;2;4;4;5;4;2;7;4
13;4;8;4;7;9;3;4;3;7;4;7;2;4;4;5;4;2;7
14;6;4;7;4;6;9;3;4;3;7;4;6;2;4;4;4;4;2
15;5;6;3;8;4;6;9;3;4;3;7;4;6;2;4;4;4;4
16;12;5;6;4;8;4;6;9;3;5;3;7;4;6;2;4;4;4
17;11;12;5;5;4;9;4;6;9;3;5;3;7;4;7;2;4;4
18;7;11;13;4;5;4;9;4;6;9;3;5;4;7;4;7;2;4
19;3;7;11;13;4;5;3;9;4;7;9;3;5;4;7;5;7;3
20;6;2;7;12;13;4;5;3;9;4;7;10;3;5;4;6;7;7
21;6;6;1;7;12;14;4;5;3;8;4;8;10;3;5;4;6;7
22;9;5;6;1;7;12;12;4;6;4;7;4;8;10;3;5;4;6
23;11;9;4;6;2;7;12;12;4;6;5;7;4;8;10;3;5;4
24;7;11;9;5;6;1;7;12;12;4;6;5;7;3;9;10;3;5
25;4;7;10;9;5;5;0;7;12;12;4;6;4;8;4;8;9;4
26;4;6;7;7;9;5;5;1;8;11;12;4;7;4;8;4;8;6
27;5;3;4;8;7;9;5;6;2;8;11;9;4;6;4;5;4;5
28;16;6;1;2;8;9;9;5;6;2;8;11;10;5;6;3;5;3
29;3;16;6;1;1;8;10;8;6;6;4;8;11;10;6;6;4;5
30;7;3;16;4;0;2;6;9;11;5;5;4;7;12;10;6;4;5
31;4;8;4;15;5;1;3;6;11;9;5;5;4;7;11;9;6;4
32;8;4;6;3;14;8;0;3;7;11;11;5;6;4;6;9;9;6
33;10;8;5;4;4;15;6;0;6;7;11;10;5;7;4;5;9;8
34;2;10;6;4;5;4;12;7;0;4;6;11;10;5;5;4;6;7
35;11;2;10;6;3;7;3;10;7;1;4;6;10;9;5;5;5;5
36;9;12;2;11;6;2;7;3;12;9;1;4;6;10;10;6;5;5
37;11;10;11;1;12;6;2;8;3;13;8;1;4;6;9;10;5;6
38;6;11;9;12;1;12;6;3;8;3;13;8;1;4;6;10;9;4
39;7;8;11;9;12;2;12;6;3;6;3;13;8;1;6;5;8;9
40;16;7;8;10;9;13;2;12;7;4;5;1;12;8;1;5;5;9
41;6;17;7;7;10;9;11;2;14;7;4;5;1;12;8;1;5;5
42;5;6;16;6;7;11;9;11;2;15;7;4;5;1;11;7;1;7
43;10;6;6;15;6;7;10;9;11;2;15;10;5;4;2;10;7;1
44;12;10;5;7;14;7;5;10;9;11;1;16;9;5;4;2;10;7
45;11;12;10;5;7;14;7;4;10;10;11;1;15;8;5;5;2;10
46;9;11;10;11;4;7;14;9;3;10;10;11;1;15;10;5;5;1
47;10;10;10;10;11;4;7;14;9;3;10;10;11;1;16;9;5;5
48;9;10;10;11;10;11;5;6;14;10;3;10;9;11;2;15;10;5
49;9;9;9;10;11;10;11;4;7;14;10;3;10;9;11;2;15;10
50;5;9;8;9;10;11;10;11;4;7;14;9;4;10;9;11;2;15
51;7;5;9;9;9;11;11;11;11;4;7;14;8;4;9;9;10;2
52;14;7;5;9;11;9;11;12;12;10;4;7;14;8;4;9;9;11
53;12;14;8;5;9;13;9;12;12;12;10;4;7;14;9;4;10;9
54;9;12;13;8;4;10;13;11;12;11;12;10;4;7;17;9;4;11
55;7;9;11;13;8;4;10;13;11;12;11;12;10;4;7;17;9;5
56;5;7;9;11;12;8;4;11;12;9;13;11;12;10;5;7;17;9
57;6;5;8;9;10;13;8;4;11;12;9;14;11;12;9;4;7;17
58;4;6;4;8;9;10;13;8;5;11;13;9;14;12;12;8;4;7
59;4;4;6;4;9;9;11;13;8;6;11;13;10;14;11;12;9;4
60;5;4;4;7;3;9;10;11;13;8;7;11;13;9;14;11;11;9
61;5;5;4;4;7;4;8;10;11;14;8;7;11;13;9;12;11;11
62;4;5;5;4;4;7;4;8;9;12;14;8;7;12;12;8;12;11
63;9;4;5;4;3;4;7;4;8;9;12;14;7;7;12;10;8;12
64;11;9;4;6;4;3;4;7;4;8;9;12;13;7;7;11;10;9
65;6;11;9;4;5;4;3;4;6;5;8;8;13;13;7;6;11;10
66;4;6;12;9;4;5;4;3;5;6;5;8;8;16;12;7;5;11
67;10;4;6;11;8;5;5;4;3;5;6;6;8;8;15;12;7;6
68;7;10;4;6;11;8;5;4;4;3;5;6;5;8;8;14;12;8
69;7;7;10;4;6;11;8;5;4;4;3;5;7;5;8;8;14;12
70;8;8;7;12;5;6;11;8;5;3;4;3;5;7;5;8;8;14
71;8;8;8;8;11;5;5;11;8;6;3;4;4;5;7;5;8;9
72;11;8;8;8;8;11;5;5;11;8;6;2;4;4;5;7;5;8
73;9;11;7;8;8;8;11;5;5;12;8;6;2;4;4;5;7;4
74;3;9;11;7;8;8;8;11;5;6;11;8;6;1;4;4;4;7
75;8;3;9;11;9;7;7;7;11;5;6;11;7;6;1;4;4;4
76;11;8;2;6;11;9;6;7;7;13;5;5;10;7;6;0;4;4
77;7;11;7;2;5;11;8;6;8;8;12;5;5;10;7;6;0;5
78;9;8;11;7;2;6;11;7;6;8;8;11;5;5;9;7;6;0
79;6;8;7;11;7;2;6;10;6;6;8;6;11;5;5;8;7;5
80;9;5;8;6;9;6;2;5;10;6;6;8;6;11;4;5;6;4
81;5;8;5;8;6;9;6;2;5;10;5;6;6;6;9;5;5;6
82;5;5;8;5;7;5;9;5;2;5;10;5;6;4;4;7;5;5
83;2;4;5;8;4;6;5;8;4;1;5;7;4;6;3;4;5;3
84;5;1;3;4;7;4;6;5;7;3;1;5;6;4;6;3;4;5
85;3;5;2;4;5;7;4;7;5;6;3;1;6;6;4;5;3;4
86;3;4;5;1;4;5;7;4;7;4;6;3;1;5;6;4;4;2
87;2;2;3;4;0;3;3;7;3;6;4;4;3;1;4;4;3;4
88;2;2;2;2;4;0;3;3;5;3;5;3;4;3;1;4;3;1
89;5;0;1;1;1;4;0;2;3;5;3;5;3;4;2;1;4;2
90;1;4;0;1;1;1;4;0;2;3;4;3;6;2;1;0;0;4
91;4;1;1;0;0;2;1;3;1;3;3;2;3;6;2;1;0;0
92;0;4;1;1;0;0;1;0;3;1;3;3;2;3;5;1;1;0
93;2;0;4;0;0;0;0;1;0;3;0;3;3;1;2;5;1;1
94;0;2;0;1;0;0;0;0;1;0;2;0;1;2;0;2;2;1
95;0;0;2;0;1;0;0;0;0;0;0;1;0;1;1;0;2;0
96;0;0;0;2;0;1;0;0;0;0;0;0;1;0;1;0;0;2
97;0;0;0;0;0;0;1;0;0;0;0;0;0;1;0;1;0;0
98;0;0;0;0;0;0;0;1;0;0;0;0;0;0;1;0;0;0
99;0;0;0;0;0;0;0;0;1;0;0;0;0;0;0;1;0;0
100 e oltre;0;0;0;0;0;0;0;0;0;1;1;0;0;0;0;0;1;1
Totale;628;634;611;593;583;603;585;584;605;613;611;595;590;589;580;550;538;531
Età/Anno;2002;2003;2004;2005;2006;2007;2008;2009;2010;2011;2012;2013;2014;2015;2016;2017;2018;2019
Età;Maschi
0;1;1;4;1;5;4;2;2;0;0;3;1;0;1;1;2;1;1
1;2;1;1;3;1;5;4;2;3;0;0;3;2;0;1;2;2;0
2;2;3;2;0;2;1;5;3;2;2;0;0;3;2;0;1;1;4
3;5;1;3;2;0;2;1;5;3;2;2;0;0;3;2;0;1;0
4;2;5;1;3;2;0;2;1;5;3;2;2;0;0;3;3;0;1
5;3;2;5;1;3;2;0;2;1;5;3;2;2;0;0;3;3;0
6;2;3;2;5;0;3;2;0;3;1;5;3;2;2;0;0;2;3
7;5;2;3;2;5;1;3;2;1;3;1;5;3;2;2;0;0;2
8;1;5;2;3;2;5;1;3;2;1;3;1;5;3;2;2;0;0
9;5;1;5;2;3;2;5;1;3;2;1;3;1;5;3;2;2;0
10;4;5;1;4;2;3;2;5;1;3;2;1;3;1;5;3;2;2
11;1;4;5;1;3;2;3;2;5;1;3;2;1;3;1;5;3;2
12;3;1;4;5;1;3;2;3;2;5;1;3;2;1;3;1;5;3
13;3;3;1;4;5;1;3;2;4;2;5;1;3;2;1;3;1;5
14;2;3;2;1;4;5;1;3;2;4;2;4;1;3;2;1;3;1
15;3;2;2;2;1;4;5;1;3;2;4;2;4;1;3;2;1;3
16;8;3;2;3;2;1;4;5;1;4;2;4;2;4;1;3;2;1
17;8;8;3;1;3;2;1;4;5;1;4;2;4;2;5;1;3;2
18;6;8;9;2;1;3;3;1;4;5;1;4;3;4;2;5;1;3
19;2;6;8;9;2;1;3;3;1;4;5;1;4;3;4;3;5;1
20;4;2;5;8;9;2;1;3;3;1;4;6;1;4;3;3;3;5
21;3;4;1;5;8;9;2;1;3;3;1;4;6;1;3;3;3;3
22;8;3;4;1;5;8;8;2;2;3;3;1;4;6;1;3;3;3
23;8;8;3;4;1;5;8;8;2;2;4;3;1;4;7;1;3;3
24;4;8;8;3;4;1;5;8;8;2;2;4;3;0;4;7;1;3
25;1;4;7;8;3;3;0;5;8;8;2;2;3;3;0;4;6;1
26;2;2;4;6;9;3;3;0;5;8;8;2;2;3;3;0;4;4
27;4;1;1;4;6;9;3;3;0;5;8;6;2;2;3;3;0;2
28;7;4;1;1;4;6;9;3;3;1;5;8;7;3;2;2;3;0
29;0;7;4;1;0;4;7;8;3;3;2;5;8;6;3;2;3;3
30;4;0;7;2;0;0;4;6;9;3;3;2;4;9;7;3;2;4
31;4;4;0;6;2;0;0;4;8;9;3;3;2;4;8;7;3;2
32;3;4;3;0;6;3;0;0;4;8;11;3;3;2;3;7;7;2
33;9;2;5;1;0;5;3;0;1;5;8;10;3;4;2;3;7;5
34;2;9;2;4;1;0;4;3;0;2;4;8;10;3;2;2;3;5
35;1;2;9;3;3;2;0;3;3;1;2;4;7;9;3;2;2;2
36;5;1;2;10;3;2;2;0;4;3;1;1;4;7;9;4;3;2
37;5;5;0;1;10;3;2;3;0;5;3;1;1;4;6;9;3;4
38;4;5;4;1;1;10;3;3;3;0;5;3;1;1;4;6;8;2
39;3;5;5;4;1;2;10;3;3;3;0;5;3;1;1;3;5;8
40;7;3;5;4;4;2;2;10;3;3;3;0;5;3;1;1;3;6
41;4;7;3;5;4;4;1;2;11;2;3;3;0;5;3;1;1;3
42;1;4;7;4;5;5;4;1;2;12;2;3;3;0;4;3;1;3
43;5;2;4;7;4;5;4;4;1;2;12;4;4;2;0;3;3;1
44;7;5;1;5;6;4;3;4;4;1;1;13;3;4;2;0;3;3
45;6;7;5;1;5;6;4;2;4;4;1;1;12;3;4;3;0;3
46;6;6;7;6;0;5;6;5;2;4;4;1;1;12;4;4;3;0
47;6;7;6;7;5;0;5;6;5;2;4;4;1;1;13;4;4;3
48;3;6;7;6;7;5;0;4;6;5;2;4;4;1;2;12;5;4
49;5;3;5;7;6;7;5;0;5;6;5;2;4;4;1;2;12;5
50;4;5;3;5;7;6;7;5;0;5;6;5;3;4;4;1;2;12
51;6;4;5;3;5;8;6;8;5;0;5;6;5;3;3;4;1;2
52;9;6;3;5;4;5;8;7;8;5;0;5;6;5;3;3;4;1
53;9;9;6;3;5;4;5;8;7;8;5;0;5;6;5;3;4;4
54;3;9;9;6;2;5;4;6;8;7;8;5;0;5;7;5;3;5
55;1;3;9;9;6;2;5;4;6;8;7;8;5;0;5;7;5;4
56;1;1;3;9;8;6;2;6;4;5;8;7;8;5;0;5;7;5
57;3;1;1;3;9;9;6;2;6;4;5;8;7;8;4;0;5;7
58;3;3;0;1;3;9;9;6;2;6;4;5;8;8;8;3;0;5
59;2;3;3;0;1;3;10;9;6;3;6;4;6;8;7;8;4;0
60;1;2;3;3;0;1;4;10;9;6;3;6;4;6;8;7;7;5
61;5;1;2;3;3;0;0;4;10;10;6;3;6;4;6;8;7;7
62;0;5;1;2;3;3;0;0;3;10;10;6;4;7;4;5;8;7
63;4;0;5;2;2;3;3;0;0;3;10;10;5;4;7;2;5;8
64;4;4;0;6;2;2;3;3;0;0;3;10;9;5;4;7;2;5
65;1;4;4;0;5;2;2;3;2;0;0;3;10;9;5;4;7;2
66;1;2;5;4;0;5;2;2;4;2;0;0;3;12;8;5;4;7
67;2;1;2;5;3;0;5;2;2;4;2;0;0;3;11;8;5;4
68;2;2;1;2;5;3;0;4;2;2;4;2;0;0;3;10;8;6
69;6;2;2;1;2;5;3;0;4;2;2;4;3;0;0;3;10;8
70;5;7;2;2;1;2;5;3;0;3;2;2;4;3;0;0;3;10
71;1;5;7;3;2;1;1;5;3;1;3;2;3;4;3;0;0;3
72;5;1;5;7;3;2;1;1;5;3;1;2;2;3;4;3;0;0
73;6;5;1;5;7;3;2;1;1;5;3;1;2;2;3;4;3;0
74;2;6;5;1;5;7;3;2;1;2;5;3;1;1;2;3;3;3
75;2;2;6;5;2;5;7;3;2;1;2;5;3;1;1;2;3;3
76;5;2;1;4;5;2;5;7;3;3;1;2;4;3;1;0;2;3
77;2;5;1;0;3;5;2;5;7;4;3;1;2;5;3;1;0;2
78;3;3;5;1;0;3;5;2;5;7;4;3;1;2;4;3;1;0
79;2;3;3;5;1;0;3;4;2;5;7;2;3;1;2;3;3;1
80;1;2;3;2;5;2;0;3;4;2;5;7;2;3;1;2;3;0
81;2;1;2;3;2;4;2;0;3;4;2;5;5;2;3;1;2;3
82;2;2;1;2;3;1;4;2;0;3;4;2;5;3;2;3;1;2
83;0;1;2;1;1;1;1;3;2;0;3;4;2;5;2;2;2;1
84;1;0;1;2;0;1;1;1;3;2;0;3;3;2;5;2;2;2
85;0;1;0;2;2;0;1;1;1;2;2;0;3;2;2;4;2;2
86;1;0;1;0;2;2;0;1;1;1;2;2;0;2;2;2;3;1
87;1;0;0;0;0;2;2;0;0;1;1;2;2;0;2;2;1;3
88;0;0;0;0;0;0;2;2;0;0;1;0;2;2;0;2;2;1
89;2;0;0;0;0;0;0;2;2;0;0;1;0;2;1;0;3;1
90;0;1;0;0;0;0;0;0;2;2;0;0;2;0;1;0;0;3
91;1;0;1;0;0;0;0;0;0;2;2;0;0;2;0;1;0;0
92;0;1;0;1;0;0;0;0;0;0;2;2;0;0;2;0;1;0
93;1;0;1;0;0;0;0;0;0;0;0;2;2;0;0;2;0;1
94;0;1;0;0;0;0;0;0;0;0;0;0;0;2;0;0;2;0
95;0;0;1;0;0;0;0;0;0;0;0;0;0;0;1;0;0;0
96;0;0;0;1;0;0;0;0;0;0;0;0;0;0;0;0;0;0
97;0;0;0;0;0;0;0;0;0;0;0;0;0;0;0;0;0;0
98;0;0;0;0;0;0;0;0;0;0;0;0;0;0;0;0;0;0
99;0;0;0;0;0;0;0;0;0;0;0;0;0;0;0;0;0;0
100 e oltre;0;0;0;0;0;0;0;0;0;0;0;0;0;0;0;0;0;0
Totale;311;313;306;298;288;294;291;291;301;309;314;310;307;307;298;289;285;277
Età/Anno;2002;2003;2004;2005;2006;2007;2008;2009;2010;2011;2012;2013;2014;2015;2016;2017;2018;2019
Età;Femmine
0;2;2;1;1;3;1;2;1;3;4;1;1;0;0;0;1;2;2
1;2;2;2;1;2;1;1;2;1;3;4;1;2;0;0;0;2;3
2;1;2;2;2;1;1;1;1;2;1;2;3;1;2;0;0;0;2
3;2;1;2;2;2;1;1;1;1;2;1;3;3;1;2;0;0;0
4;2;2;1;1;2;2;1;1;2;1;2;1;3;3;1;2;0;0
5;4;2;2;2;1;2;2;1;1;3;1;2;1;3;3;0;2;0
6;1;4;2;2;2;1;2;2;1;1;3;1;2;1;3;3;0;2
7;1;1;4;2;2;2;1;2;2;1;1;2;1;2;1;3;3;0
8;3;1;1;4;2;2;1;1;1;3;1;0;2;1;2;1;4;3
9;3;4;1;1;3;2;2;1;1;2;3;1;0;2;2;2;1;4
10;3;3;2;1;1;3;2;2;1;1;2;3;1;1;2;1;2;1
11;3;3;4;2;1;1;3;2;2;1;1;2;3;1;1;2;1;2
12;5;3;3;4;2;1;1;3;2;2;1;1;2;4;1;1;2;1
13;1;5;3;3;4;2;1;1;3;2;2;1;1;2;4;1;1;2
14;4;1;5;3;2;4;2;1;1;3;2;2;1;1;2;3;1;1
15;2;4;1;6;3;2;4;2;1;1;3;2;2;1;1;2;3;1
16;4;2;4;1;6;3;2;4;2;1;1;3;2;2;1;1;2;3
17;3;4;2;4;1;7;3;2;4;2;1;1;3;2;2;1;1;2
18;1;3;4;2;4;1;6;3;2;4;2;1;1;3;2;2;1;1
19;1;1;3;4;2;4;0;6;3;3;4;2;1;1;3;2;2;2
20;2;0;2;4;4;2;4;0;6;3;3;4;2;1;1;3;4;2
21;3;2;0;2;4;5;2;4;0;5;3;4;4;2;2;1;3;4
22;1;2;2;0;2;4;4;2;4;1;4;3;4;4;2;2;1;3
23;3;1;1;2;1;2;4;4;2;4;1;4;3;4;3;2;2;1
24;3;3;1;2;2;0;2;4;4;2;4;1;4;3;5;3;2;2
25;3;3;3;1;2;2;0;2;4;4;2;4;1;5;4;4;3;3
26;2;4;3;1;0;2;2;1;3;3;4;2;5;1;5;4;4;2
27;1;2;3;4;1;0;2;3;2;3;3;3;2;4;1;2;4;3
28;9;2;0;1;4;3;0;2;3;1;3;3;3;2;4;1;2;3
29;3;9;2;0;1;4;3;0;3;3;2;3;3;4;3;4;1;2
30;3;3;9;2;0;2;2;3;2;2;2;2;3;3;3;3;2;1
31;0;4;4;9;3;1;3;2;3;0;2;2;2;3;3;2;3;2
32;5;0;3;3;8;5;0;3;3;3;0;2;3;2;3;2;2;4
33;1;6;0;3;4;10;3;0;5;2;3;0;2;3;2;2;2;3
34;0;1;4;0;4;4;8;4;0;2;2;3;0;2;3;2;3;2
35;10;0;1;3;0;5;3;7;4;0;2;2;3;0;2;3;3;3
36;4;11;0;1;3;0;5;3;8;6;0;3;2;3;1;2;2;3
37;6;5;11;0;2;3;0;5;3;8;5;0;3;2;3;1;2;2
38;2;6;5;11;0;2;3;0;5;3;8;5;0;3;2;4;1;2
39;4;3;6;5;11;0;2;3;0;3;3;8;5;0;5;2;3;1
40;9;4;3;6;5;11;0;2;4;1;2;1;7;5;0;4;2;3
41;2;10;4;2;6;5;10;0;3;5;1;2;1;7;5;0;4;2
42;4;2;9;2;2;6;5;10;0;3;5;1;2;1;7;4;0;4
43;5;4;2;8;2;2;6;5;10;0;3;6;1;2;2;7;4;0
44;5;5;4;2;8;3;2;6;5;10;0;3;6;1;2;2;7;4
45;5;5;5;4;2;8;3;2;6;6;10;0;3;5;1;2;2;7
46;3;5;3;5;4;2;8;4;1;6;6;10;0;3;6;1;2;1
47;4;3;4;3;6;4;2;8;4;1;6;6;10;0;3;5;1;2
48;6;4;3;5;3;6;5;2;8;5;1;6;5;10;0;3;5;1
49;4;6;4;3;5;3;6;4;2;8;5;1;6;5;10;0;3;5
50;1;4;5;4;3;5;3;6;4;2;8;4;1;6;5;10;0;3
51;1;1;4;6;4;3;5;3;6;4;2;8;3;1;6;5;9;0
52;5;1;2;4;7;4;3;5;4;5;4;2;8;3;1;6;5;10
53;3;5;2;2;4;9;4;4;5;4;5;4;2;8;4;1;6;5
54;6;3;4;2;2;5;9;5;4;4;4;5;4;2;10;4;1;6
55;6;6;2;4;2;2;5;9;5;4;4;4;5;4;2;10;4;1
56;4;6;6;2;4;2;2;5;8;4;5;4;4;5;5;2;10;4
57;3;4;7;6;1;4;2;2;5;8;4;6;4;4;5;4;2;10
58;1;3;4;7;6;1;4;2;3;5;9;4;6;4;4;5;4;2
59;2;1;3;4;8;6;1;4;2;3;5;9;4;6;4;4;5;4
60;4;2;1;4;3;8;6;1;4;2;4;5;9;3;6;4;4;4
61;0;4;2;1;4;4;8;6;1;4;2;4;5;9;3;4;4;4
62;4;0;4;2;1;4;4;8;6;2;4;2;3;5;8;3;4;4
63;5;4;0;2;1;1;4;4;8;6;2;4;2;3;5;8;3;4
64;7;5;4;0;2;1;1;4;4;8;6;2;4;2;3;4;8;4
65;5;7;5;4;0;2;1;1;4;5;8;5;3;4;2;2;4;8
66;3;4;7;5;4;0;2;1;1;4;5;8;5;4;4;2;1;4
67;8;3;4;6;5;5;0;2;1;1;4;6;8;5;4;4;2;2
68;5;8;3;4;6;5;5;0;2;1;1;4;5;8;5;4;4;2
69;1;5;8;3;4;6;5;5;0;2;1;1;4;5;8;5;4;4
70;3;1;5;10;4;4;6;5;5;0;2;1;1;4;5;8;5;4
71;7;3;1;5;9;4;4;6;5;5;0;2;1;1;4;5;8;6
72;6;7;3;1;5;9;4;4;6;5;5;0;2;1;1;4;5;8
73;3;6;6;3;1;5;9;4;4;7;5;5;0;2;1;1;4;4
74;1;3;6;6;3;1;5;9;4;4;6;5;5;0;2;1;1;4
75;6;1;3;6;7;2;0;4;9;4;4;6;4;5;0;2;1;1
76;6;6;1;2;6;7;1;0;4;10;4;3;6;4;5;0;2;1
77;5;6;6;2;2;6;6;1;1;4;9;4;3;5;4;5;0;3
78;6;5;6;6;2;3;6;5;1;1;4;8;4;3;5;4;5;0
79;4;5;4;6;6;2;3;6;4;1;1;4;8;4;3;5;4;4
80;8;3;5;4;4;4;2;2;6;4;1;1;4;8;3;3;3;4
81;3;7;3;5;4;5;4;2;2;6;3;1;1;4;6;4;3;3
82;3;3;7;3;4;4;5;3;2;2;6;3;1;1;2;4;4;3
83;2;3;3;7;3;5;4;5;2;1;2;3;2;1;1;2;3;2
84;4;1;2;2;7;3;5;4;4;1;1;2;3;2;1;1;2;3
85;3;4;2;2;3;7;3;6;4;4;1;1;3;4;2;1;1;2
86;2;4;4;1;2;3;7;3;6;3;4;1;1;3;4;2;1;1
87;1;2;3;4;0;1;1;7;3;5;3;2;1;1;2;2;2;1
88;2;2;2;2;4;0;1;1;5;3;4;3;2;1;1;2;1;0
89;3;0;1;1;1;4;0;0;1;5;3;4;3;2;1;1;1;1
90;1;3;0;1;1;1;4;0;0;1;4;3;4;2;0;0;0;1
91;3;1;0;0;0;2;1;3;1;1;1;2;3;4;2;0;0;0
92;0;3;1;0;0;0;1;0;3;1;1;1;2;3;3;1;0;0
93;1;0;3;0;0;0;0;1;0;3;0;1;1;1;2;3;1;0
94;0;1;0;1;0;0;0;0;1;0;2;0;1;0;0;2;0;1
95;0;0;1;0;1;0;0;0;0;0;0;1;0;1;0;0;2;0
96;0;0;0;1;0;1;0;0;0;0;0;0;1;0;1;0;0;2
97;0;0;0;0;0;0;1;0;0;0;0;0;0;1;0;1;0;0
98;0;0;0;0;0;0;0;1;0;0;0;0;0;0;1;0;0;0
99;0;0;0;0;0;0;0;0;1;0;0;0;0;0;0;1;0;0
100 e oltre;0;0;0;0;0;0;0;0;0;1;1;0;0;0;0;0;1;1
Totale;317;321;305;295;295;309;294;293;304;304;297;285;283;282;282;261;253;254

"Ricostruzione della popolazione intercensuaria - Popolazione al 1° gennaio per età"
"Cittadinanza italiana - Comune: Goriano Sicoli"
Età/Anno;2002;2003;2004;2005;2006;2007;2008;2009;2010;2011;2012;2013;2014;2015;2016;2017;2018;2019
Età;Totale
0;3;2;5;2;7;5;4;3;3;4;4;2;0;1;1;3;3;3
1;4;3;2;4;2;6;4;4;4;3;4;4;4;0;1;2;4;3
2;3;5;2;1;3;2;6;4;4;3;2;3;4;4;0;1;1;6
3;6;2;5;2;1;3;2;6;4;4;3;2;3;4;4;0;1;0
4;4;6;2;4;2;1;3;2;7;4;4;3;2;3;4;5;0;1
5;5;4;5;2;4;2;1;3;2;8;4;4;3;2;3;3;5;0
6;3;5;4;5;1;4;2;1;4;2;8;4;4;3;1;3;2;5
7;5;3;5;4;5;2;4;2;2;4;2;7;4;4;3;2;3;2
8;4;5;3;5;4;5;2;4;2;3;4;1;7;4;4;3;4;3
9;7;5;5;3;5;4;5;2;4;3;3;4;1;7;5;4;3;4
10;6;7;3;4;3;5;4;5;2;4;3;2;4;2;7;4;4;3
11;4;6;7;3;4;3;4;4;5;2;4;3;2;4;2;7;4;4
12;7;4;6;7;3;4;3;4;4;5;2;4;3;3;4;2;7;4
13;3;7;4;6;8;3;4;3;4;4;5;2;4;4;4;4;2;7
14;6;3;6;4;6;8;3;4;3;4;4;5;2;4;4;4;4;2
15;4;6;3;7;4;6;8;3;4;3;4;4;5;2;4;4;4;4
16;12;4;6;3;8;4;6;8;3;4;3;4;4;5;2;4;4;3
17;11;12;4;5;4;9;4;6;8;3;4;3;4;4;7;2;4;4
18;6;11;13;4;5;4;9;4;6;8;3;4;3;6;4;7;2;4
19;3;6;11;13;4;5;3;9;4;6;8;3;4;3;6;4;7;3
20;5;2;7;12;13;4;5;3;9;4;6;8;3;4;3;6;6;7
21;5;5;1;7;12;14;4;5;3;8;4;6;8;3;4;3;6;6
22;9;5;6;1;7;12;12;4;6;4;7;4;6;8;3;4;3;6
23;11;9;4;6;2;7;12;12;4;6;4;7;4;6;8;3;4;4
24;7;11;9;5;6;1;7;12;12;4;6;4;7;3;6;8;3;4
25;4;7;10;9;5;5;0;7;12;12;4;6;4;8;3;6;7;3
26;4;5;7;7;8;5;5;1;8;11;12;4;7;4;8;3;6;5
27;5;3;3;8;7;9;5;6;2;8;11;9;4;6;4;5;3;4
28;15;6;1;1;8;8;8;5;6;2;8;11;10;5;6;3;5;2
29;2;15;5;1;1;7;7;7;6;6;2;8;11;10;6;6;4;5
30;6;2;14;3;0;1;6;8;9;5;5;2;7;11;10;6;4;5
31;4;7;3;13;3;0;1;6;11;8;5;5;2;7;10;9;6;4
32;8;4;6;2;12;6;0;2;7;11;9;5;5;2;6;8;9;6
33;10;8;4;4;3;13;4;0;5;7;11;8;5;6;2;5;8;8
34;2;10;6;3;5;3;10;5;0;4;6;11;8;5;4;3;6;6
35;11;2;10;6;3;7;2;9;5;1;4;6;10;7;5;4;4;5
36;7;12;2;10;6;2;7;2;10;6;1;3;6;10;8;6;3;4
37;11;8;11;1;10;6;2;7;2;11;5;1;3;6;9;8;5;5
38;6;11;7;12;1;10;6;3;7;2;11;5;1;3;6;10;8;4
39;7;8;10;7;12;2;10;6;3;5;2;10;5;1;4;5;8;8
40;14;7;8;9;7;13;2;10;7;3;4;0;10;5;1;4;5;8
41;6;14;7;7;9;7;11;2;12;7;3;4;0;10;5;1;4;5
42;4;6;14;6;7;10;7;11;2;12;7;3;4;0;10;5;1;6
43;10;5;6;14;6;6;9;7;11;2;12;10;4;3;0;9;5;1
44;12;10;5;7;14;7;4;9;7;11;1;13;9;4;3;0;9;5
45;10;12;10;5;7;14;7;3;9;8;11;1;13;8;4;3;0;9
46;9;10;10;10;4;7;14;8;3;9;8;11;1;13;9;4;4;0
47;10;10;10;10;10;4;7;14;8;3;9;8;11;1;13;9;4;4
48;8;10;10;11;10;10;5;6;14;8;3;9;8;11;2;12;10;4
49;9;8;9;10;11;10;10;4;7;14;8;3;9;8;11;2;13;10
50;3;9;8;9;10;11;10;10;4;7;14;8;4;9;8;11;2;13
51;7;3;9;8;9;11;11;11;10;4;7;14;8;4;9;8;10;2
52;14;7;3;9;10;9;11;12;12;9;4;7;14;8;4;9;8;11
53;12;14;8;3;9;10;9;11;12;12;9;4;7;14;8;4;10;8
54;9;12;13;8;3;9;11;10;11;11;12;9;4;7;16;8;4;11
55;7;9;11;13;8;3;9;11;10;11;11;12;8;4;7;16;8;4
56;5;7;9;11;12;8;3;10;11;9;11;11;12;9;5;7;16;8
57;6;5;8;9;10;13;8;3;10;11;9;11;11;12;8;4;7;16
58;4;6;4;8;9;10;13;8;4;10;11;9;11;12;12;8;4;7
59;4;4;6;4;9;9;11;13;8;4;10;11;10;11;11;12;8;4
60;5;4;4;6;3;9;10;11;13;8;4;10;11;9;11;11;11;8
61;5;5;4;4;6;4;8;10;11;13;8;4;10;11;9;11;11;11
62;4;5;5;4;4;6;4;8;9;12;13;8;6;11;11;8;11;11
63;9;4;5;4;3;4;6;4;8;9;12;13;7;6;11;9;8;11
64;11;9;4;5;4;3;4;6;4;8;9;12;12;7;6;10;9;8
65;6;11;9;4;4;4;3;4;5;5;8;8;13;12;7;6;10;9
66;4;6;12;9;4;4;4;3;5;5;5;8;8;16;11;7;5;10
67;10;4;6;11;8;5;4;4;3;5;5;6;8;8;15;11;7;6
68;7;10;4;6;11;8;5;4;4;3;5;5;5;8;8;14;11;7
69;7;7;10;4;6;11;8;5;4;4;3;5;6;5;8;8;14;11
70;8;8;7;12;5;6;11;8;5;3;4;3;5;6;5;8;8;14
71;8;8;8;8;11;5;5;11;8;5;3;4;4;5;6;5;8;9
72;11;8;8;8;8;11;5;5;11;8;5;2;4;4;5;6;5;8
73;9;11;7;8;8;8;11;5;5;11;8;5;2;4;4;5;6;4
74;3;9;11;7;8;8;8;11;5;6;10;8;5;1;4;4;4;6
75;8;3;9;11;9;7;7;7;11;5;6;10;7;5;1;4;4;4
76;11;8;2;6;11;9;6;7;7;13;5;5;9;7;5;0;4;4
77;7;11;7;2;5;11;8;6;8;8;12;5;5;9;7;5;0;5
78;9;8;11;7;2;6;11;7;6;8;8;11;5;5;8;7;5;0
79;6;8;7;11;7;2;6;10;6;6;8;6;11;5;5;7;7;4
80;9;5;8;6;9;6;2;5;10;6;6;8;6;11;4;5;5;4
81;5;8;5;8;6;9;6;2;5;10;5;6;6;6;9;5;5;5
82;5;5;8;5;7;5;9;5;2;5;10;5;6;4;4;7;5;5
83;2;4;5;8;4;6;5;8;4;1;5;7;4;6;3;4;5;3
84;5;1;3;4;7;4;6;5;7;3;1;5;6;4;6;3;4;5
85;3;5;2;4;5;7;4;7;5;6;3;1;6;6;4;5;3;4
86;3;4;5;1;4;5;7;4;7;4;6;3;1;5;6;4;4;2
87;2;2;3;4;0;3;3;7;3;6;4;4;3;1;4;4;3;4
88;2;2;2;2;4;0;3;3;5;3;5;3;4;3;1;4;3;1
89;5;0;1;1;1;4;0;2;3;5;3;5;3;4;2;1;4;2
90;1;4;0;1;1;1;4;0;2;3;4;3;6;2;1;0;0;4
91;4;1;1;0;0;2;1;3;1;3;3;2;3;6;2;1;0;0
92;0;4;1;1;0;0;1;0;3;1;3;3;2;3;5;1;1;0
93;2;0;4;0;0;0;0;1;0;3;0;3;3;1;2;5;1;1
94;0;2;0;1;0;0;0;0;1;0;2;0;1;2;0;2;2;1
95;0;0;2;0;1;0;0;0;0;0;0;1;0;1;1;0;2;0
96;0;0;0;2;0;1;0;0;0;0;0;0;1;0;1;0;0;2
97;0;0;0;0;0;0;1;0;0;0;0;0;0;1;0;1;0;0
98;0;0;0;0;0;0;0;1;0;0;0;0;0;0;1;0;0;0
99;0;0;0;0;0;0;0;0;1;0;0;0;0;0;0;1;0;0
100 e oltre;0;0;0;0;0;0;0;0;0;1;1;0;0;0;0;0;1;1
Totale;604;608;585;562;557;572;552;553;575;576;567;546;545;547;534;514;504;496
Età/Anno;2002;2003;2004;2005;2006;2007;2008;2009;2010;2011;2012;2013;2014;2015;2016;2017;2018;2019
Età;Maschi
0;1;1;4;1;4;4;2;2;0;0;3;1;0;1;1;2;1;1
1;2;1;1;3;1;5;3;2;3;0;0;3;2;0;1;2;2;0
2;2;3;1;0;2;1;5;3;2;2;0;0;3;2;0;1;1;4
3;4;1;3;1;0;2;1;5;3;2;2;0;0;3;2;0;1;0
4;2;4;1;3;1;0;2;1;5;3;2;2;0;0;3;3;0;1
5;2;2;3;1;3;1;0;2;1;5;3;2;2;0;0;3;3;0
6;2;2;2;3;0;3;1;0;3;1;5;3;2;2;0;0;2;3
7;4;2;2;2;3;1;3;1;1;3;1;5;3;2;2;0;0;2
8;1;4;2;2;2;3;1;3;1;1;3;1;5;3;2;2;0;0
9;4;1;4;2;2;2;3;1;3;1;1;3;1;5;3;2;2;0
10;4;4;1;3;2;2;2;3;1;3;1;1;3;1;5;3;2;2
11;1;4;4;1;3;2;2;2;3;1;3;1;1;3;1;5;3;2
12;3;1;4;4;1;3;2;2;2;3;1;3;1;1;3;1;5;3
13;2;3;1;4;5;1;3;2;2;2;3;1;3;2;1;3;1;5
14;2;2;2;1;4;5;1;3;2;2;2;3;1;3;2;1;3;1
15;2;2;2;2;1;4;5;1;3;2;2;2;3;1;3;2;1;3
16;8;2;2;2;2;1;4;5;1;3;2;2;2;3;1;3;2;1
17;8;8;2;1;3;2;1;4;5;1;3;2;2;2;5;1;3;2
18;5;8;9;2;1;3;3;1;4;5;1;3;2;3;2;5;1;3
19;2;5;8;9;2;1;3;3;1;4;5;1;3;2;3;2;5;1
20;4;2;5;8;9;2;1;3;3;1;4;5;1;3;2;3;2;5
21;3;4;1;5;8;9;2;1;3;3;1;4;5;1;3;2;3;2
22;8;3;4;1;5;8;8;2;2;3;3;1;4;5;1;3;2;3
23;8;8;3;4;1;5;8;8;2;2;3;3;1;4;5;1;3;3
24;4;8;8;3;4;1;5;8;8;2;2;3;3;0;4;5;1;3
25;1;4;7;8;3;3;0;5;8;8;2;2;3;3;0;4;4;1
26;2;1;4;6;8;3;3;0;5;8;8;2;2;3;3;0;4;3
27;4;1;0;4;6;9;3;3;0;5;8;6;2;2;3;3;0;2
28;7;4;1;0;4;6;8;3;3;1;5;8;7;3;2;2;3;0
29;0;7;4;1;0;4;6;7;3;3;1;5;8;6;3;2;3;3
30;3;0;7;2;0;0;4;6;8;3;3;1;4;8;7;3;2;4
31;4;3;0;6;2;0;0;4;8;8;3;3;1;4;7;7;3;2
32;3;4;3;0;6;3;0;0;4;8;9;3;3;1;3;6;7;2
33;9;2;4;1;0;5;3;0;1;5;8;8;3;4;1;3;6;5
34;2;9;2;3;1;0;4;3;0;2;4;8;8;3;2;1;3;4
35;1;2;9;3;3;2;0;3;3;1;2;4;7;7;3;2;1;2
36;5;1;2;9;3;2;2;0;4;3;1;1;4;7;7;4;3;1
37;5;5;0;1;9;3;2;2;0;5;3;1;1;4;6;7;3;4
38;4;5;4;1;1;9;3;3;2;0;5;3;1;1;4;6;7;2
39;3;5;4;4;1;2;9;3;3;2;0;4;3;1;1;3;5;7
40;6;3;5;3;4;2;2;9;3;3;2;0;4;3;1;1;3;6
41;4;6;3;5;3;4;1;2;10;2;3;2;0;4;3;1;1;3
42;0;4;6;4;5;4;4;1;2;10;2;3;2;0;4;3;1;3
43;5;1;4;6;4;5;3;4;1;2;10;4;4;1;0;3;3;1
44;7;5;1;5;6;4;3;3;4;1;1;11;3;4;1;0;3;3
45;6;7;5;1;5;6;4;2;3;4;1;1;11;3;4;1;0;3
46;6;6;7;5;0;5;6;5;2;3;4;1;1;11;4;4;2;0
47;6;7;6;7;4;0;5;6;5;2;3;4;1;1;11;4;4;2
48;3;6;7;6;7;4;0;4;6;5;2;3;4;1;2;10;5;4
49;5;3;5;7;6;7;4;0;5;6;5;2;3;4;1;2;11;5
50;2;5;3;5;7;6;7;4;0;5;6;5;3;3;4;1;2;11
51;6;2;5;3;5;8;6;8;4;0;5;6;5;3;3;4;1;2
52;9;6;2;5;4;5;8;7;8;4;0;5;6;5;3;3;4;1
53;9;9;6;2;5;4;5;8;7;8;4;0;5;6;5;3;4;4
54;3;9;9;6;2;5;4;6;8;7;8;4;0;5;6;5;3;5
55;1;3;9;9;6;2;5;4;6;8;7;8;3;0;5;6;5;3
56;1;1;3;9;8;6;2;6;4;5;8;7;8;4;0;5;6;5
57;3;1;1;3;9;9;6;2;6;4;5;8;7;8;3;0;5;6
58;3;3;0;1;3;9;9;6;2;6;4;5;8;8;8;3;0;5
59;2;3;3;0;1;3;10;9;6;2;6;4;6;8;7;8;3;0
60;1;2;3;3;0;1;4;10;9;6;2;6;4;6;8;7;7;4
61;5;1;2;3;3;0;0;4;10;9;6;2;6;4;6;8;7;7
62;0;5;1;2;3;3;0;0;3;10;9;6;4;7;4;5;8;7
63;4;0;5;2;2;3;3;0;0;3;10;9;5;4;7;2;5;8
64;4;4;0;5;2;2;3;3;0;0;3;10;8;5;4;7;2;5
65;1;4;4;0;4;2;2;3;2;0;0;3;10;8;5;4;7;2
66;1;2;5;4;0;4;2;2;4;2;0;0;3;12;7;5;4;7
67;2;1;2;5;3;0;4;2;2;4;2;0;0;3;11;7;5;4
68;2;2;1;2;5;3;0;4;2;2;4;2;0;0;3;10;7;5
69;6;2;2;1;2;5;3;0;4;2;2;4;3;0;0;3;10;7
70;5;7;2;2;1;2;5;3;0;3;2;2;4;3;0;0;3;10
71;1;5;7;3;2;1;1;5;3;0;3;2;3;4;3;0;0;3
72;5;1;5;7;3;2;1;1;5;3;0;2;2;3;4;3;0;0
73;6;5;1;5;7;3;2;1;1;5;3;0;2;2;3;4;3;0
74;2;6;5;1;5;7;3;2;1;2;5;3;0;1;2;3;3;3
75;2;2;6;5;2;5;7;3;2;1;2;5;3;0;1;2;3;3
76;5;2;1;4;5;2;5;7;3;3;1;2;4;3;0;0;2;3
77;2;5;1;0;3;5;2;5;7;4;3;1;2;5;3;0;0;2
78;3;3;5;1;0;3;5;2;5;7;4;3;1;2;4;3;0;0
79;2;3;3;5;1;0;3;4;2;5;7;2;3;1;2;3;3;0
80;1;2;3;2;5;2;0;3;4;2;5;7;2;3;1;2;3;0
81;2;1;2;3;2;4;2;0;3;4;2;5;5;2;3;1;2;3
82;2;2;1;2;3;1;4;2;0;3;4;2;5;3;2;3;1;2
83;0;1;2;1;1;1;1;3;2;0;3;4;2;5;2;2;2;1
84;1;0;1;2;0;1;1;1;3;2;0;3;3;2;5;2;2;2
85;0;1;0;2;2;0;1;1;1;2;2;0;3;2;2;4;2;2
86;1;0;1;0;2;2;0;1;1;1;2;2;0;2;2;2;3;1
87;1;0;0;0;0;2;2;0;0;1;1;2;2;0;2;2;1;3
88;0;0;0;0;0;0;2;2;0;0;1;0;2;2;0;2;2;1
89;2;0;0;0;0;0;0;2;2;0;0;1;0;2;1;0;3;1
90;0;1;0;0;0;0;0;0;2;2;0;0;2;0;1;0;0;3
91;1;0;1;0;0;0;0;0;0;2;2;0;0;2;0;1;0;0
92;0;1;0;1;0;0;0;0;0;0;2;2;0;0;2;0;1;0
93;1;0;1;0;0;0;0;0;0;0;0;2;2;0;0;2;0;1
94;0;1;0;0;0;0;0;0;0;0;0;0;0;2;0;0;2;0
95;0;0;1;0;0;0;0;0;0;0;0;0;0;0;1;0;0;0
96;0;0;0;1;0;0;0;0;0;0;0;0;0;0;0;0;0;0
97;0;0;0;0;0;0;0;0;0;0;0;0;0;0;0;0;0;0
98;0;0;0;0;0;0;0;0;0;0;0;0;0;0;0;0;0;0
99;0;0;0;0;0;0;0;0;0;0;0;0;0;0;0;0;0;0
100 e oltre;0;0;0;0;0;0;0;0;0;0;0;0;0;0;0;0;0;0
Totale;299;300;294;283;278;286;280;282;291;294;296;291;289;291;283;274;272;264
Età/Anno;2002;2003;2004;2005;2006;2007;2008;2009;2010;2011;2012;2013;2014;2015;2016;2017;2018;2019
Età;Femmine
0;2;1;1;1;3;1;2;1;3;4;1;1;0;0;0;1;2;2
1;2;2;1;1;1;1;1;2;1;3;4;1;2;0;0;0;2;3
2;1;2;1;1;1;1;1;1;2;1;2;3;1;2;0;0;0;2
3;2;1;2;1;1;1;1;1;1;2;1;2;3;1;2;0;0;0
4;2;2;1;1;1;1;1;1;2;1;2;1;2;3;1;2;0;0
5;3;2;2;1;1;1;1;1;1;3;1;2;1;2;3;0;2;0
6;1;3;2;2;1;1;1;1;1;1;3;1;2;1;1;3;0;2
7;1;1;3;2;2;1;1;1;1;1;1;2;1;2;1;2;3;0
8;3;1;1;3;2;2;1;1;1;2;1;0;2;1;2;1;4;3
9;3;4;1;1;3;2;2;1;1;2;2;1;0;2;2;2;1;4
10;2;3;2;1;1;3;2;2;1;1;2;1;1;1;2;1;2;1
11;3;2;3;2;1;1;2;2;2;1;1;2;1;1;1;2;1;2
12;4;3;2;3;2;1;1;2;2;2;1;1;2;2;1;1;2;1
13;1;4;3;2;3;2;1;1;2;2;2;1;1;2;3;1;1;2
14;4;1;4;3;2;3;2;1;1;2;2;2;1;1;2;3;1;1
15;2;4;1;5;3;2;3;2;1;1;2;2;2;1;1;2;3;1
16;4;2;4;1;6;3;2;3;2;1;1;2;2;2;1;1;2;2
17;3;4;2;4;1;7;3;2;3;2;1;1;2;2;2;1;1;2
18;1;3;4;2;4;1;6;3;2;3;2;1;1;3;2;2;1;1
19;1;1;3;4;2;4;0;6;3;2;3;2;1;1;3;2;2;2
20;1;0;2;4;4;2;4;0;6;3;2;3;2;1;1;3;4;2
21;2;1;0;2;4;5;2;4;0;5;3;2;3;2;1;1;3;4
22;1;2;2;0;2;4;4;2;4;1;4;3;2;3;2;1;1;3
23;3;1;1;2;1;2;4;4;2;4;1;4;3;2;3;2;1;1
24;3;3;1;2;2;0;2;4;4;2;4;1;4;3;2;3;2;1
25;3;3;3;1;2;2;0;2;4;4;2;4;1;5;3;2;3;2
26;2;4;3;1;0;2;2;1;3;3;4;2;5;1;5;3;2;2
27;1;2;3;4;1;0;2;3;2;3;3;3;2;4;1;2;3;2
28;8;2;0;1;4;2;0;2;3;1;3;3;3;2;4;1;2;2
29;2;8;1;0;1;3;1;0;3;3;1;3;3;4;3;4;1;2
30;3;2;7;1;0;1;2;2;1;2;2;1;3;3;3;3;2;1
31;0;4;3;7;1;0;1;2;3;0;2;2;1;3;3;2;3;2
32;5;0;3;2;6;3;0;2;3;3;0;2;2;1;3;2;2;4
33;1;6;0;3;3;8;1;0;4;2;3;0;2;2;1;2;2;3
34;0;1;4;0;4;3;6;2;0;2;2;3;0;2;2;2;3;2
35;10;0;1;3;0;5;2;6;2;0;2;2;3;0;2;2;3;3
36;2;11;0;1;3;0;5;2;6;3;0;2;2;3;1;2;0;3
37;6;3;11;0;1;3;0;5;2;6;2;0;2;2;3;1;2;1
38;2;6;3;11;0;1;3;0;5;2;6;2;0;2;2;4;1;2
39;4;3;6;3;11;0;1;3;0;3;2;6;2;0;3;2;3;1
40;8;4;3;6;3;11;0;1;4;0;2;0;6;2;0;3;2;2
41;2;8;4;2;6;3;10;0;2;5;0;2;0;6;2;0;3;2
42;4;2;8;2;2;6;3;10;0;2;5;0;2;0;6;2;0;3
43;5;4;2;8;2;1;6;3;10;0;2;6;0;2;0;6;2;0
44;5;5;4;2;8;3;1;6;3;10;0;2;6;0;2;0;6;2
45;4;5;5;4;2;8;3;1;6;4;10;0;2;5;0;2;0;6
46;3;4;3;5;4;2;8;3;1;6;4;10;0;2;5;0;2;0
47;4;3;4;3;6;4;2;8;3;1;6;4;10;0;2;5;0;2
48;5;4;3;5;3;6;5;2;8;3;1;6;4;10;0;2;5;0
49;4;5;4;3;5;3;6;4;2;8;3;1;6;4;10;0;2;5
50;1;4;5;4;3;5;3;6;4;2;8;3;1;6;4;10;0;2
51;1;1;4;5;4;3;5;3;6;4;2;8;3;1;6;4;9;0
52;5;1;1;4;6;4;3;5;4;5;4;2;8;3;1;6;4;10
53;3;5;2;1;4;6;4;3;5;4;5;4;2;8;3;1;6;4
54;6;3;4;2;1;4;7;4;3;4;4;5;4;2;10;3;1;6
55;6;6;2;4;2;1;4;7;4;3;4;4;5;4;2;10;3;1
56;4;6;6;2;4;2;1;4;7;4;3;4;4;5;5;2;10;3
57;3;4;7;6;1;4;2;1;4;7;4;3;4;4;5;4;2;10
58;1;3;4;7;6;1;4;2;2;4;7;4;3;4;4;5;4;2
59;2;1;3;4;8;6;1;4;2;2;4;7;4;3;4;4;5;4
60;4;2;1;3;3;8;6;1;4;2;2;4;7;3;3;4;4;4
61;0;4;2;1;3;4;8;6;1;4;2;2;4;7;3;3;4;4
62;4;0;4;2;1;3;4;8;6;2;4;2;2;4;7;3;3;4
63;5;4;0;2;1;1;3;4;8;6;2;4;2;2;4;7;3;3
64;7;5;4;0;2;1;1;3;4;8;6;2;4;2;2;3;7;3
65;5;7;5;4;0;2;1;1;3;5;8;5;3;4;2;2;3;7
66;3;4;7;5;4;0;2;1;1;3;5;8;5;4;4;2;1;3
67;8;3;4;6;5;5;0;2;1;1;3;6;8;5;4;4;2;2
68;5;8;3;4;6;5;5;0;2;1;1;3;5;8;5;4;4;2
69;1;5;8;3;4;6;5;5;0;2;1;1;3;5;8;5;4;4
70;3;1;5;10;4;4;6;5;5;0;2;1;1;3;5;8;5;4
71;7;3;1;5;9;4;4;6;5;5;0;2;1;1;3;5;8;6
72;6;7;3;1;5;9;4;4;6;5;5;0;2;1;1;3;5;8
73;3;6;6;3;1;5;9;4;4;6;5;5;0;2;1;1;3;4
74;1;3;6;6;3;1;5;9;4;4;5;5;5;0;2;1;1;3
75;6;1;3;6;7;2;0;4;9;4;4;5;4;5;0;2;1;1
76;6;6;1;2;6;7;1;0;4;10;4;3;5;4;5;0;2;1
77;5;6;6;2;2;6;6;1;1;4;9;4;3;4;4;5;0;3
78;6;5;6;6;2;3;6;5;1;1;4;8;4;3;4;4;5;0
79;4;5;4;6;6;2;3;6;4;1;1;4;8;4;3;4;4;4
80;8;3;5;4;4;4;2;2;6;4;1;1;4;8;3;3;2;4
81;3;7;3;5;4;5;4;2;2;6;3;1;1;4;6;4;3;2
82;3;3;7;3;4;4;5;3;2;2;6;3;1;1;2;4;4;3
83;2;3;3;7;3;5;4;5;2;1;2;3;2;1;1;2;3;2
84;4;1;2;2;7;3;5;4;4;1;1;2;3;2;1;1;2;3
85;3;4;2;2;3;7;3;6;4;4;1;1;3;4;2;1;1;2
86;2;4;4;1;2;3;7;3;6;3;4;1;1;3;4;2;1;1
87;1;2;3;4;0;1;1;7;3;5;3;2;1;1;2;2;2;1
88;2;2;2;2;4;0;1;1;5;3;4;3;2;1;1;2;1;0
89;3;0;1;1;1;4;0;0;1;5;3;4;3;2;1;1;1;1
90;1;3;0;1;1;1;4;0;0;1;4;3;4;2;0;0;0;1
91;3;1;0;0;0;2;1;3;1;1;1;2;3;4;2;0;0;0
92;0;3;1;0;0;0;1;0;3;1;1;1;2;3;3;1;0;0
93;1;0;3;0;0;0;0;1;0;3;0;1;1;1;2;3;1;0
94;0;1;0;1;0;0;0;0;1;0;2;0;1;0;0;2;0;1
95;0;0;1;0;1;0;0;0;0;0;0;1;0;1;0;0;2;0
96;0;0;0;1;0;1;0;0;0;0;0;0;1;0;1;0;0;2
97;0;0;0;0;0;0;1;0;0;0;0;0;0;1;0;1;0;0
98;0;0;0;0;0;0;0;1;0;0;0;0;0;0;1;0;0;0
99;0;0;0;0;0;0;0;0;1;0;0;0;0;0;0;1;0;0
100 e oltre;0;0;0;0;0;0;0;0;0;1;1;0;0;0;0;0;1;1
Totale;305;308;291;279;279;286;272;271;284;282;271;255;256;256;251;240;232;232

"Ricostruzione della popolazione intercensuaria - Popolazione al 1° gennaio per età"
"Cittadinanza straniera - Comune: Goriano Sicoli"
Età/Anno;2002;2003;2004;2005;2006;2007;2008;2009;2010;2011;2012;2013;2014;2015;2016;2017;2018;2019
Età;Totale
0;0;1;0;0;1;0;0;0;0;0;0;0;0;0;0;0;0;0
1;0;0;1;0;1;0;1;0;0;0;0;0;0;0;0;0;0;0
2;0;0;2;1;0;0;0;0;0;0;0;0;0;0;0;0;0;0
3;1;0;0;2;1;0;0;0;0;0;0;1;0;0;0;0;0;0
4;0;1;0;0;2;1;0;0;0;0;0;0;1;0;0;0;0;0
5;2;0;2;1;0;2;1;0;0;0;0;0;0;1;0;0;0;0
6;0;2;0;2;1;0;2;1;0;0;0;0;0;0;2;0;0;0
7;1;0;2;0;2;1;0;2;1;0;0;0;0;0;0;1;0;0
8;0;1;0;2;0;2;0;0;1;1;0;0;0;0;0;0;0;0
9;1;0;1;0;1;0;2;0;0;1;1;0;0;0;0;0;0;0
10;1;1;0;1;0;1;0;2;0;0;1;2;0;0;0;0;0;0
11;0;1;2;0;0;0;2;0;2;0;0;1;2;0;0;0;0;0
12;1;0;1;2;0;0;0;2;0;2;0;0;1;2;0;0;0;0
13;1;1;0;1;1;0;0;0;3;0;2;0;0;0;1;0;0;0
14;0;1;1;0;0;1;0;0;0;3;0;1;0;0;0;0;0;0
15;1;0;0;1;0;0;1;0;0;0;3;0;1;0;0;0;0;0
16;0;1;0;1;0;0;0;1;0;1;0;3;0;1;0;0;0;1
17;0;0;1;0;0;0;0;0;1;0;1;0;3;0;0;0;0;0
18;1;0;0;0;0;0;0;0;0;1;0;1;1;1;0;0;0;0
19;0;1;0;0;0;0;0;0;0;1;1;0;1;1;1;1;0;0
20;1;0;0;0;0;0;0;0;0;0;1;2;0;1;1;0;1;0
21;1;1;0;0;0;0;0;0;0;0;0;2;2;0;1;1;0;1
22;0;0;0;0;0;0;0;0;0;0;0;0;2;2;0;1;1;0
23;0;0;0;0;0;0;0;0;0;0;1;0;0;2;2;0;1;0
24;0;0;0;0;0;0;0;0;0;0;0;1;0;0;3;2;0;1
25;0;0;0;0;0;0;0;0;0;0;0;0;0;0;1;2;2;1
26;0;1;0;0;1;0;0;0;0;0;0;0;0;0;0;1;2;1
27;0;0;1;0;0;0;0;0;0;0;0;0;0;0;0;0;1;1
28;1;0;0;1;0;1;1;0;0;0;0;0;0;0;0;0;0;1
29;1;1;1;0;0;1;3;1;0;0;2;0;0;0;0;0;0;0
30;1;1;2;1;0;1;0;1;2;0;0;2;0;1;0;0;0;0
31;0;1;1;2;2;1;2;0;0;1;0;0;2;0;1;0;0;0
32;0;0;0;1;2;2;0;1;0;0;2;0;1;2;0;1;0;0
33;0;0;1;0;1;2;2;0;1;0;0;2;0;1;2;0;1;0
34;0;0;0;1;0;1;2;2;0;0;0;0;2;0;1;1;0;1
35;0;0;0;0;0;0;1;1;2;0;0;0;0;2;0;1;1;0
36;2;0;0;1;0;0;0;1;2;3;0;1;0;0;2;0;2;1
37;0;2;0;0;2;0;0;1;1;2;3;0;1;0;0;2;0;1
38;0;0;2;0;0;2;0;0;1;1;2;3;0;1;0;0;1;0
39;0;0;1;2;0;0;2;0;0;1;1;3;3;0;2;0;0;1
40;2;0;0;1;2;0;0;2;0;1;1;1;2;3;0;1;0;1
41;0;3;0;0;1;2;0;0;2;0;1;1;1;2;3;0;1;0
42;1;0;2;0;0;1;2;0;0;3;0;1;1;1;1;2;0;1
43;0;1;0;1;0;1;1;2;0;0;3;0;1;1;2;1;2;0
44;0;0;0;0;0;0;1;1;2;0;0;3;0;1;1;2;1;2
45;1;0;0;0;0;0;0;1;1;2;0;0;2;0;1;2;2;1
46;0;1;0;1;0;0;0;1;0;1;2;0;0;2;1;1;1;1
47;0;0;0;0;1;0;0;0;1;0;1;2;0;0;3;0;1;1
48;1;0;0;0;0;1;0;0;0;2;0;1;1;0;0;3;0;1
49;0;1;0;0;0;0;1;0;0;0;2;0;1;1;0;0;2;0
50;2;0;0;0;0;0;0;1;0;0;0;1;0;1;1;0;0;2
51;0;2;0;1;0;0;0;0;1;0;0;0;0;0;0;1;0;0
52;0;0;2;0;1;0;0;0;0;1;0;0;0;0;0;0;1;0
53;0;0;0;2;0;3;0;1;0;0;1;0;0;0;1;0;0;1
54;0;0;0;0;1;1;2;1;1;0;0;1;0;0;1;1;0;0
55;0;0;0;0;0;1;1;2;1;1;0;0;2;0;0;1;1;1
56;0;0;0;0;0;0;1;1;1;0;2;0;0;1;0;0;1;1
57;0;0;0;0;0;0;0;1;1;1;0;3;0;0;1;0;0;1
58;0;0;0;0;0;0;0;0;1;1;2;0;3;0;0;0;0;0
59;0;0;0;0;0;0;0;0;0;2;1;2;0;3;0;0;1;0
60;0;0;0;1;0;0;0;0;0;0;3;1;2;0;3;0;0;1
61;0;0;0;0;1;0;0;0;0;1;0;3;1;2;0;1;0;0
62;0;0;0;0;0;1;0;0;0;0;1;0;1;1;1;0;1;0
63;0;0;0;0;0;0;1;0;0;0;0;1;0;1;1;1;0;1
64;0;0;0;1;0;0;0;1;0;0;0;0;1;0;1;1;1;1
65;0;0;0;0;1;0;0;0;1;0;0;0;0;1;0;0;1;1
66;0;0;0;0;0;1;0;0;0;1;0;0;0;0;1;0;0;1
67;0;0;0;0;0;0;1;0;0;0;1;0;0;0;0;1;0;0
68;0;0;0;0;0;0;0;0;0;0;0;1;0;0;0;0;1;1
69;0;0;0;0;0;0;0;0;0;0;0;0;1;0;0;0;0;1
70;0;0;0;0;0;0;0;0;0;0;0;0;0;1;0;0;0;0
71;0;0;0;0;0;0;0;0;0;1;0;0;0;0;1;0;0;0
72;0;0;0;0;0;0;0;0;0;0;1;0;0;0;0;1;0;0
73;0;0;0;0;0;0;0;0;0;1;0;1;0;0;0;0;1;0
74;0;0;0;0;0;0;0;0;0;0;1;0;1;0;0;0;0;1
75;0;0;0;0;0;0;0;0;0;0;0;1;0;1;0;0;0;0
76;0;0;0;0;0;0;0;0;0;0;0;0;1;0;1;0;0;0
77;0;0;0;0;0;0;0;0;0;0;0;0;0;1;0;1;0;0
78;0;0;0;0;0;0;0;0;0;0;0;0;0;0;1;0;1;0
79;0;0;0;0;0;0;0;0;0;0;0;0;0;0;0;1;0;1
80;0;0;0;0;0;0;0;0;0;0;0;0;0;0;0;0;1;0
81;0;0;0;0;0;0;0;0;0;0;0;0;0;0;0;0;0;1
82;0;0;0;0;0;0;0;0;0;0;0;0;0;0;0;0;0;0
83;0;0;0;0;0;0;0;0;0;0;0;0;0;0;0;0;0;0
84;0;0;0;0;0;0;0;0;0;0;0;0;0;0;0;0;0;0
85;0;0;0;0;0;0;0;0;0;0;0;0;0;0;0;0;0;0
86;0;0;0;0;0;0;0;0;0;0;0;0;0;0;0;0;0;0
87;0;0;0;0;0;0;0;0;0;0;0;0;0;0;0;0;0;0
88;0;0;0;0;0;0;0;0;0;0;0;0;0;0;0;0;0;0
89;0;0;0;0;0;0;0;0;0;0;0;0;0;0;0;0;0;0
90;0;0;0;0;0;0;0;0;0;0;0;0;0;0;0;0;0;0
91;0;0;0;0;0;0;0;0;0;0;0;0;0;0;0;0;0;0
92;0;0;0;0;0;0;0;0;0;0;0;0;0;0;0;0;0;0
93;0;0;0;0;0;0;0;0;0;0;0;0;0;0;0;0;0;0
94;0;0;0;0;0;0;0;0;0;0;0;0;0;0;0;0;0;0
95;0;0;0;0;0;0;0;0;0;0;0;0;0;0;0;0;0;0
96;0;0;0;0;0;0;0;0;0;0;0;0;0;0;0;0;0;0
97;0;0;0;0;0;0;0;0;0;0;0;0;0;0;0;0;0;0
98;0;0;0;0;0;0;0;0;0;0;0;0;0;0;0;0;0;0
99;0;0;0;0;0;0;0;0;0;0;0;0;0;0;0;0;0;0
100 e oltre;0;0;0;0;0;0;0;0;0;0;0;0;0;0;0;0;0;0
Totale;24;26;26;31;26;31;33;31;30;37;44;49;45;42;46;36;34;35
Età/Anno;2002;2003;2004;2005;2006;2007;2008;2009;2010;2011;2012;2013;2014;2015;2016;2017;2018;2019
Età;Maschi
0;0;0;0;0;1;0;0;0;0;0;0;0;0;0;0;0;0;0
1;0;0;0;0;0;0;1;0;0;0;0;0;0;0;0;0;0;0
2;0;0;1;0;0;0;0;0;0;0;0;0;0;0;0;0;0;0
3;1;0;0;1;0;0;0;0;0;0;0;0;0;0;0;0;0;0
4;0;1;0;0;1;0;0;0;0;0;0;0;0;0;0;0;0;0
5;1;0;2;0;0;1;0;0;0;0;0;0;0;0;0;0;0;0
6;0;1;0;2;0;0;1;0;0;0;0;0;0;0;0;0;0;0
7;1;0;1;0;2;0;0;1;0;0;0;0;0;0;0;0;0;0
8;0;1;0;1;0;2;0;0;1;0;0;0;0;0;0;0;0;0
9;1;0;1;0;1;0;2;0;0;1;0;0;0;0;0;0;0;0
10;0;1;0;1;0;1;0;2;0;0;1;0;0;0;0;0;0;0
11;0;0;1;0;0;0;1;0;2;0;0;1;0;0;0;0;0;0
12;0;0;0;1;0;0;0;1;0;2;0;0;1;0;0;0;0;0
13;1;0;0;0;0;0;0;0;2;0;2;0;0;0;0;0;0;0
14;0;1;0;0;0;0;0;0;0;2;0;1;0;0;0;0;0;0
15;1;0;0;0;0;0;0;0;0;0;2;0;1;0;0;0;0;0
16;0;1;0;1;0;0;0;0;0;1;0;2;0;1;0;0;0;0
17;0;0;1;0;0;0;0;0;0;0;1;0;2;0;0;0;0;0
18;1;0;0;0;0;0;0;0;0;0;0;1;1;1;0;0;0;0
19;0;1;0;0;0;0;0;0;0;0;0;0;1;1;1;1;0;0
20;0;0;0;0;0;0;0;0;0;0;0;1;0;1;1;0;1;0
21;0;0;0;0;0;0;0;0;0;0;0;0;1;0;0;1;0;1
22;0;0;0;0;0;0;0;0;0;0;0;0;0;1;0;0;1;0
23;0;0;0;0;0;0;0;0;0;0;1;0;0;0;2;0;0;0
24;0;0;0;0;0;0;0;0;0;0;0;1;0;0;0;2;0;0
25;0;0;0;0;0;0;0;0;0;0;0;0;0;0;0;0;2;0
26;0;1;0;0;1;0;0;0;0;0;0;0;0;0;0;0;0;1
27;0;0;1;0;0;0;0;0;0;0;0;0;0;0;0;0;0;0
28;0;0;0;1;0;0;1;0;0;0;0;0;0;0;0;0;0;0
29;0;0;0;0;0;0;1;1;0;0;1;0;0;0;0;0;0;0
30;1;0;0;0;0;0;0;0;1;0;0;1;0;1;0;0;0;0
31;0;1;0;0;0;0;0;0;0;1;0;0;1;0;1;0;0;0
32;0;0;0;0;0;0;0;0;0;0;2;0;0;1;0;1;0;0
33;0;0;1;0;0;0;0;0;0;0;0;2;0;0;1;0;1;0
34;0;0;0;1;0;0;0;0;0;0;0;0;2;0;0;1;0;1
35;0;0;0;0;0;0;0;0;0;0;0;0;0;2;0;0;1;0
36;0;0;0;1;0;0;0;0;0;0;0;0;0;0;2;0;0;1
37;0;0;0;0;1;0;0;1;0;0;0;0;0;0;0;2;0;0
38;0;0;0;0;0;1;0;0;1;0;0;0;0;0;0;0;1;0
39;0;0;1;0;0;0;1;0;0;1;0;1;0;0;0;0;0;1
40;1;0;0;1;0;0;0;1;0;0;1;0;1;0;0;0;0;0
41;0;1;0;0;1;0;0;0;1;0;0;1;0;1;0;0;0;0
42;1;0;1;0;0;1;0;0;0;2;0;0;1;0;0;0;0;0
43;0;1;0;1;0;0;1;0;0;0;2;0;0;1;0;0;0;0
44;0;0;0;0;0;0;0;1;0;0;0;2;0;0;1;0;0;0
45;0;0;0;0;0;0;0;0;1;0;0;0;1;0;0;2;0;0
46;0;0;0;1;0;0;0;0;0;1;0;0;0;1;0;0;1;0
47;0;0;0;0;1;0;0;0;0;0;1;0;0;0;2;0;0;1
48;0;0;0;0;0;1;0;0;0;0;0;1;0;0;0;2;0;0
49;0;0;0;0;0;0;1;0;0;0;0;0;1;0;0;0;1;0
50;2;0;0;0;0;0;0;1;0;0;0;0;0;1;0;0;0;1
51;0;2;0;0;0;0;0;0;1;0;0;0;0;0;0;0;0;0
52;0;0;1;0;0;0;0;0;0;1;0;0;0;0;0;0;0;0
53;0;0;0;1;0;0;0;0;0;0;1;0;0;0;0;0;0;0
54;0;0;0;0;0;0;0;0;0;0;0;1;0;0;1;0;0;0
55;0;0;0;0;0;0;0;0;0;0;0;0;2;0;0;1;0;1
56;0;0;0;0;0;0;0;0;0;0;0;0;0;1;0;0;1;0
57;0;0;0;0;0;0;0;0;0;0;0;0;0;0;1;0;0;1
58;0;0;0;0;0;0;0;0;0;0;0;0;0;0;0;0;0;0
59;0;0;0;0;0;0;0;0;0;1;0;0;0;0;0;0;1;0
60;0;0;0;0;0;0;0;0;0;0;1;0;0;0;0;0;0;1
61;0;0;0;0;0;0;0;0;0;1;0;1;0;0;0;0;0;0
62;0;0;0;0;0;0;0;0;0;0;1;0;0;0;0;0;0;0
63;0;0;0;0;0;0;0;0;0;0;0;1;0;0;0;0;0;0
64;0;0;0;1;0;0;0;0;0;0;0;0;1;0;0;0;0;0
65;0;0;0;0;1;0;0;0;0;0;0;0;0;1;0;0;0;0
66;0;0;0;0;0;1;0;0;0;0;0;0;0;0;1;0;0;0
67;0;0;0;0;0;0;1;0;0;0;0;0;0;0;0;1;0;0
68;0;0;0;0;0;0;0;0;0;0;0;0;0;0;0;0;1;1
69;0;0;0;0;0;0;0;0;0;0;0;0;0;0;0;0;0;1
70;0;0;0;0;0;0;0;0;0;0;0;0;0;0;0;0;0;0
71;0;0;0;0;0;0;0;0;0;1;0;0;0;0;0;0;0;0
72;0;0;0;0;0;0;0;0;0;0;1;0;0;0;0;0;0;0
73;0;0;0;0;0;0;0;0;0;0;0;1;0;0;0;0;0;0
74;0;0;0;0;0;0;0;0;0;0;0;0;1;0;0;0;0;0
75;0;0;0;0;0;0;0;0;0;0;0;0;0;1;0;0;0;0
76;0;0;0;0;0;0;0;0;0;0;0;0;0;0;1;0;0;0
77;0;0;0;0;0;0;0;0;0;0;0;0;0;0;0;1;0;0
78;0;0;0;0;0;0;0;0;0;0;0;0;0;0;0;0;1;0
79;0;0;0;0;0;0;0;0;0;0;0;0;0;0;0;0;0;1
80;0;0;0;0;0;0;0;0;0;0;0;0;0;0;0;0;0;0
81;0;0;0;0;0;0;0;0;0;0;0;0;0;0;0;0;0;0
82;0;0;0;0;0;0;0;0;0;0;0;0;0;0;0;0;0;0
83;0;0;0;0;0;0;0;0;0;0;0;0;0;0;0;0;0;0
84;0;0;0;0;0;0;0;0;0;0;0;0;0;0;0;0;0;0
85;0;0;0;0;0;0;0;0;0;0;0;0;0;0;0;0;0;0
86;0;0;0;0;0;0;0;0;0;0;0;0;0;0;0;0;0;0
87;0;0;0;0;0;0;0;0;0;0;0;0;0;0;0;0;0;0
88;0;0;0;0;0;0;0;0;0;0;0;0;0;0;0;0;0;0
89;0;0;0;0;0;0;0;0;0;0;0;0;0;0;0;0;0;0
90;0;0;0;0;0;0;0;0;0;0;0;0;0;0;0;0;0;0
91;0;0;0;0;0;0;0;0;0;0;0;0;0;0;0;0;0;0
92;0;0;0;0;0;0;0;0;0;0;0;0;0;0;0;0;0;0
93;0;0;0;0;0;0;0;0;0;0;0;0;0;0;0;0;0;0
94;0;0;0;0;0;0;0;0;0;0;0;0;0;0;0;0;0;0
95;0;0;0;0;0;0;0;0;0;0;0;0;0;0;0;0;0;0
96;0;0;0;0;0;0;0;0;0;0;0;0;0;0;0;0;0;0
97;0;0;0;0;0;0;0;0;0;0;0;0;0;0;0;0;0;0
98;0;0;0;0;0;0;0;0;0;0;0;0;0;0;0;0;0;0
99;0;0;0;0;0;0;0;0;0;0;0;0;0;0;0;0;0;0
100 e oltre;0;0;0;0;0;0;0;0;0;0;0;0;0;0;0;0;0;0
Totale;12;13;12;15;10;8;11;9;10;15;18;19;18;16;15;15;13;13
Età/Anno;2002;2003;2004;2005;2006;2007;2008;2009;2010;2011;2012;2013;2014;2015;2016;2017;2018;2019
Età;Femmine
0;0;1;0;0;0;0;0;0;0;0;0;0;0;0;0;0;0;0
1;0;0;1;0;1;0;0;0;0;0;0;0;0;0;0;0;0;0
2;0;0;1;1;0;0;0;0;0;0;0;0;0;0;0;0;0;0
3;0;0;0;1;1;0;0;0;0;0;0;1;0;0;0;0;0;0
4;0;0;0;0;1;1;0;0;0;0;0;0;1;0;0;0;0;0
5;1;0;0;1;0;1;1;0;0;0;0;0;0;1;0;0;0;0
6;0;1;0;0;1;0;1;1;0;0;0;0;0;0;2;0;0;0
7;0;0;1;0;0;1;0;1;1;0;0;0;0;0;0;1;0;0
8;0;0;0;1;0;0;0;0;0;1;0;0;0;0;0;0;0;0
9;0;0;0;0;0;0;0;0;0;0;1;0;0;0;0;0;0;0
10;1;0;0;0;0;0;0;0;0;0;0;2;0;0;0;0;0;0
11;0;1;1;0;0;0;1;0;0;0;0;0;2;0;0;0;0;0
12;1;0;1;1;0;0;0;1;0;0;0;0;0;2;0;0;0;0
13;0;1;0;1;1;0;0;0;1;0;0;0;0;0;1;0;0;0
14;0;0;1;0;0;1;0;0;0;1;0;0;0;0;0;0;0;0
15;0;0;0;1;0;0;1;0;0;0;1;0;0;0;0;0;0;0
16;0;0;0;0;0;0;0;1;0;0;0;1;0;0;0;0;0;1
17;0;0;0;0;0;0;0;0;1;0;0;0;1;0;0;0;0;0
18;0;0;0;0;0;0;0;0;0;1;0;0;0;0;0;0;0;0
19;0;0;0;0;0;0;0;0;0;1;1;0;0;0;0;0;0;0
20;1;0;0;0;0;0;0;0;0;0;1;1;0;0;0;0;0;0
21;1;1;0;0;0;0;0;0;0;0;0;2;1;0;1;0;0;0
22;0;0;0;0;0;0;0;0;0;0;0;0;2;1;0;1;0;0
23;0;0;0;0;0;0;0;0;0;0;0;0;0;2;0;0;1;0
24;0;0;0;0;0;0;0;0;0;0;0;0;0;0;3;0;0;1
25;0;0;0;0;0;0;0;0;0;0;0;0;0;0;1;2;0;1
26;0;0;0;0;0;0;0;0;0;0;0;0;0;0;0;1;2;0
27;0;0;0;0;0;0;0;0;0;0;0;0;0;0;0;0;1;1
28;1;0;0;0;0;1;0;0;0;0;0;0;0;0;0;0;0;1
29;1;1;1;0;0;1;2;0;0;0;1;0;0;0;0;0;0;0
30;0;1;2;1;0;1;0;1;1;0;0;1;0;0;0;0;0;0
31;0;0;1;2;2;1;2;0;0;0;0;0;1;0;0;0;0;0
32;0;0;0;1;2;2;0;1;0;0;0;0;1;1;0;0;0;0
33;0;0;0;0;1;2;2;0;1;0;0;0;0;1;1;0;0;0
34;0;0;0;0;0;1;2;2;0;0;0;0;0;0;1;0;0;0
35;0;0;0;0;0;0;1;1;2;0;0;0;0;0;0;1;0;0
36;2;0;0;0;0;0;0;1;2;3;0;1;0;0;0;0;2;0
37;0;2;0;0;1;0;0;0;1;2;3;0;1;0;0;0;0;1
38;0;0;2;0;0;1;0;0;0;1;2;3;0;1;0;0;0;0
39;0;0;0;2;0;0;1;0;0;0;1;2;3;0;2;0;0;0
40;1;0;0;0;2;0;0;1;0;1;0;1;1;3;0;1;0;1
41;0;2;0;0;0;2;0;0;1;0;1;0;1;1;3;0;1;0
42;0;0;1;0;0;0;2;0;0;1;0;1;0;1;1;2;0;1
43;0;0;0;0;0;1;0;2;0;0;1;0;1;0;2;1;2;0
44;0;0;0;0;0;0;1;0;2;0;0;1;0;1;0;2;1;2
45;1;0;0;0;0;0;0;1;0;2;0;0;1;0;1;0;2;1
46;0;1;0;0;0;0;0;1;0;0;2;0;0;1;1;1;0;1
47;0;0;0;0;0;0;0;0;1;0;0;2;0;0;1;0;1;0
48;1;0;0;0;0;0;0;0;0;2;0;0;1;0;0;1;0;1
49;0;1;0;0;0;0;0;0;0;0;2;0;0;1;0;0;1;0
50;0;0;0;0;0;0;0;0;0;0;0;1;0;0;1;0;0;1
51;0;0;0;1;0;0;0;0;0;0;0;0;0;0;0;1;0;0
52;0;0;1;0;1;0;0;0;0;0;0;0;0;0;0;0;1;0
53;0;0;0;1;0;3;0;1;0;0;0;0;0;0;1;0;0;1
54;0;0;0;0;1;1;2;1;1;0;0;0;0;0;0;1;0;0
55;0;0;0;0;0;1;1;2;1;1;0;0;0;0;0;0;1;0
56;0;0;0;0;0;0;1;1;1;0;2;0;0;0;0;0;0;1
57;0;0;0;0;0;0;0;1;1;1;0;3;0;0;0;0;0;0
58;0;0;0;0;0;0;0;0;1;1;2;0;3;0;0;0;0;0
59;0;0;0;0;0;0;0;0;0;1;1;2;0;3;0;0;0;0
60;0;0;0;1;0;0;0;0;0;0;2;1;2;0;3;0;0;0
61;0;0;0;0;1;0;0;0;0;0;0;2;1;2;0;1;0;0
62;0;0;0;0;0;1;0;0;0;0;0;0;1;1;1;0;1;0
63;0;0;0;0;0;0;1;0;0;0;0;0;0;1;1;1;0;1
64;0;0;0;0;0;0;0;1;0;0;0;0;0;0;1;1;1;1
65;0;0;0;0;0;0;0;0;1;0;0;0;0;0;0;0;1;1
66;0;0;0;0;0;0;0;0;0;1;0;0;0;0;0;0;0;1
67;0;0;0;0;0;0;0;0;0;0;1;0;0;0;0;0;0;0
68;0;0;0;0;0;0;0;0;0;0;0;1;0;0;0;0;0;0
69;0;0;0;0;0;0;0;0;0;0;0;0;1;0;0;0;0;0
70;0;0;0;0;0;0;0;0;0;0;0;0;0;1;0;0;0;0
71;0;0;0;0;0;0;0;0;0;0;0;0;0;0;1;0;0;0
72;0;0;0;0;0;0;0;0;0;0;0;0;0;0;0;1;0;0
73;0;0;0;0;0;0;0;0;0;1;0;0;0;0;0;0;1;0
74;0;0;0;0;0;0;0;0;0;0;1;0;0;0;0;0;0;1
75;0;0;0;0;0;0;0;0;0;0;0;1;0;0;0;0;0;0
76;0;0;0;0;0;0;0;0;0;0;0;0;1;0;0;0;0;0
77;0;0;0;0;0;0;0;0;0;0;0;0;0;1;0;0;0;0
78;0;0;0;0;0;0;0;0;0;0;0;0;0;0;1;0;0;0
79;0;0;0;0;0;0;0;0;0;0;0;0;0;0;0;1;0;0
80;0;0;0;0;0;0;0;0;0;0;0;0;0;0;0;0;1;0
81;0;0;0;0;0;0;0;0;0;0;0;0;0;0;0;0;0;1
82;0;0;0;0;0;0;0;0;0;0;0;0;0;0;0;0;0;0
83;0;0;0;0;0;0;0;0;0;0;0;0;0;0;0;0;0;0
84;0;0;0;0;0;0;0;0;0;0;0;0;0;0;0;0;0;0
85;0;0;0;0;0;0;0;0;0;0;0;0;0;0;0;0;0;0
86;0;0;0;0;0;0;0;0;0;0;0;0;0;0;0;0;0;0
87;0;0;0;0;0;0;0;0;0;0;0;0;0;0;0;0;0;0
88;0;0;0;0;0;0;0;0;0;0;0;0;0;0;0;0;0;0
89;0;0;0;0;0;0;0;0;0;0;0;0;0;0;0;0;0;0
90;0;0;0;0;0;0;0;0;0;0;0;0;0;0;0;0;0;0
91;0;0;0;0;0;0;0;0;0;0;0;0;0;0;0;0;0;0
92;0;0;0;0;0;0;0;0;0;0;0;0;0;0;0;0;0;0
93;0;0;0;0;0;0;0;0;0;0;0;0;0;0;0;0;0;0
94;0;0;0;0;0;0;0;0;0;0;0;0;0;0;0;0;0;0
95;0;0;0;0;0;0;0;0;0;0;0;0;0;0;0;0;0;0
96;0;0;0;0;0;0;0;0;0;0;0;0;0;0;0;0;0;0
97;0;0;0;0;0;0;0;0;0;0;0;0;0;0;0;0;0;0
98;0;0;0;0;0;0;0;0;0;0;0;0;0;0;0;0;0;0
99;0;0;0;0;0;0;0;0;0;0;0;0;0;0;0;0;0;0
100 e oltre;0;0;0;0;0;0;0;0;0;0;0;0;0;0;0;0;0;0
Totale;12;13;14;16;16;23;22;22;20;22;26;30;27;26;31;21;21;22
