"Popolazione per età, vista per singola area - Comune: 016161 - Peia"

"Ricostruzione della popolazione intercensuaria - Popolazione al 1° gennaio per età"
"Tutte le cittadinanze - Comune: Peia"
Età/Anno;2002;2003;2004;2005;2006;2007;2008;2009;2010;2011;2012;2013;2014;2015;2016;2017;2018;2019
Età;Totale
0;25;20;14;20;18;19;20;19;21;17;24;12;20;17;12;17;12;15
1;15;23;19;14;20;17;19;22;20;21;16;23;10;21;18;12;17;12
2;23;15;24;20;15;19;16;20;22;20;21;16;25;10;22;17;12;15
3;17;21;18;24;20;16;18;17;18;22;20;21;18;24;11;22;17;11
4;15;17;22;22;22;20;17;18;17;19;22;20;20;18;24;11;22;17
5;18;15;17;22;21;22;20;18;17;18;19;23;20;20;19;26;10;22
6;10;18;15;19;22;20;22;20;17;17;18;20;24;18;21;18;27;10
7;14;10;18;16;19;24;21;22;20;16;17;18;20;24;18;21;18;24
8;17;14;12;17;15;19;24;22;22;21;15;17;19;21;24;18;21;18
9;20;19;15;12;16;14;19;24;21;23;21;16;18;18;21;24;18;21
10;7;17;20;16;12;16;13;19;23;20;22;21;16;18;17;21;23;18
11;16;8;20;19;15;12;16;13;19;23;20;23;21;16;17;17;21;23
12;15;15;8;20;20;12;12;16;13;19;23;20;23;21;14;16;18;19
13;20;14;16;8;20;21;12;13;16;14;19;24;20;23;21;14;16;18
14;16;17;16;16;8;20;21;11;12;17;14;19;24;20;23;21;15;17
15;16;16;17;18;16;7;20;20;11;12;17;15;20;24;19;23;21;15
16;18;15;18;17;18;15;7;21;22;11;11;18;14;20;24;18;23;21
17;16;18;15;18;17;18;15;8;20;22;11;11;18;13;20;24;18;23
18;24;15;17;17;18;18;17;16;7;22;21;11;11;18;13;20;24;17
19;15;24;15;19;18;16;20;17;16;7;21;20;11;11;18;14;20;24
20;27;15;24;15;19;18;16;19;17;17;7;22;18;11;13;18;13;20
21;15;27;16;25;15;20;17;16;19;17;18;7;22;18;10;13;17;12
22;20;13;29;17;24;15;20;19;16;19;18;17;8;21;18;10;13;17
23;20;20;13;30;16;22;15;22;22;18;18;17;17;9;19;16;11;13
24;28;19;20;14;28;15;23;16;20;20;19;17;15;17;11;16;16;11
25;24;32;21;21;15;28;16;26;16;23;19;17;20;14;15;12;17;15
26;22;23;36;21;22;14;24;15;25;18;22;15;18;19;20;15;12;18
27;29;20;21;37;23;23;12;25;19;23;18;23;21;18;18;19;14;15
28;24;31;23;21;35;22;21;14;27;21;22;20;23;21;16;18;21;16
29;21;24;31;24;22;37;19;22;16;26;21;21;21;23;19;18;17;21
30;20;18;25;38;25;19;32;17;24;14;25;19;20;22;23;18;18;18
31;29;23;24;30;36;26;18;30;19;24;13;23;19;20;25;23;19;16
32;29;30;24;25;29;35;23;20;37;19;21;14;26;18;19;23;22;20
33;34;28;32;24;21;26;35;24;20;38;16;21;16;27;19;19;25;18
34;27;34;28;31;23;20;26;35;27;19;35;16;20;15;30;17;21;25
35;35;31;33;29;28;23;24;27;33;26;18;37;16;22;15;30;17;19
36;31;38;32;36;28;27;24;29;29;32;27;19;39;17;25;16;30;16
37;28;30;35;30;35;27;27;24;29;31;33;27;21;38;17;25;16;30
38;23;28;31;35;30;36;27;29;24;29;32;31;28;22;37;16;25;16
39;26;22;31;30;36;32;35;28;28;24;30;32;32;26;21;36;17;25
40;40;26;24;32;30;37;31;37;29;29;24;28;30;34;26;19;36;17
41;39;39;28;24;32;27;40;31;36;31;29;22;27;29;33;28;20;34
42;16;37;38;28;24;32;28;35;29;36;32;29;22;27;28;34;27;20
43;33;15;35;36;28;23;32;27;34;29;35;32;30;21;25;28;31;26
44;18;32;16;35;34;29;26;31;28;33;28;35;32;31;21;25;29;31
45;20;20;31;15;34;36;28;25;27;28;34;27;34;33;31;21;25;29
46;23;19;21;32;16;34;36;27;24;29;26;34;27;34;32;31;21;24
47;28;23;19;23;32;15;35;36;27;25;28;24;34;27;34;30;29;21
48;25;28;25;19;22;32;15;36;36;27;25;27;23;34;26;34;30;29
49;33;25;28;26;19;22;31;15;36;36;27;25;26;23;34;25;34;31
50;23;32;26;27;26;19;22;32;15;38;37;28;25;25;23;34;24;33
51;26;23;31;28;27;25;20;21;30;16;36;36;29;23;25;23;34;24
52;33;26;24;31;26;27;25;20;21;30;16;36;37;30;22;25;24;31
53;30;33;26;22;30;26;27;26;20;20;30;16;37;38;29;20;25;24
54;17;30;31;27;22;31;28;27;27;20;20;30;19;37;39;30;21;26
55;23;17;29;31;27;22;31;25;28;26;21;20;30;19;36;39;30;20
56;23;22;16;29;31;28;22;32;26;28;26;21;19;29;18;32;38;29
57;30;23;22;16;29;31;28;22;30;26;28;25;21;20;27;18;31;36
58;19;30;22;22;16;28;31;28;22;30;26;28;25;20;20;27;18;31
59;18;18;31;22;22;16;28;31;27;22;30;26;28;25;19;19;28;16
60;19;17;18;32;22;20;16;27;31;28;21;30;26;27;25;19;19;29
61;22;20;17;20;32;22;20;15;27;31;27;21;29;27;27;26;19;19
62;17;23;20;17;20;31;22;20;14;29;31;27;21;29;27;26;26;18
63;27;17;23;20;17;20;31;21;20;14;29;29;27;21;29;27;26;26
64;15;29;17;22;20;16;19;33;21;20;13;30;29;27;21;29;26;26
65;18;15;28;17;22;20;17;19;31;21;20;13;29;29;27;21;26;25
66;15;16;16;27;17;21;19;16;19;29;21;20;13;30;29;27;21;26
67;14;15;16;16;27;17;20;20;16;19;28;21;20;14;29;29;27;21
68;13;13;15;18;16;26;17;21;19;16;19;27;22;20;14;28;28;28
69;22;13;12;16;18;16;25;17;21;19;16;19;27;22;20;14;28;26
70;18;22;13;11;16;18;15;25;15;20;19;15;18;27;22;20;14;28
71;16;18;22;13;11;15;18;13;25;15;20;18;15;18;24;22;20;14
72;20;15;18;22;13;11;14;18;13;22;13;20;17;14;17;24;22;19
73;13;19;16;18;22;13;10;14;18;12;22;13;19;18;14;17;24;22
74;11;13;19;15;18;22;13;10;13;18;12;22;13;19;17;14;17;22
75;12;11;14;17;14;18;19;12;10;13;19;12;21;13;19;17;14;17
76;12;12;11;12;17;14;18;19;10;10;11;19;12;21;12;19;17;14
77;10;13;12;12;12;15;14;18;18;11;10;10;19;11;21;11;18;17
78;11;10;13;12;12;12;14;13;18;18;11;9;10;18;11;21;11;18
79;10;10;10;10;11;12;12;14;12;17;17;11;9;10;18;11;21;11
80;11;10;10;11;10;12;11;11;13;11;18;15;11;9;9;15;11;20
81;6;10;9;9;11;9;11;11;10;13;10;18;13;10;9;9;15;11
82;8;5;10;9;8;10;9;10;10;9;13;9;17;13;10;8;8;15
83;1;6;4;9;9;8;10;8;10;10;10;11;9;17;13;10;8;7
84;3;1;4;3;9;9;7;9;8;8;9;9;11;9;15;11;9;8
85;3;3;1;4;1;9;9;7;9;8;8;8;8;9;9;14;10;8
86;10;2;3;1;4;1;8;9;7;8;7;7;8;7;8;9;14;9
87;3;9;2;3;1;3;1;6;7;7;8;6;6;8;7;7;7;13
88;5;3;9;2;3;1;3;1;7;6;7;7;5;6;6;6;7;7
89;5;4;3;6;2;3;1;2;0;6;5;7;7;5;6;6;4;5
90;4;3;3;3;5;2;2;1;2;2;4;3;6;6;5;5;5;4
91;1;2;3;3;3;3;2;2;1;2;2;4;3;6;5;5;4;3
92;1;1;1;3;3;2;3;2;0;1;2;2;4;3;5;5;4;4
93;2;1;1;1;3;2;0;3;2;0;1;2;2;3;2;2;5;3
94;1;2;1;1;1;2;2;0;3;2;0;1;2;2;3;1;2;4
95;1;1;2;1;0;1;2;1;0;3;2;0;1;1;2;2;0;2
96;0;1;0;2;1;0;1;2;0;0;3;1;0;1;1;2;2;0
97;0;0;0;0;2;0;0;1;2;0;0;3;1;0;0;1;2;1
98;0;0;0;0;0;1;0;0;0;1;0;0;2;0;0;0;1;1
99;0;0;0;0;0;0;1;0;0;0;0;0;0;2;0;0;0;0
100 e oltre;0;0;0;0;0;0;0;0;0;0;0;0;0;0;0;0;0;0
Totale;1746;1740;1784;1830;1820;1807;1803;1828;1835;1857;1850;1831;1859;1864;1852;1834;1831;1804
Età/Anno;2002;2003;2004;2005;2006;2007;2008;2009;2010;2011;2012;2013;2014;2015;2016;2017;2018;2019
Età;Maschi
0;13;9;11;10;9;5;12;11;9;9;10;7;6;5;7;11;8;7
1;10;13;8;10;10;9;5;13;12;9;9;10;6;6;6;7;11;8
2;15;10;14;8;11;10;9;5;14;12;9;9;10;4;8;5;7;9
3;6;13;12;14;8;11;10;9;5;14;12;9;8;10;5;8;5;6
4;8;6;14;12;12;8;11;10;9;6;14;12;9;8;10;5;8;5
5;8;8;6;14;11;12;8;11;9;9;6;15;12;9;8;11;4;8
6;3;8;8;8;14;10;12;8;11;9;10;7;16;11;10;9;12;4
7;6;3;8;9;8;14;10;12;8;10;9;10;7;16;11;10;9;12
8;10;6;3;7;9;8;15;10;12;9;10;9;10;8;16;11;10;9
9;8;12;7;3;6;9;8;15;10;12;9;11;9;9;8;16;11;10
10;5;7;13;7;3;6;8;8;14;10;11;9;11;9;9;8;15;11
11;9;6;9;13;6;3;6;8;7;14;10;12;9;11;8;9;8;15
12;8;8;6;9;13;4;3;6;8;7;14;10;12;9;9;6;9;6
13;11;7;9;6;9;13;4;4;6;9;7;15;10;12;9;9;6;9
14;12;10;8;9;6;9;13;4;4;6;9;7;15;10;12;9;10;7
15;10;12;10;10;9;5;9;12;4;4;6;9;7;15;9;12;9;10
16;9;10;14;10;10;8;5;10;13;4;4;7;8;7;14;9;12;9
17;6;9;10;14;10;10;8;5;9;13;4;4;7;8;7;14;9;12
18;9;6;8;11;14;10;10;8;5;11;13;4;4;7;8;7;14;9
19;8;8;6;9;12;12;12;10;8;5;11;12;4;4;7;9;7;13
20;11;8;8;6;9;12;12;12;10;8;5;11;11;4;4;7;8;7
21;7;11;9;9;6;9;11;12;12;10;8;5;11;11;4;4;7;7
22;9;6;12;9;9;6;9;11;12;12;11;8;6;11;11;4;3;8
23;7;9;6;12;9;9;6;9;11;12;11;11;9;6;11;9;5;3
24;11;6;10;6;12;8;8;6;9;11;12;10;9;9;6;8;10;5
25;15;13;6;10;6;12;8;9;6;9;11;10;12;8;8;6;9;10
26;13;14;15;7;12;6;11;8;8;8;9;9;10;14;11;8;6;8
27;18;11;13;16;8;12;6;12;10;8;9;9;11;10;13;10;7;7
28;7;20;11;13;16;7;12;6;13;11;8;9;9;12;9;11;10;8
29;12;7;20;11;14;18;7;12;8;13;11;6;10;9;10;11;11;10
30;10;9;8;24;12;13;14;7;13;6;13;9;7;9;9;10;11;12
31;11;13;11;11;22;14;12;14;9;14;5;12;9;7;10;10;11;9
32;18;11;14;13;10;23;13;13;18;9;12;6;12;9;7;9;8;10
33;16;17;13;12;11;7;23;13;13;19;7;11;9;14;12;6;11;6
34;16;15;16;13;11;10;7;22;14;11;20;7;12;8;15;12;8;11
35;17;18;14;16;11;11;10;7;20;13;10;20;7;13;8;15;12;8
36;14;20;19;14;16;10;12;12;7;19;14;9;19;7;15;7;15;11
37;16;15;18;19;14;16;10;12;12;9;20;15;9;19;7;15;7;15
38;13;16;16;18;19;14;16;11;13;12;9;18;16;10;19;7;15;8
39;15;13;18;15;18;19;12;16;11;12;12;9;19;15;9;19;8;15
40;23;15;16;20;15;18;18;14;16;11;12;13;9;21;15;8;19;8
41;20;22;16;16;20;12;22;18;14;17;12;10;13;8;20;16;9;18
42;6;20;22;16;16;20;12;19;18;14;18;12;10;13;7;21;15;9
43;16;5;18;20;16;15;20;11;18;18;14;18;12;10;12;7;18;15
44;11;15;6;18;19;16;17;20;12;17;18;14;18;12;10;12;7;18
45;11;12;14;6;17;21;15;16;17;12;18;17;14;19;11;10;12;7
46;10;11;13;14;7;18;21;14;15;17;10;18;17;14;18;11;10;12
47;16;10;11;13;14;7;18;21;14;16;17;8;18;19;14;17;10;10
48;12;16;12;11;13;14;7;18;21;14;16;16;7;18;18;14;16;11
49;21;12;16;13;11;13;14;7;18;22;14;16;15;7;18;17;14;17
50;13;20;13;15;13;11;13;15;7;20;22;14;16;14;7;18;16;14
51;12;13;21;15;15;12;10;13;13;7;19;21;14;14;14;7;18;16
52;19;12;13;21;14;15;12;10;13;13;7;19;22;16;13;14;8;16
53;20;19;12;11;20;14;15;13;10;13;13;7;19;23;16;12;14;8
54;9;20;17;12;11;21;14;15;13;10;13;13;9;19;23;16;13;15
55;13;9;20;17;12;11;21;12;16;12;10;13;13;9;19;23;16;13
56;11;13;9;20;17;12;11;22;12;16;12;9;12;12;9;17;23;15
57;13;11;13;9;20;17;12;11;20;12;16;12;8;12;11;9;16;22
58;10;13;11;13;9;19;17;12;11;20;12;16;12;8;12;11;9;16
59;11;9;14;11;13;9;19;17;12;11;20;12;16;12;8;12;12;7
60;10;10;9;15;11;11;9;18;17;12;10;20;12;15;12;8;12;13
61;10;10;10;11;15;11;11;8;18;16;12;10;19;13;15;12;8;12
62;7;10;10;10;11;15;11;11;8;19;16;12;10;19;13;14;12;7
63;15;7;10;10;10;11;15;11;11;8;19;16;12;10;19;13;14;12
64;10;17;7;10;10;9;10;15;11;11;7;19;16;12;10;19;12;14
65;6;10;17;8;10;10;10;10;13;11;11;7;18;16;12;10;17;11
66;10;5;11;16;8;10;9;9;10;11;11;11;7;18;16;12;10;17
67;7;10;5;11;16;8;9;10;9;10;10;11;11;7;17;16;12;10
68;7;7;10;5;11;15;8;10;9;9;10;10;12;11;7;17;16;12
69;15;7;7;11;5;11;14;8;11;9;9;10;10;12;11;7;16;14
70;9;15;7;6;11;5;10;14;6;11;8;9;10;10;12;11;7;16
71;6;8;15;7;6;11;5;8;13;6;11;7;9;10;9;12;11;7
72;11;6;8;15;7;6;10;5;7;12;6;11;7;8;9;8;12;10
73;4;11;6;8;15;7;6;10;5;6;12;6;10;8;8;9;8;12
74;6;4;11;7;8;15;7;6;9;5;6;12;6;10;7;8;9;7
75;5;6;4;10;6;8;12;6;6;9;5;6;11;6;10;7;8;9
76;6;5;6;4;10;6;8;12;5;6;7;5;6;11;5;10;7;8
77;3;7;5;7;4;8;6;8;11;5;6;6;5;5;11;4;10;7
78;3;3;7;5;7;4;8;5;8;11;5;6;6;5;5;11;4;10
79;5;2;3;6;5;7;4;8;4;7;10;5;6;6;5;5;11;4
80;6;5;2;3;6;6;6;4;7;3;7;10;5;6;6;5;5;10
81;3;5;5;2;3;5;5;6;3;7;3;7;10;4;6;6;5;5
82;5;2;5;5;2;2;5;5;6;3;7;3;6;10;4;5;5;5
83;0;4;1;4;5;2;2;4;5;6;3;6;3;6;10;4;5;4
84;1;0;2;0;4;4;2;2;4;4;5;3;6;3;6;8;4;5
85;2;1;0;2;0;4;4;2;2;4;4;4;2;4;3;5;7;4
86;5;1;1;0;2;0;3;4;2;1;4;3;4;2;3;3;5;6
87;2;5;1;1;0;1;0;3;3;2;1;4;2;4;2;2;2;5
88;1;2;5;1;1;0;1;0;4;3;2;1;3;2;2;1;2;2
89;1;1;2;3;1;1;0;1;0;3;3;2;1;3;2;2;1;2
90;1;1;0;2;3;1;1;0;1;1;1;2;2;1;3;1;2;1
91;0;0;1;0;2;2;1;1;0;1;1;1;2;2;1;3;1;0
92;0;0;0;1;0;1;2;1;0;0;1;1;1;2;2;1;2;1
93;1;0;0;0;1;0;0;2;1;0;0;1;1;1;1;0;1;1
94;0;1;0;0;0;0;0;0;1;1;0;0;1;1;1;0;0;1
95;0;0;1;0;0;0;0;0;0;1;1;0;0;1;1;0;0;0
96;0;0;0;1;0;0;0;0;0;0;1;0;0;0;1;1;0;0
97;0;0;0;0;1;0;0;0;0;0;0;1;0;0;0;1;1;0
98;0;0;0;0;0;1;0;0;0;0;0;0;1;0;0;0;1;1
99;0;0;0;0;0;0;1;0;0;0;0;0;0;1;0;0;0;0
100 e oltre;0;0;0;0;0;0;0;0;0;0;0;0;0;0;0;0;0;0
Totale;890;888;922;945;944;925;920;928;926;934;932;918;924;928;921;906;906;889
Età/Anno;2002;2003;2004;2005;2006;2007;2008;2009;2010;2011;2012;2013;2014;2015;2016;2017;2018;2019
Età;Femmine
0;12;11;3;10;9;14;8;8;12;8;14;5;14;12;5;6;4;8
1;5;10;11;4;10;8;14;9;8;12;7;13;4;15;12;5;6;4
2;8;5;10;12;4;9;7;15;8;8;12;7;15;6;14;12;5;6
3;11;8;6;10;12;5;8;8;13;8;8;12;10;14;6;14;12;5
4;7;11;8;10;10;12;6;8;8;13;8;8;11;10;14;6;14;12
5;10;7;11;8;10;10;12;7;8;9;13;8;8;11;11;15;6;14
6;7;10;7;11;8;10;10;12;6;8;8;13;8;7;11;9;15;6
7;8;7;10;7;11;10;11;10;12;6;8;8;13;8;7;11;9;12
8;7;8;9;10;6;11;9;12;10;12;5;8;9;13;8;7;11;9
9;12;7;8;9;10;5;11;9;11;11;12;5;9;9;13;8;7;11
10;2;10;7;9;9;10;5;11;9;10;11;12;5;9;8;13;8;7
11;7;2;11;6;9;9;10;5;12;9;10;11;12;5;9;8;13;8
12;7;7;2;11;7;8;9;10;5;12;9;10;11;12;5;10;9;13
13;9;7;7;2;11;8;8;9;10;5;12;9;10;11;12;5;10;9
14;4;7;8;7;2;11;8;7;8;11;5;12;9;10;11;12;5;10
15;6;4;7;8;7;2;11;8;7;8;11;6;13;9;10;11;12;5
16;9;5;4;7;8;7;2;11;9;7;7;11;6;13;10;9;11;12
17;10;9;5;4;7;8;7;3;11;9;7;7;11;5;13;10;9;11
18;15;9;9;6;4;8;7;8;2;11;8;7;7;11;5;13;10;8
19;7;16;9;10;6;4;8;7;8;2;10;8;7;7;11;5;13;11
20;16;7;16;9;10;6;4;7;7;9;2;11;7;7;9;11;5;13
21;8;16;7;16;9;11;6;4;7;7;10;2;11;7;6;9;10;5
22;11;7;17;8;15;9;11;8;4;7;7;9;2;10;7;6;10;9
23;13;11;7;18;7;13;9;13;11;6;7;6;8;3;8;7;6;10
24;17;13;10;8;16;7;15;10;11;9;7;7;6;8;5;8;6;6
25;9;19;15;11;9;16;8;17;10;14;8;7;8;6;7;6;8;5
26;9;9;21;14;10;8;13;7;17;10;13;6;8;5;9;7;6;10
27;11;9;8;21;15;11;6;13;9;15;9;14;10;8;5;9;7;8
28;17;11;12;8;19;15;9;8;14;10;14;11;14;9;7;7;11;8
29;9;17;11;13;8;19;12;10;8;13;10;15;11;14;9;7;6;11
30;10;9;17;14;13;6;18;10;11;8;12;10;13;13;14;8;7;6
31;18;10;13;19;14;12;6;16;10;10;8;11;10;13;15;13;8;7
32;11;19;10;12;19;12;10;7;19;10;9;8;14;9;12;14;14;10
33;18;11;19;12;10;19;12;11;7;19;9;10;7;13;7;13;14;12
34;11;19;12;18;12;10;19;13;13;8;15;9;8;7;15;5;13;14
35;18;13;19;13;17;12;14;20;13;13;8;17;9;9;7;15;5;11
36;17;18;13;22;12;17;12;17;22;13;13;10;20;10;10;9;15;5
37;12;15;17;11;21;11;17;12;17;22;13;12;12;19;10;10;9;15
38;10;12;15;17;11;22;11;18;11;17;23;13;12;12;18;9;10;8
39;11;9;13;15;18;13;23;12;17;12;18;23;13;11;12;17;9;10
40;17;11;8;12;15;19;13;23;13;18;12;15;21;13;11;11;17;9
41;19;17;12;8;12;15;18;13;22;14;17;12;14;21;13;12;11;16
42;10;17;16;12;8;12;16;16;11;22;14;17;12;14;21;13;12;11
43;17;10;17;16;12;8;12;16;16;11;21;14;18;11;13;21;13;11
44;7;17;10;17;15;13;9;11;16;16;10;21;14;19;11;13;22;13
45;9;8;17;9;17;15;13;9;10;16;16;10;20;14;20;11;13;22
46;13;8;8;18;9;16;15;13;9;12;16;16;10;20;14;20;11;12
47;12;13;8;10;18;8;17;15;13;9;11;16;16;8;20;13;19;11
48;13;12;13;8;9;18;8;18;15;13;9;11;16;16;8;20;14;18
49;12;13;12;13;8;9;17;8;18;14;13;9;11;16;16;8;20;14
50;10;12;13;12;13;8;9;17;8;18;15;14;9;11;16;16;8;19
51;14;10;10;13;12;13;10;8;17;9;17;15;15;9;11;16;16;8
52;14;14;11;10;12;12;13;10;8;17;9;17;15;14;9;11;16;15
53;10;14;14;11;10;12;12;13;10;7;17;9;18;15;13;8;11;16
54;8;10;14;15;11;10;14;12;14;10;7;17;10;18;16;14;8;11
55;10;8;9;14;15;11;10;13;12;14;11;7;17;10;17;16;14;7
56;12;9;7;9;14;16;11;10;14;12;14;12;7;17;9;15;15;14
57;17;12;9;7;9;14;16;11;10;14;12;13;13;8;16;9;15;14
58;9;17;11;9;7;9;14;16;11;10;14;12;13;12;8;16;9;15
59;7;9;17;11;9;7;9;14;15;11;10;14;12;13;11;7;16;9
60;9;7;9;17;11;9;7;9;14;16;11;10;14;12;13;11;7;16
61;12;10;7;9;17;11;9;7;9;15;15;11;10;14;12;14;11;7
62;10;13;10;7;9;16;11;9;6;10;15;15;11;10;14;12;14;11
63;12;10;13;10;7;9;16;10;9;6;10;13;15;11;10;14;12;14
64;5;12;10;12;10;7;9;18;10;9;6;11;13;15;11;10;14;12
65;12;5;11;9;12;10;7;9;18;10;9;6;11;13;15;11;9;14
66;5;11;5;11;9;11;10;7;9;18;10;9;6;12;13;15;11;9
67;7;5;11;5;11;9;11;10;7;9;18;10;9;7;12;13;15;11
68;6;6;5;13;5;11;9;11;10;7;9;17;10;9;7;11;12;16
69;7;6;5;5;13;5;11;9;10;10;7;9;17;10;9;7;12;12
70;9;7;6;5;5;13;5;11;9;9;11;6;8;17;10;9;7;12
71;10;10;7;6;5;4;13;5;12;9;9;11;6;8;15;10;9;7
72;9;9;10;7;6;5;4;13;6;10;7;9;10;6;8;16;10;9
73;9;8;10;10;7;6;4;4;13;6;10;7;9;10;6;8;16;10
74;5;9;8;8;10;7;6;4;4;13;6;10;7;9;10;6;8;15
75;7;5;10;7;8;10;7;6;4;4;14;6;10;7;9;10;6;8
76;6;7;5;8;7;8;10;7;5;4;4;14;6;10;7;9;10;6
77;7;6;7;5;8;7;8;10;7;6;4;4;14;6;10;7;8;10
78;8;7;6;7;5;8;6;8;10;7;6;3;4;13;6;10;7;8
79;5;8;7;4;6;5;8;6;8;10;7;6;3;4;13;6;10;7
80;5;5;8;8;4;6;5;7;6;8;11;5;6;3;3;10;6;10
81;3;5;4;7;8;4;6;5;7;6;7;11;3;6;3;3;10;6
82;3;3;5;4;6;8;4;5;4;6;6;6;11;3;6;3;3;10
83;1;2;3;5;4;6;8;4;5;4;7;5;6;11;3;6;3;3
84;2;1;2;3;5;5;5;7;4;4;4;6;5;6;9;3;5;3
85;1;2;1;2;1;5;5;5;7;4;4;4;6;5;6;9;3;4
86;5;1;2;1;2;1;5;5;5;7;3;4;4;5;5;6;9;3
87;1;4;1;2;1;2;1;3;4;5;7;2;4;4;5;5;5;8
88;4;1;4;1;2;1;2;1;3;3;5;6;2;4;4;5;5;5
89;4;3;1;3;1;2;1;1;0;3;2;5;6;2;4;4;3;3
90;3;2;3;1;2;1;1;1;1;1;3;1;4;5;2;4;3;3
91;1;2;2;3;1;1;1;1;1;1;1;3;1;4;4;2;3;3
92;1;1;1;2;3;1;1;1;0;1;1;1;3;1;3;4;2;3
93;1;1;1;1;2;2;0;1;1;0;1;1;1;2;1;2;4;2
94;1;1;1;1;1;2;2;0;2;1;0;1;1;1;2;1;2;3
95;1;1;1;1;0;1;2;1;0;2;1;0;1;0;1;2;0;2
96;0;1;0;1;1;0;1;2;0;0;2;1;0;1;0;1;2;0
97;0;0;0;0;1;0;0;1;2;0;0;2;1;0;0;0;1;1
98;0;0;0;0;0;0;0;0;0;1;0;0;1;0;0;0;0;0
99;0;0;0;0;0;0;0;0;0;0;0;0;0;1;0;0;0;0
100 e oltre;0;0;0;0;0;0;0;0;0;0;0;0;0;0;0;0;0;0
Totale;856;852;862;885;876;882;883;900;909;923;918;913;935;936;931;928;925;915

"Ricostruzione della popolazione intercensuaria - Popolazione al 1° gennaio per età"
"Cittadinanza italiana - Comune: Peia"
Età/Anno;2002;2003;2004;2005;2006;2007;2008;2009;2010;2011;2012;2013;2014;2015;2016;2017;2018;2019
Età;Totale
0;25;20;12;16;17;18;19;18;21;17;22;11;19;17;11;16;12;14
1;14;23;19;13;16;17;18;21;19;21;16;21;10;20;18;12;16;12
2;21;14;23;20;14;15;16;19;22;19;21;16;22;10;21;17;12;15
3;16;20;17;23;20;15;14;16;18;22;20;21;18;23;11;22;17;11
4;14;16;21;20;22;20;15;14;16;19;22;20;20;18;24;11;22;17
5;17;14;16;21;19;22;20;15;14;17;19;23;20;20;19;26;10;22
6;10;17;14;17;21;18;22;20;15;14;17;19;24;18;21;18;27;10
7;13;10;17;15;17;23;20;22;20;15;14;17;18;24;18;21;18;24
8;17;13;11;16;14;17;23;21;22;21;15;15;18;18;24;18;21;18
9;19;19;14;11;15;13;17;23;20;23;21;15;17;18;18;24;18;21
10;7;17;19;14;11;15;13;17;23;20;22;21;16;17;17;19;23;18
11;16;8;19;18;13;11;16;13;17;23;20;23;21;16;16;17;19;23
12;15;15;8;19;18;11;11;16;13;17;23;20;23;21;14;15;18;19
13;20;14;15;8;19;20;12;12;16;14;17;24;20;23;21;14;15;18
14;16;17;15;15;8;19;20;11;12;17;14;17;24;20;23;21;15;16
15;16;16;17;16;15;7;19;20;11;12;17;15;19;24;19;23;21;15
16;18;15;17;17;16;14;7;19;22;11;11;17;14;19;24;18;23;21
17;16;18;15;17;17;16;14;8;19;22;11;11;17;13;19;24;18;23
18;24;15;17;16;17;18;16;14;7;21;21;11;11;17;13;19;24;17
19;15;24;15;19;16;15;20;16;14;7;20;20;11;11;17;14;19;24
20;27;15;24;15;19;16;15;19;16;15;7;21;18;11;13;17;13;19
21;15;27;15;25;15;19;16;15;19;16;16;7;21;18;10;13;16;12
22;19;13;29;16;24;15;19;17;15;19;16;15;8;20;18;10;13;16
23;20;19;13;30;15;22;15;20;20;17;18;15;15;9;18;16;11;13
24;27;18;19;12;28;15;23;16;18;18;18;17;14;15;11;16;16;11
25;24;31;20;20;14;28;16;26;16;21;17;17;20;13;13;12;17;15
26;21;22;32;20;22;13;24;15;25;18;21;15;18;19;18;12;12;18
27;28;19;21;32;22;23;11;24;19;23;18;22;18;18;18;19;11;15
28;23;30;20;21;32;21;21;13;26;20;22;20;22;19;16;18;21;13
29;20;23;30;21;22;33;18;22;16;25;20;21;21;22;17;18;17;20
30;20;18;23;32;22;19;30;17;24;14;25;18;20;22;23;16;18;18
31;28;21;22;28;30;22;18;28;19;24;13;23;18;20;25;23;17;16
32;28;28;21;24;26;30;21;19;35;18;21;12;25;17;19;23;22;19
33;30;26;30;22;20;24;32;22;20;37;16;21;14;27;18;19;25;18
34;26;32;26;27;21;19;25;32;24;19;35;16;20;13;30;16;21;25
35;30;29;32;27;25;22;23;26;32;24;18;36;16;22;13;30;16;19
36;30;33;30;33;26;26;24;27;28;31;24;19;37;17;25;14;30;16
37;28;28;31;28;33;25;26;24;29;31;32;24;21;37;17;25;14;30
38;23;28;29;31;28;35;25;28;24;29;31;30;26;22;36;16;25;16
39;26;22;30;28;32;28;33;26;27;24;28;31;31;26;21;35;17;25
40;39;26;21;31;28;33;27;35;28;28;24;28;30;34;26;19;35;17
41;39;38;28;21;31;25;36;28;34;30;28;22;27;29;33;28;20;33
42;15;37;37;28;21;31;26;32;28;34;31;28;22;27;28;34;25;20
43;31;14;35;34;28;22;31;26;33;28;33;31;29;21;25;28;31;25
44;18;31;15;35;32;29;25;30;28;32;28;34;31;30;21;25;29;31
45;20;20;31;14;34;34;28;24;27;28;33;27;33;32;30;21;25;29
46;23;19;21;32;15;33;34;27;23;29;26;33;27;33;31;30;21;24
47;28;23;19;23;32;15;34;34;27;24;28;24;33;27;33;29;28;21
48;25;28;25;19;22;32;15;34;34;27;24;27;23;33;26;33;29;29
49;33;25;28;26;19;22;31;15;34;33;27;24;26;23;33;25;33;30
50;23;32;25;27;26;19;21;31;15;36;34;27;24;25;23;33;24;32
51;26;23;31;27;27;25;20;20;29;16;35;34;27;23;25;23;33;24
52;33;26;23;31;25;27;25;20;20;29;16;35;35;29;22;25;24;30
53;29;33;26;21;30;25;27;26;20;20;29;16;36;36;29;20;25;24
54;17;29;31;27;21;31;27;27;26;20;20;29;18;36;36;30;21;26
55;23;17;28;31;27;21;31;24;28;25;20;20;29;18;36;38;30;20
56;22;22;16;28;31;28;21;32;26;28;25;20;19;28;18;32;37;29
57;30;22;22;16;28;31;28;21;30;26;28;25;19;19;27;18;31;36
58;19;30;22;22;16;27;31;28;21;30;26;28;25;18;19;27;18;31
59;18;18;31;22;22;16;27;31;27;21;30;26;28;25;19;19;28;16
60;19;17;18;32;22;20;16;26;31;28;20;30;26;27;25;19;19;29
61;22;20;17;20;32;22;20;15;26;30;27;20;29;27;27;26;19;19
62;17;23;20;17;20;31;22;20;14;28;30;27;20;29;27;26;26;18
63;27;17;23;20;17;20;31;21;20;14;28;29;27;20;29;27;26;26
64;15;29;17;22;20;16;19;33;21;20;13;29;29;27;20;29;26;26
65;18;15;28;17;22;20;17;19;31;21;20;13;28;29;27;20;26;25
66;15;16;16;27;17;21;19;16;19;29;21;20;13;29;29;27;20;26
67;14;15;16;16;27;17;20;20;16;19;28;21;20;14;28;29;27;20
68;13;13;15;18;16;26;17;21;19;16;19;27;22;20;14;27;28;28
69;22;13;12;16;18;16;25;17;21;19;16;19;27;22;20;14;26;26
70;18;22;13;11;16;18;15;25;15;20;18;15;18;27;22;20;14;26
71;16;18;22;13;11;15;18;13;25;15;20;17;15;18;24;22;20;14
72;20;15;18;22;13;11;14;18;13;22;13;20;17;14;17;23;22;19
73;13;19;16;18;22;13;10;14;18;12;22;13;19;18;14;17;23;22
74;11;13;19;15;18;22;13;10;13;18;12;22;13;19;17;14;17;21
75;12;11;14;17;14;18;19;12;10;13;19;12;21;13;19;17;14;17
76;12;12;11;12;17;14;18;19;10;10;11;19;12;21;12;19;17;14
77;10;13;12;12;12;15;14;18;18;10;10;10;19;11;21;11;18;17
78;11;10;13;12;12;12;14;13;18;18;10;9;10;18;11;21;11;18
79;10;10;10;10;11;12;12;14;12;17;17;10;9;10;18;11;21;11
80;11;10;10;11;10;12;11;11;13;11;18;15;10;9;9;15;11;20
81;6;10;9;9;11;9;11;11;10;13;10;18;13;9;9;9;15;11
82;8;5;10;9;8;10;9;10;10;9;13;9;17;13;9;8;8;15
83;1;6;4;9;9;8;10;8;10;10;10;11;9;17;13;9;8;7
84;3;1;4;3;9;9;7;9;8;8;9;9;11;9;15;11;9;8
85;3;3;1;4;1;9;9;7;9;8;8;8;8;9;9;14;10;8
86;10;2;3;1;4;1;8;9;7;8;7;7;8;7;8;9;14;9
87;3;9;2;3;1;3;1;6;7;7;8;6;6;8;7;7;7;13
88;5;3;9;2;3;1;3;1;7;6;7;7;5;6;6;6;7;7
89;5;4;3;6;2;3;1;2;0;6;5;7;7;5;6;6;4;5
90;4;3;3;3;5;2;2;1;2;2;4;3;6;6;5;5;5;4
91;1;2;3;3;3;3;2;2;1;2;2;4;3;6;5;5;4;3
92;1;1;1;3;3;2;3;2;0;1;2;2;4;3;5;5;4;4
93;2;1;1;1;3;2;0;3;2;0;1;2;2;3;2;2;5;3
94;1;2;1;1;1;2;2;0;3;2;0;1;2;2;3;1;2;4
95;1;1;2;1;0;1;2;1;0;3;2;0;1;1;2;2;0;2
96;0;1;0;2;1;0;1;2;0;0;3;1;0;1;1;2;2;0
97;0;0;0;0;2;0;0;1;2;0;0;3;1;0;0;1;2;1
98;0;0;0;0;0;1;0;0;0;1;0;0;2;0;0;0;1;1
99;0;0;0;0;0;0;1;0;0;0;0;0;0;2;0;0;0;0
100 e oltre;0;0;0;0;0;0;0;0;0;0;0;0;0;0;0;0;0;0
Totale;1713;1705;1729;1756;1749;1742;1748;1766;1792;1815;1807;1790;1815;1829;1822;1810;1805;1786
Età/Anno;2002;2003;2004;2005;2006;2007;2008;2009;2010;2011;2012;2013;2014;2015;2016;2017;2018;2019
Età;Maschi
0;13;9;9;7;9;5;12;10;9;9;10;6;6;5;6;10;8;6
1;10;13;8;9;7;9;5;13;11;9;9;10;6;6;6;7;10;8
2;14;10;13;8;10;7;9;5;14;11;9;9;10;4;8;5;7;9
3;6;13;12;13;8;10;7;9;5;14;12;9;8;10;5;8;5;6
4;7;6;14;12;12;8;10;7;9;6;14;12;9;8;10;5;8;5
5;7;7;6;14;11;12;8;10;7;9;6;15;12;9;8;11;4;8
6;3;7;7;8;14;10;12;8;10;7;9;6;16;11;10;9;12;4
7;6;3;7;8;8;14;10;12;8;10;7;9;5;16;11;10;9;12
8;10;6;3;6;8;8;14;10;12;9;10;7;9;5;16;11;10;9
9;8;12;7;3;5;8;8;14;10;12;9;10;8;9;5;16;11;10
10;5;7;12;7;3;5;8;8;14;10;11;9;11;8;9;6;15;11
11;9;6;8;12;6;3;6;8;7;14;10;12;9;11;7;9;6;15
12;8;8;6;8;12;4;3;6;8;7;14;10;12;9;9;5;9;6
13;11;7;8;6;8;12;4;4;6;9;7;15;10;12;9;9;5;9
14;12;10;8;8;6;8;12;4;4;6;9;7;15;10;12;9;10;6
15;10;12;10;9;8;5;8;12;4;4;6;9;7;15;9;12;9;10
16;9;10;13;10;9;7;5;8;13;4;4;6;8;7;14;9;12;9
17;6;9;10;13;10;9;7;5;8;13;4;4;6;8;7;14;9;12
18;9;6;8;10;13;10;9;7;5;10;13;4;4;6;8;7;14;9
19;8;8;6;9;10;11;12;9;7;5;10;12;4;4;6;9;7;13
20;11;8;8;6;9;10;11;12;9;7;5;10;11;4;4;6;8;7
21;7;11;8;9;6;9;10;11;12;9;7;5;10;11;4;4;6;7
22;9;6;12;8;9;6;9;10;11;12;9;7;6;10;11;4;3;7
23;7;9;6;12;8;9;6;9;10;11;11;9;8;6;10;9;5;3
24;11;6;10;5;12;8;8;6;9;10;11;10;8;8;6;8;10;5
25;15;13;6;10;6;12;8;9;6;9;10;10;12;7;7;6;9;10
26;12;14;13;7;12;6;11;8;8;8;9;9;10;14;9;6;6;8
27;18;10;13;14;8;12;6;11;10;8;9;9;10;10;13;10;5;7
28;7;20;10;13;15;7;12;6;12;11;8;9;9;11;9;11;10;6
29;11;7;20;10;14;16;7;12;8;12;11;6;10;9;9;11;11;10
30;10;9;8;22;11;13;14;7;13;6;13;9;7;9;9;9;11;12
31;11;11;11;11;20;12;12;14;9;14;5;12;9;7;10;10;10;9
32;18;11;11;13;10;21;13;13;18;9;12;5;12;9;7;9;8;10
33;12;16;12;10;11;7;22;13;13;19;7;11;8;14;12;6;11;6
34;16;13;15;12;10;10;7;21;14;11;20;7;12;7;15;11;8;11
35;14;18;13;15;10;11;10;7;20;13;10;20;7;13;7;15;11;8
36;14;17;19;13;15;10;12;12;7;19;13;9;19;7;15;6;15;11
37;16;13;15;19;13;15;10;12;12;9;20;14;9;19;7;15;6;15
38;13;16;14;15;19;14;15;11;13;12;9;18;15;10;19;7;15;8
39;15;13;17;13;15;19;12;15;11;12;12;9;19;15;9;19;8;15
40;22;15;13;19;13;15;18;14;15;11;12;13;9;21;15;8;19;8
41;20;21;16;13;19;10;18;18;14;16;12;10;13;8;20;16;9;18
42;6;20;21;16;13;19;10;16;18;14;17;12;10;13;7;21;15;9
43;14;5;18;19;16;14;19;10;17;18;14;17;12;10;12;7;18;15
44;11;14;6;18;18;16;16;19;12;16;18;14;17;12;10;12;7;18
45;11;12;14;6;17;20;15;15;17;12;17;17;14;18;11;10;12;7
46;10;11;13;14;7;17;20;14;14;17;10;17;17;14;17;11;10;12
47;16;10;11;13;14;7;17;20;14;15;17;8;17;19;14;16;10;10
48;12;16;12;11;13;14;7;17;20;14;15;16;7;17;18;14;15;11
49;21;12;16;13;11;13;14;7;17;20;14;15;15;7;17;17;14;16
50;13;20;12;15;13;11;13;14;7;19;20;14;15;14;7;17;16;14
51;12;13;21;14;15;12;10;13;12;7;19;20;14;14;14;7;17;16
52;19;12;13;21;13;15;12;10;13;12;7;19;21;16;13;14;8;15
53;19;19;12;11;20;13;15;13;10;13;12;7;19;22;16;12;14;8
54;9;19;17;12;11;21;13;15;13;10;13;12;9;19;22;16;13;15
55;13;9;19;17;12;11;21;11;16;12;10;13;12;9;19;22;16;13
56;11;13;9;19;17;12;11;22;12;16;12;9;12;11;9;17;22;15
57;13;11;13;9;19;17;12;11;20;12;16;12;8;12;11;9;16;22
58;10;13;11;13;9;18;17;12;11;20;12;16;12;8;12;11;9;16
59;11;9;14;11;13;9;18;17;12;11;20;12;16;12;8;12;12;7
60;10;10;9;15;11;11;9;17;17;12;10;20;12;15;12;8;12;13
61;10;10;10;11;15;11;11;8;17;16;12;10;19;13;15;12;8;12
62;7;10;10;10;11;15;11;11;8;18;16;12;10;19;13;14;12;7
63;15;7;10;10;10;11;15;11;11;8;18;16;12;10;19;13;14;12
64;10;17;7;10;10;9;10;15;11;11;7;18;16;12;10;19;12;14
65;6;10;17;8;10;10;10;10;13;11;11;7;17;16;12;10;17;11
66;10;5;11;16;8;10;9;9;10;11;11;11;7;17;16;12;10;17
67;7;10;5;11;16;8;9;10;9;10;10;11;11;7;16;16;12;10
68;7;7;10;5;11;15;8;10;9;9;10;10;12;11;7;16;16;12
69;15;7;7;11;5;11;14;8;11;9;9;10;10;12;11;7;15;14
70;9;15;7;6;11;5;10;14;6;11;8;9;10;10;12;11;7;15
71;6;8;15;7;6;11;5;8;13;6;11;7;9;10;9;12;11;7
72;11;6;8;15;7;6;10;5;7;12;6;11;7;8;9;8;12;10
73;4;11;6;8;15;7;6;10;5;6;12;6;10;8;8;9;8;12
74;6;4;11;7;8;15;7;6;9;5;6;12;6;10;7;8;9;7
75;5;6;4;10;6;8;12;6;6;9;5;6;11;6;10;7;8;9
76;6;5;6;4;10;6;8;12;5;6;7;5;6;11;5;10;7;8
77;3;7;5;7;4;8;6;8;11;5;6;6;5;5;11;4;10;7
78;3;3;7;5;7;4;8;5;8;11;5;6;6;5;5;11;4;10
79;5;2;3;6;5;7;4;8;4;7;10;5;6;6;5;5;11;4
80;6;5;2;3;6;6;6;4;7;3;7;10;5;6;6;5;5;10
81;3;5;5;2;3;5;5;6;3;7;3;7;10;4;6;6;5;5
82;5;2;5;5;2;2;5;5;6;3;7;3;6;10;4;5;5;5
83;0;4;1;4;5;2;2;4;5;6;3;6;3;6;10;4;5;4
84;1;0;2;0;4;4;2;2;4;4;5;3;6;3;6;8;4;5
85;2;1;0;2;0;4;4;2;2;4;4;4;2;4;3;5;7;4
86;5;1;1;0;2;0;3;4;2;1;4;3;4;2;3;3;5;6
87;2;5;1;1;0;1;0;3;3;2;1;4;2;4;2;2;2;5
88;1;2;5;1;1;0;1;0;4;3;2;1;3;2;2;1;2;2
89;1;1;2;3;1;1;0;1;0;3;3;2;1;3;2;2;1;2
90;1;1;0;2;3;1;1;0;1;1;1;2;2;1;3;1;2;1
91;0;0;1;0;2;2;1;1;0;1;1;1;2;2;1;3;1;0
92;0;0;0;1;0;1;2;1;0;0;1;1;1;2;2;1;2;1
93;1;0;0;0;1;0;0;2;1;0;0;1;1;1;1;0;1;1
94;0;1;0;0;0;0;0;0;1;1;0;0;1;1;1;0;0;1
95;0;0;1;0;0;0;0;0;0;1;1;0;0;1;1;0;0;0
96;0;0;0;1;0;0;0;0;0;0;1;0;0;0;1;1;0;0
97;0;0;0;0;1;0;0;0;0;0;0;1;0;0;0;1;1;0
98;0;0;0;0;0;1;0;0;0;0;0;0;1;0;0;0;1;1
99;0;0;0;0;0;0;1;0;0;0;0;0;0;1;0;0;0;0
100 e oltre;0;0;0;0;0;0;0;0;0;0;0;0;0;0;0;0;0;0
Totale;874;872;891;908;910;894;895;902;909;917;915;899;907;913;905;892;892;881
Età/Anno;2002;2003;2004;2005;2006;2007;2008;2009;2010;2011;2012;2013;2014;2015;2016;2017;2018;2019
Età;Femmine
0;12;11;3;9;8;13;7;8;12;8;12;5;13;12;5;6;4;8
1;4;10;11;4;9;8;13;8;8;12;7;11;4;14;12;5;6;4
2;7;4;10;12;4;8;7;14;8;8;12;7;12;6;13;12;5;6
3;10;7;5;10;12;5;7;7;13;8;8;12;10;13;6;14;12;5
4;7;10;7;8;10;12;5;7;7;13;8;8;11;10;14;6;14;12
5;10;7;10;7;8;10;12;5;7;8;13;8;8;11;11;15;6;14
6;7;10;7;9;7;8;10;12;5;7;8;13;8;7;11;9;15;6
7;7;7;10;7;9;9;10;10;12;5;7;8;13;8;7;11;9;12
8;7;7;8;10;6;9;9;11;10;12;5;8;9;13;8;7;11;9
9;11;7;7;8;10;5;9;9;10;11;12;5;9;9;13;8;7;11
10;2;10;7;7;8;10;5;9;9;10;11;12;5;9;8;13;8;7
11;7;2;11;6;7;8;10;5;10;9;10;11;12;5;9;8;13;8
12;7;7;2;11;6;7;8;10;5;10;9;10;11;12;5;10;9;13
13;9;7;7;2;11;8;8;8;10;5;10;9;10;11;12;5;10;9
14;4;7;7;7;2;11;8;7;8;11;5;10;9;10;11;12;5;10
15;6;4;7;7;7;2;11;8;7;8;11;6;12;9;10;11;12;5
16;9;5;4;7;7;7;2;11;9;7;7;11;6;12;10;9;11;12
17;10;9;5;4;7;7;7;3;11;9;7;7;11;5;12;10;9;11
18;15;9;9;6;4;8;7;7;2;11;8;7;7;11;5;12;10;8
19;7;16;9;10;6;4;8;7;7;2;10;8;7;7;11;5;12;11
20;16;7;16;9;10;6;4;7;7;8;2;11;7;7;9;11;5;12
21;8;16;7;16;9;10;6;4;7;7;9;2;11;7;6;9;10;5
22;10;7;17;8;15;9;10;7;4;7;7;8;2;10;7;6;10;9
23;13;10;7;18;7;13;9;11;10;6;7;6;7;3;8;7;6;10
24;16;12;9;7;16;7;15;10;9;8;7;7;6;7;5;8;6;6
25;9;18;14;10;8;16;8;17;10;12;7;7;8;6;6;6;8;5
26;9;8;19;13;10;7;13;7;17;10;12;6;8;5;9;6;6;10
27;10;9;8;18;14;11;5;13;9;15;9;13;8;8;5;9;6;8
28;16;10;10;8;17;14;9;7;14;9;14;11;13;8;7;7;11;7
29;9;16;10;11;8;17;11;10;8;13;9;15;11;13;8;7;6;10
30;10;9;15;10;11;6;16;10;11;8;12;9;13;13;14;7;7;6
31;17;10;11;17;10;10;6;14;10;10;8;11;9;13;15;13;7;7
32;10;17;10;11;16;9;8;6;17;9;9;7;13;8;12;14;14;9
33;18;10;18;12;9;17;10;9;7;18;9;10;6;13;6;13;14;12
34;10;19;11;15;11;9;18;11;10;8;15;9;8;6;15;5;13;14
35;16;11;19;12;15;11;13;19;12;11;8;16;9;9;6;15;5;11
36;16;16;11;20;11;16;12;15;21;12;11;10;18;10;10;8;15;5
37;12;15;16;9;20;10;16;12;17;22;12;10;12;18;10;10;8;15
38;10;12;15;16;9;21;10;17;11;17;22;12;11;12;17;9;10;8
39;11;9;13;15;17;9;21;11;16;12;16;22;12;11;12;16;9;10
40;17;11;8;12;15;18;9;21;13;17;12;15;21;13;11;11;16;9
41;19;17;12;8;12;15;18;10;20;14;16;12;14;21;13;12;11;15
42;9;17;16;12;8;12;16;16;10;20;14;16;12;14;21;13;10;11
43;17;9;17;15;12;8;12;16;16;10;19;14;17;11;13;21;13;10
44;7;17;9;17;14;13;9;11;16;16;10;20;14;18;11;13;22;13
45;9;8;17;8;17;14;13;9;10;16;16;10;19;14;19;11;13;22
46;13;8;8;18;8;16;14;13;9;12;16;16;10;19;14;19;11;12
47;12;13;8;10;18;8;17;14;13;9;11;16;16;8;19;13;18;11
48;13;12;13;8;9;18;8;17;14;13;9;11;16;16;8;19;14;18
49;12;13;12;13;8;9;17;8;17;13;13;9;11;16;16;8;19;14
50;10;12;13;12;13;8;8;17;8;17;14;13;9;11;16;16;8;18
51;14;10;10;13;12;13;10;7;17;9;16;14;13;9;11;16;16;8
52;14;14;10;10;12;12;13;10;7;17;9;16;14;13;9;11;16;15
53;10;14;14;10;10;12;12;13;10;7;17;9;17;14;13;8;11;16
54;8;10;14;15;10;10;14;12;13;10;7;17;9;17;14;14;8;11
55;10;8;9;14;15;10;10;13;12;13;10;7;17;9;17;16;14;7
56;11;9;7;9;14;16;10;10;14;12;13;11;7;17;9;15;15;14
57;17;11;9;7;9;14;16;10;10;14;12;13;11;7;16;9;15;14
58;9;17;11;9;7;9;14;16;10;10;14;12;13;10;7;16;9;15
59;7;9;17;11;9;7;9;14;15;10;10;14;12;13;11;7;16;9
60;9;7;9;17;11;9;7;9;14;16;10;10;14;12;13;11;7;16
61;12;10;7;9;17;11;9;7;9;14;15;10;10;14;12;14;11;7
62;10;13;10;7;9;16;11;9;6;10;14;15;10;10;14;12;14;11
63;12;10;13;10;7;9;16;10;9;6;10;13;15;10;10;14;12;14
64;5;12;10;12;10;7;9;18;10;9;6;11;13;15;10;10;14;12
65;12;5;11;9;12;10;7;9;18;10;9;6;11;13;15;10;9;14
66;5;11;5;11;9;11;10;7;9;18;10;9;6;12;13;15;10;9
67;7;5;11;5;11;9;11;10;7;9;18;10;9;7;12;13;15;10
68;6;6;5;13;5;11;9;11;10;7;9;17;10;9;7;11;12;16
69;7;6;5;5;13;5;11;9;10;10;7;9;17;10;9;7;11;12
70;9;7;6;5;5;13;5;11;9;9;10;6;8;17;10;9;7;11
71;10;10;7;6;5;4;13;5;12;9;9;10;6;8;15;10;9;7
72;9;9;10;7;6;5;4;13;6;10;7;9;10;6;8;15;10;9
73;9;8;10;10;7;6;4;4;13;6;10;7;9;10;6;8;15;10
74;5;9;8;8;10;7;6;4;4;13;6;10;7;9;10;6;8;14
75;7;5;10;7;8;10;7;6;4;4;14;6;10;7;9;10;6;8
76;6;7;5;8;7;8;10;7;5;4;4;14;6;10;7;9;10;6
77;7;6;7;5;8;7;8;10;7;5;4;4;14;6;10;7;8;10
78;8;7;6;7;5;8;6;8;10;7;5;3;4;13;6;10;7;8
79;5;8;7;4;6;5;8;6;8;10;7;5;3;4;13;6;10;7
80;5;5;8;8;4;6;5;7;6;8;11;5;5;3;3;10;6;10
81;3;5;4;7;8;4;6;5;7;6;7;11;3;5;3;3;10;6
82;3;3;5;4;6;8;4;5;4;6;6;6;11;3;5;3;3;10
83;1;2;3;5;4;6;8;4;5;4;7;5;6;11;3;5;3;3
84;2;1;2;3;5;5;5;7;4;4;4;6;5;6;9;3;5;3
85;1;2;1;2;1;5;5;5;7;4;4;4;6;5;6;9;3;4
86;5;1;2;1;2;1;5;5;5;7;3;4;4;5;5;6;9;3
87;1;4;1;2;1;2;1;3;4;5;7;2;4;4;5;5;5;8
88;4;1;4;1;2;1;2;1;3;3;5;6;2;4;4;5;5;5
89;4;3;1;3;1;2;1;1;0;3;2;5;6;2;4;4;3;3
90;3;2;3;1;2;1;1;1;1;1;3;1;4;5;2;4;3;3
91;1;2;2;3;1;1;1;1;1;1;1;3;1;4;4;2;3;3
92;1;1;1;2;3;1;1;1;0;1;1;1;3;1;3;4;2;3
93;1;1;1;1;2;2;0;1;1;0;1;1;1;2;1;2;4;2
94;1;1;1;1;1;2;2;0;2;1;0;1;1;1;2;1;2;3
95;1;1;1;1;0;1;2;1;0;2;1;0;1;0;1;2;0;2
96;0;1;0;1;1;0;1;2;0;0;2;1;0;1;0;1;2;0
97;0;0;0;0;1;0;0;1;2;0;0;2;1;0;0;0;1;1
98;0;0;0;0;0;0;0;0;0;1;0;0;1;0;0;0;0;0
99;0;0;0;0;0;0;0;0;0;0;0;0;0;1;0;0;0;0
100 e oltre;0;0;0;0;0;0;0;0;0;0;0;0;0;0;0;0;0;0
Totale;839;833;838;848;839;848;853;864;883;898;892;891;908;916;917;918;913;905

"Ricostruzione della popolazione intercensuaria - Popolazione al 1° gennaio per età"
"Cittadinanza straniera - Comune: Peia"
Età/Anno;2002;2003;2004;2005;2006;2007;2008;2009;2010;2011;2012;2013;2014;2015;2016;2017;2018;2019
Età;Totale
0;0;0;2;4;1;1;1;1;0;0;2;1;1;0;1;1;0;1
1;1;0;0;1;4;0;1;1;1;0;0;2;0;1;0;0;1;0
2;2;1;1;0;1;4;0;1;0;1;0;0;3;0;1;0;0;0
3;1;1;1;1;0;1;4;1;0;0;0;0;0;1;0;0;0;0
4;1;1;1;2;0;0;2;4;1;0;0;0;0;0;0;0;0;0
5;1;1;1;1;2;0;0;3;3;1;0;0;0;0;0;0;0;0
6;0;1;1;2;1;2;0;0;2;3;1;1;0;0;0;0;0;0
7;1;0;1;1;2;1;1;0;0;1;3;1;2;0;0;0;0;0
8;0;1;1;1;1;2;1;1;0;0;0;2;1;3;0;0;0;0
9;1;0;1;1;1;1;2;1;1;0;0;1;1;0;3;0;0;0
10;0;0;1;2;1;1;0;2;0;0;0;0;0;1;0;2;0;0
11;0;0;1;1;2;1;0;0;2;0;0;0;0;0;1;0;2;0
12;0;0;0;1;2;1;1;0;0;2;0;0;0;0;0;1;0;0
13;0;0;1;0;1;1;0;1;0;0;2;0;0;0;0;0;1;0
14;0;0;1;1;0;1;1;0;0;0;0;2;0;0;0;0;0;1
15;0;0;0;2;1;0;1;0;0;0;0;0;1;0;0;0;0;0
16;0;0;1;0;2;1;0;2;0;0;0;1;0;1;0;0;0;0
17;0;0;0;1;0;2;1;0;1;0;0;0;1;0;1;0;0;0
18;0;0;0;1;1;0;1;2;0;1;0;0;0;1;0;1;0;0
19;0;0;0;0;2;1;0;1;2;0;1;0;0;0;1;0;1;0
20;0;0;0;0;0;2;1;0;1;2;0;1;0;0;0;1;0;1
21;0;0;1;0;0;1;1;1;0;1;2;0;1;0;0;0;1;0
22;1;0;0;1;0;0;1;2;1;0;2;2;0;1;0;0;0;1
23;0;1;0;0;1;0;0;2;2;1;0;2;2;0;1;0;0;0
24;1;1;1;2;0;0;0;0;2;2;1;0;1;2;0;0;0;0
25;0;1;1;1;1;0;0;0;0;2;2;0;0;1;2;0;0;0
26;1;1;4;1;0;1;0;0;0;0;1;0;0;0;2;3;0;0
27;1;1;0;5;1;0;1;1;0;0;0;1;3;0;0;0;3;0
28;1;1;3;0;3;1;0;1;1;1;0;0;1;2;0;0;0;3
29;1;1;1;3;0;4;1;0;0;1;1;0;0;1;2;0;0;1
30;0;0;2;6;3;0;2;0;0;0;0;1;0;0;0;2;0;0
31;1;2;2;2;6;4;0;2;0;0;0;0;1;0;0;0;2;0
32;1;2;3;1;3;5;2;1;2;1;0;2;1;1;0;0;0;1
33;4;2;2;2;1;2;3;2;0;1;0;0;2;0;1;0;0;0
34;1;2;2;4;2;1;1;3;3;0;0;0;0;2;0;1;0;0
35;5;2;1;2;3;1;1;1;1;2;0;1;0;0;2;0;1;0
36;1;5;2;3;2;1;0;2;1;1;3;0;2;0;0;2;0;0
37;0;2;4;2;2;2;1;0;0;0;1;3;0;1;0;0;2;0
38;0;0;2;4;2;1;2;1;0;0;1;1;2;0;1;0;0;0
39;0;0;1;2;4;4;2;2;1;0;2;1;1;0;0;1;0;0
40;1;0;3;1;2;4;4;2;1;1;0;0;0;0;0;0;1;0
41;0;1;0;3;1;2;4;3;2;1;1;0;0;0;0;0;0;1
42;1;0;1;0;3;1;2;3;1;2;1;1;0;0;0;0;2;0
43;2;1;0;2;0;1;1;1;1;1;2;1;1;0;0;0;0;1
44;0;1;1;0;2;0;1;1;0;1;0;1;1;1;0;0;0;0
45;0;0;0;1;0;2;0;1;0;0;1;0;1;1;1;0;0;0
46;0;0;0;0;1;1;2;0;1;0;0;1;0;1;1;1;0;0
47;0;0;0;0;0;0;1;2;0;1;0;0;1;0;1;1;1;0
48;0;0;0;0;0;0;0;2;2;0;1;0;0;1;0;1;1;0
49;0;0;0;0;0;0;0;0;2;3;0;1;0;0;1;0;1;1
50;0;0;1;0;0;0;1;1;0;2;3;1;1;0;0;1;0;1
51;0;0;0;1;0;0;0;1;1;0;1;2;2;0;0;0;1;0
52;0;0;1;0;1;0;0;0;1;1;0;1;2;1;0;0;0;1
53;1;0;0;1;0;1;0;0;0;0;1;0;1;2;0;0;0;0
54;0;1;0;0;1;0;1;0;1;0;0;1;1;1;3;0;0;0
55;0;0;1;0;0;1;0;1;0;1;1;0;1;1;0;1;0;0
56;1;0;0;1;0;0;1;0;0;0;1;1;0;1;0;0;1;0
57;0;1;0;0;1;0;0;1;0;0;0;0;2;1;0;0;0;0
58;0;0;0;0;0;1;0;0;1;0;0;0;0;2;1;0;0;0
59;0;0;0;0;0;0;1;0;0;1;0;0;0;0;0;0;0;0
60;0;0;0;0;0;0;0;1;0;0;1;0;0;0;0;0;0;0
61;0;0;0;0;0;0;0;0;1;1;0;1;0;0;0;0;0;0
62;0;0;0;0;0;0;0;0;0;1;1;0;1;0;0;0;0;0
63;0;0;0;0;0;0;0;0;0;0;1;0;0;1;0;0;0;0
64;0;0;0;0;0;0;0;0;0;0;0;1;0;0;1;0;0;0
65;0;0;0;0;0;0;0;0;0;0;0;0;1;0;0;1;0;0
66;0;0;0;0;0;0;0;0;0;0;0;0;0;1;0;0;1;0
67;0;0;0;0;0;0;0;0;0;0;0;0;0;0;1;0;0;1
68;0;0;0;0;0;0;0;0;0;0;0;0;0;0;0;1;0;0
69;0;0;0;0;0;0;0;0;0;0;0;0;0;0;0;0;2;0
70;0;0;0;0;0;0;0;0;0;0;1;0;0;0;0;0;0;2
71;0;0;0;0;0;0;0;0;0;0;0;1;0;0;0;0;0;0
72;0;0;0;0;0;0;0;0;0;0;0;0;0;0;0;1;0;0
73;0;0;0;0;0;0;0;0;0;0;0;0;0;0;0;0;1;0
74;0;0;0;0;0;0;0;0;0;0;0;0;0;0;0;0;0;1
75;0;0;0;0;0;0;0;0;0;0;0;0;0;0;0;0;0;0
76;0;0;0;0;0;0;0;0;0;0;0;0;0;0;0;0;0;0
77;0;0;0;0;0;0;0;0;0;1;0;0;0;0;0;0;0;0
78;0;0;0;0;0;0;0;0;0;0;1;0;0;0;0;0;0;0
79;0;0;0;0;0;0;0;0;0;0;0;1;0;0;0;0;0;0
80;0;0;0;0;0;0;0;0;0;0;0;0;1;0;0;0;0;0
81;0;0;0;0;0;0;0;0;0;0;0;0;0;1;0;0;0;0
82;0;0;0;0;0;0;0;0;0;0;0;0;0;0;1;0;0;0
83;0;0;0;0;0;0;0;0;0;0;0;0;0;0;0;1;0;0
84;0;0;0;0;0;0;0;0;0;0;0;0;0;0;0;0;0;0
85;0;0;0;0;0;0;0;0;0;0;0;0;0;0;0;0;0;0
86;0;0;0;0;0;0;0;0;0;0;0;0;0;0;0;0;0;0
87;0;0;0;0;0;0;0;0;0;0;0;0;0;0;0;0;0;0
88;0;0;0;0;0;0;0;0;0;0;0;0;0;0;0;0;0;0
89;0;0;0;0;0;0;0;0;0;0;0;0;0;0;0;0;0;0
90;0;0;0;0;0;0;0;0;0;0;0;0;0;0;0;0;0;0
91;0;0;0;0;0;0;0;0;0;0;0;0;0;0;0;0;0;0
92;0;0;0;0;0;0;0;0;0;0;0;0;0;0;0;0;0;0
93;0;0;0;0;0;0;0;0;0;0;0;0;0;0;0;0;0;0
94;0;0;0;0;0;0;0;0;0;0;0;0;0;0;0;0;0;0
95;0;0;0;0;0;0;0;0;0;0;0;0;0;0;0;0;0;0
96;0;0;0;0;0;0;0;0;0;0;0;0;0;0;0;0;0;0
97;0;0;0;0;0;0;0;0;0;0;0;0;0;0;0;0;0;0
98;0;0;0;0;0;0;0;0;0;0;0;0;0;0;0;0;0;0
99;0;0;0;0;0;0;0;0;0;0;0;0;0;0;0;0;0;0
100 e oltre;0;0;0;0;0;0;0;0;0;0;0;0;0;0;0;0;0;0
Totale;33;35;55;74;71;65;55;62;43;42;43;41;44;35;30;24;26;18
Età/Anno;2002;2003;2004;2005;2006;2007;2008;2009;2010;2011;2012;2013;2014;2015;2016;2017;2018;2019
Età;Maschi
0;0;0;2;3;0;0;0;1;0;0;0;1;0;0;1;1;0;1
1;0;0;0;1;3;0;0;0;1;0;0;0;0;0;0;0;1;0
2;1;0;1;0;1;3;0;0;0;1;0;0;0;0;0;0;0;0
3;0;0;0;1;0;1;3;0;0;0;0;0;0;0;0;0;0;0
4;1;0;0;0;0;0;1;3;0;0;0;0;0;0;0;0;0;0
5;1;1;0;0;0;0;0;1;2;0;0;0;0;0;0;0;0;0
6;0;1;1;0;0;0;0;0;1;2;1;1;0;0;0;0;0;0
7;0;0;1;1;0;0;0;0;0;0;2;1;2;0;0;0;0;0
8;0;0;0;1;1;0;1;0;0;0;0;2;1;3;0;0;0;0
9;0;0;0;0;1;1;0;1;0;0;0;1;1;0;3;0;0;0
10;0;0;1;0;0;1;0;0;0;0;0;0;0;1;0;2;0;0
11;0;0;1;1;0;0;0;0;0;0;0;0;0;0;1;0;2;0
12;0;0;0;1;1;0;0;0;0;0;0;0;0;0;0;1;0;0
13;0;0;1;0;1;1;0;0;0;0;0;0;0;0;0;0;1;0
14;0;0;0;1;0;1;1;0;0;0;0;0;0;0;0;0;0;1
15;0;0;0;1;1;0;1;0;0;0;0;0;0;0;0;0;0;0
16;0;0;1;0;1;1;0;2;0;0;0;1;0;0;0;0;0;0
17;0;0;0;1;0;1;1;0;1;0;0;0;1;0;0;0;0;0
18;0;0;0;1;1;0;1;1;0;1;0;0;0;1;0;0;0;0
19;0;0;0;0;2;1;0;1;1;0;1;0;0;0;1;0;0;0
20;0;0;0;0;0;2;1;0;1;1;0;1;0;0;0;1;0;0
21;0;0;1;0;0;0;1;1;0;1;1;0;1;0;0;0;1;0
22;0;0;0;1;0;0;0;1;1;0;2;1;0;1;0;0;0;1
23;0;0;0;0;1;0;0;0;1;1;0;2;1;0;1;0;0;0
24;0;0;0;1;0;0;0;0;0;1;1;0;1;1;0;0;0;0
25;0;0;0;0;0;0;0;0;0;0;1;0;0;1;1;0;0;0
26;1;0;2;0;0;0;0;0;0;0;0;0;0;0;2;2;0;0
27;0;1;0;2;0;0;0;1;0;0;0;0;1;0;0;0;2;0
28;0;0;1;0;1;0;0;0;1;0;0;0;0;1;0;0;0;2
29;1;0;0;1;0;2;0;0;0;1;0;0;0;0;1;0;0;0
30;0;0;0;2;1;0;0;0;0;0;0;0;0;0;0;1;0;0
31;0;2;0;0;2;2;0;0;0;0;0;0;0;0;0;0;1;0
32;0;0;3;0;0;2;0;0;0;0;0;1;0;0;0;0;0;0
33;4;1;1;2;0;0;1;0;0;0;0;0;1;0;0;0;0;0
34;0;2;1;1;1;0;0;1;0;0;0;0;0;1;0;1;0;0
35;3;0;1;1;1;0;0;0;0;0;0;0;0;0;1;0;1;0
36;0;3;0;1;1;0;0;0;0;0;1;0;0;0;0;1;0;0
37;0;2;3;0;1;1;0;0;0;0;0;1;0;0;0;0;1;0
38;0;0;2;3;0;0;1;0;0;0;0;0;1;0;0;0;0;0
39;0;0;1;2;3;0;0;1;0;0;0;0;0;0;0;0;0;0
40;1;0;3;1;2;3;0;0;1;0;0;0;0;0;0;0;0;0
41;0;1;0;3;1;2;4;0;0;1;0;0;0;0;0;0;0;0
42;0;0;1;0;3;1;2;3;0;0;1;0;0;0;0;0;0;0
43;2;0;0;1;0;1;1;1;1;0;0;1;0;0;0;0;0;0
44;0;1;0;0;1;0;1;1;0;1;0;0;1;0;0;0;0;0
45;0;0;0;0;0;1;0;1;0;0;1;0;0;1;0;0;0;0
46;0;0;0;0;0;1;1;0;1;0;0;1;0;0;1;0;0;0
47;0;0;0;0;0;0;1;1;0;1;0;0;1;0;0;1;0;0
48;0;0;0;0;0;0;0;1;1;0;1;0;0;1;0;0;1;0
49;0;0;0;0;0;0;0;0;1;2;0;1;0;0;1;0;0;1
50;0;0;1;0;0;0;0;1;0;1;2;0;1;0;0;1;0;0
51;0;0;0;1;0;0;0;0;1;0;0;1;0;0;0;0;1;0
52;0;0;0;0;1;0;0;0;0;1;0;0;1;0;0;0;0;1
53;1;0;0;0;0;1;0;0;0;0;1;0;0;1;0;0;0;0
54;0;1;0;0;0;0;1;0;0;0;0;1;0;0;1;0;0;0
55;0;0;1;0;0;0;0;1;0;0;0;0;1;0;0;1;0;0
56;0;0;0;1;0;0;0;0;0;0;0;0;0;1;0;0;1;0
57;0;0;0;0;1;0;0;0;0;0;0;0;0;0;0;0;0;0
58;0;0;0;0;0;1;0;0;0;0;0;0;0;0;0;0;0;0
59;0;0;0;0;0;0;1;0;0;0;0;0;0;0;0;0;0;0
60;0;0;0;0;0;0;0;1;0;0;0;0;0;0;0;0;0;0
61;0;0;0;0;0;0;0;0;1;0;0;0;0;0;0;0;0;0
62;0;0;0;0;0;0;0;0;0;1;0;0;0;0;0;0;0;0
63;0;0;0;0;0;0;0;0;0;0;1;0;0;0;0;0;0;0
64;0;0;0;0;0;0;0;0;0;0;0;1;0;0;0;0;0;0
65;0;0;0;0;0;0;0;0;0;0;0;0;1;0;0;0;0;0
66;0;0;0;0;0;0;0;0;0;0;0;0;0;1;0;0;0;0
67;0;0;0;0;0;0;0;0;0;0;0;0;0;0;1;0;0;0
68;0;0;0;0;0;0;0;0;0;0;0;0;0;0;0;1;0;0
69;0;0;0;0;0;0;0;0;0;0;0;0;0;0;0;0;1;0
70;0;0;0;0;0;0;0;0;0;0;0;0;0;0;0;0;0;1
71;0;0;0;0;0;0;0;0;0;0;0;0;0;0;0;0;0;0
72;0;0;0;0;0;0;0;0;0;0;0;0;0;0;0;0;0;0
73;0;0;0;0;0;0;0;0;0;0;0;0;0;0;0;0;0;0
74;0;0;0;0;0;0;0;0;0;0;0;0;0;0;0;0;0;0
75;0;0;0;0;0;0;0;0;0;0;0;0;0;0;0;0;0;0
76;0;0;0;0;0;0;0;0;0;0;0;0;0;0;0;0;0;0
77;0;0;0;0;0;0;0;0;0;0;0;0;0;0;0;0;0;0
78;0;0;0;0;0;0;0;0;0;0;0;0;0;0;0;0;0;0
79;0;0;0;0;0;0;0;0;0;0;0;0;0;0;0;0;0;0
80;0;0;0;0;0;0;0;0;0;0;0;0;0;0;0;0;0;0
81;0;0;0;0;0;0;0;0;0;0;0;0;0;0;0;0;0;0
82;0;0;0;0;0;0;0;0;0;0;0;0;0;0;0;0;0;0
83;0;0;0;0;0;0;0;0;0;0;0;0;0;0;0;0;0;0
84;0;0;0;0;0;0;0;0;0;0;0;0;0;0;0;0;0;0
85;0;0;0;0;0;0;0;0;0;0;0;0;0;0;0;0;0;0
86;0;0;0;0;0;0;0;0;0;0;0;0;0;0;0;0;0;0
87;0;0;0;0;0;0;0;0;0;0;0;0;0;0;0;0;0;0
88;0;0;0;0;0;0;0;0;0;0;0;0;0;0;0;0;0;0
89;0;0;0;0;0;0;0;0;0;0;0;0;0;0;0;0;0;0
90;0;0;0;0;0;0;0;0;0;0;0;0;0;0;0;0;0;0
91;0;0;0;0;0;0;0;0;0;0;0;0;0;0;0;0;0;0
92;0;0;0;0;0;0;0;0;0;0;0;0;0;0;0;0;0;0
93;0;0;0;0;0;0;0;0;0;0;0;0;0;0;0;0;0;0
94;0;0;0;0;0;0;0;0;0;0;0;0;0;0;0;0;0;0
95;0;0;0;0;0;0;0;0;0;0;0;0;0;0;0;0;0;0
96;0;0;0;0;0;0;0;0;0;0;0;0;0;0;0;0;0;0
97;0;0;0;0;0;0;0;0;0;0;0;0;0;0;0;0;0;0
98;0;0;0;0;0;0;0;0;0;0;0;0;0;0;0;0;0;0
99;0;0;0;0;0;0;0;0;0;0;0;0;0;0;0;0;0;0
100 e oltre;0;0;0;0;0;0;0;0;0;0;0;0;0;0;0;0;0;0
Totale;16;16;31;37;34;31;25;26;17;17;17;19;17;15;16;14;14;8
Età/Anno;2002;2003;2004;2005;2006;2007;2008;2009;2010;2011;2012;2013;2014;2015;2016;2017;2018;2019
Età;Femmine
0;0;0;0;1;1;1;1;0;0;0;2;0;1;0;0;0;0;0
1;1;0;0;0;1;0;1;1;0;0;0;2;0;1;0;0;0;0
2;1;1;0;0;0;1;0;1;0;0;0;0;3;0;1;0;0;0
3;1;1;1;0;0;0;1;1;0;0;0;0;0;1;0;0;0;0
4;0;1;1;2;0;0;1;1;1;0;0;0;0;0;0;0;0;0
5;0;0;1;1;2;0;0;2;1;1;0;0;0;0;0;0;0;0
6;0;0;0;2;1;2;0;0;1;1;0;0;0;0;0;0;0;0
7;1;0;0;0;2;1;1;0;0;1;1;0;0;0;0;0;0;0
8;0;1;1;0;0;2;0;1;0;0;0;0;0;0;0;0;0;0
9;1;0;1;1;0;0;2;0;1;0;0;0;0;0;0;0;0;0
10;0;0;0;2;1;0;0;2;0;0;0;0;0;0;0;0;0;0
11;0;0;0;0;2;1;0;0;2;0;0;0;0;0;0;0;0;0
12;0;0;0;0;1;1;1;0;0;2;0;0;0;0;0;0;0;0
13;0;0;0;0;0;0;0;1;0;0;2;0;0;0;0;0;0;0
14;0;0;1;0;0;0;0;0;0;0;0;2;0;0;0;0;0;0
15;0;0;0;1;0;0;0;0;0;0;0;0;1;0;0;0;0;0
16;0;0;0;0;1;0;0;0;0;0;0;0;0;1;0;0;0;0
17;0;0;0;0;0;1;0;0;0;0;0;0;0;0;1;0;0;0
18;0;0;0;0;0;0;0;1;0;0;0;0;0;0;0;1;0;0
19;0;0;0;0;0;0;0;0;1;0;0;0;0;0;0;0;1;0
20;0;0;0;0;0;0;0;0;0;1;0;0;0;0;0;0;0;1
21;0;0;0;0;0;1;0;0;0;0;1;0;0;0;0;0;0;0
22;1;0;0;0;0;0;1;1;0;0;0;1;0;0;0;0;0;0
23;0;1;0;0;0;0;0;2;1;0;0;0;1;0;0;0;0;0
24;1;1;1;1;0;0;0;0;2;1;0;0;0;1;0;0;0;0
25;0;1;1;1;1;0;0;0;0;2;1;0;0;0;1;0;0;0
26;0;1;2;1;0;1;0;0;0;0;1;0;0;0;0;1;0;0
27;1;0;0;3;1;0;1;0;0;0;0;1;2;0;0;0;1;0
28;1;1;2;0;2;1;0;1;0;1;0;0;1;1;0;0;0;1
29;0;1;1;2;0;2;1;0;0;0;1;0;0;1;1;0;0;1
30;0;0;2;4;2;0;2;0;0;0;0;1;0;0;0;1;0;0
31;1;0;2;2;4;2;0;2;0;0;0;0;1;0;0;0;1;0
32;1;2;0;1;3;3;2;1;2;1;0;1;1;1;0;0;0;1
33;0;1;1;0;1;2;2;2;0;1;0;0;1;0;1;0;0;0
34;1;0;1;3;1;1;1;2;3;0;0;0;0;1;0;0;0;0
35;2;2;0;1;2;1;1;1;1;2;0;1;0;0;1;0;0;0
36;1;2;2;2;1;1;0;2;1;1;2;0;2;0;0;1;0;0
37;0;0;1;2;1;1;1;0;0;0;1;2;0;1;0;0;1;0
38;0;0;0;1;2;1;1;1;0;0;1;1;1;0;1;0;0;0
39;0;0;0;0;1;4;2;1;1;0;2;1;1;0;0;1;0;0
40;0;0;0;0;0;1;4;2;0;1;0;0;0;0;0;0;1;0
41;0;0;0;0;0;0;0;3;2;0;1;0;0;0;0;0;0;1
42;1;0;0;0;0;0;0;0;1;2;0;1;0;0;0;0;2;0
43;0;1;0;1;0;0;0;0;0;1;2;0;1;0;0;0;0;1
44;0;0;1;0;1;0;0;0;0;0;0;1;0;1;0;0;0;0
45;0;0;0;1;0;1;0;0;0;0;0;0;1;0;1;0;0;0
46;0;0;0;0;1;0;1;0;0;0;0;0;0;1;0;1;0;0
47;0;0;0;0;0;0;0;1;0;0;0;0;0;0;1;0;1;0
48;0;0;0;0;0;0;0;1;1;0;0;0;0;0;0;1;0;0
49;0;0;0;0;0;0;0;0;1;1;0;0;0;0;0;0;1;0
50;0;0;0;0;0;0;1;0;0;1;1;1;0;0;0;0;0;1
51;0;0;0;0;0;0;0;1;0;0;1;1;2;0;0;0;0;0
52;0;0;1;0;0;0;0;0;1;0;0;1;1;1;0;0;0;0
53;0;0;0;1;0;0;0;0;0;0;0;0;1;1;0;0;0;0
54;0;0;0;0;1;0;0;0;1;0;0;0;1;1;2;0;0;0
55;0;0;0;0;0;1;0;0;0;1;1;0;0;1;0;0;0;0
56;1;0;0;0;0;0;1;0;0;0;1;1;0;0;0;0;0;0
57;0;1;0;0;0;0;0;1;0;0;0;0;2;1;0;0;0;0
58;0;0;0;0;0;0;0;0;1;0;0;0;0;2;1;0;0;0
59;0;0;0;0;0;0;0;0;0;1;0;0;0;0;0;0;0;0
60;0;0;0;0;0;0;0;0;0;0;1;0;0;0;0;0;0;0
61;0;0;0;0;0;0;0;0;0;1;0;1;0;0;0;0;0;0
62;0;0;0;0;0;0;0;0;0;0;1;0;1;0;0;0;0;0
63;0;0;0;0;0;0;0;0;0;0;0;0;0;1;0;0;0;0
64;0;0;0;0;0;0;0;0;0;0;0;0;0;0;1;0;0;0
65;0;0;0;0;0;0;0;0;0;0;0;0;0;0;0;1;0;0
66;0;0;0;0;0;0;0;0;0;0;0;0;0;0;0;0;1;0
67;0;0;0;0;0;0;0;0;0;0;0;0;0;0;0;0;0;1
68;0;0;0;0;0;0;0;0;0;0;0;0;0;0;0;0;0;0
69;0;0;0;0;0;0;0;0;0;0;0;0;0;0;0;0;1;0
70;0;0;0;0;0;0;0;0;0;0;1;0;0;0;0;0;0;1
71;0;0;0;0;0;0;0;0;0;0;0;1;0;0;0;0;0;0
72;0;0;0;0;0;0;0;0;0;0;0;0;0;0;0;1;0;0
73;0;0;0;0;0;0;0;0;0;0;0;0;0;0;0;0;1;0
74;0;0;0;0;0;0;0;0;0;0;0;0;0;0;0;0;0;1
75;0;0;0;0;0;0;0;0;0;0;0;0;0;0;0;0;0;0
76;0;0;0;0;0;0;0;0;0;0;0;0;0;0;0;0;0;0
77;0;0;0;0;0;0;0;0;0;1;0;0;0;0;0;0;0;0
78;0;0;0;0;0;0;0;0;0;0;1;0;0;0;0;0;0;0
79;0;0;0;0;0;0;0;0;0;0;0;1;0;0;0;0;0;0
80;0;0;0;0;0;0;0;0;0;0;0;0;1;0;0;0;0;0
81;0;0;0;0;0;0;0;0;0;0;0;0;0;1;0;0;0;0
82;0;0;0;0;0;0;0;0;0;0;0;0;0;0;1;0;0;0
83;0;0;0;0;0;0;0;0;0;0;0;0;0;0;0;1;0;0
84;0;0;0;0;0;0;0;0;0;0;0;0;0;0;0;0;0;0
85;0;0;0;0;0;0;0;0;0;0;0;0;0;0;0;0;0;0
86;0;0;0;0;0;0;0;0;0;0;0;0;0;0;0;0;0;0
87;0;0;0;0;0;0;0;0;0;0;0;0;0;0;0;0;0;0
88;0;0;0;0;0;0;0;0;0;0;0;0;0;0;0;0;0;0
89;0;0;0;0;0;0;0;0;0;0;0;0;0;0;0;0;0;0
90;0;0;0;0;0;0;0;0;0;0;0;0;0;0;0;0;0;0
91;0;0;0;0;0;0;0;0;0;0;0;0;0;0;0;0;0;0
92;0;0;0;0;0;0;0;0;0;0;0;0;0;0;0;0;0;0
93;0;0;0;0;0;0;0;0;0;0;0;0;0;0;0;0;0;0
94;0;0;0;0;0;0;0;0;0;0;0;0;0;0;0;0;0;0
95;0;0;0;0;0;0;0;0;0;0;0;0;0;0;0;0;0;0
96;0;0;0;0;0;0;0;0;0;0;0;0;0;0;0;0;0;0
97;0;0;0;0;0;0;0;0;0;0;0;0;0;0;0;0;0;0
98;0;0;0;0;0;0;0;0;0;0;0;0;0;0;0;0;0;0
99;0;0;0;0;0;0;0;0;0;0;0;0;0;0;0;0;0;0
100 e oltre;0;0;0;0;0;0;0;0;0;0;0;0;0;0;0;0;0;0
Totale;17;19;24;37;37;34;30;36;26;25;26;22;27;20;14;10;12;10
