"Popolazione per età, vista per singola area - Comune: 076049 - Missanello"

"Ricostruzione della popolazione intercensuaria - Popolazione al 1° gennaio per età"
"Tutte le cittadinanze - Comune: Missanello"
Età/Anno;2002;2003;2004;2005;2006;2007;2008;2009;2010;2011;2012;2013;2014;2015;2016;2017;2018;2019
Età;Totale
0;7;3;8;2;3;3;3;0;8;2;3;0;3;3;5;3;5;0
1;7;7;3;8;2;3;1;4;0;8;3;2;0;3;3;5;3;5
2;5;7;8;4;8;2;2;1;4;0;8;3;2;0;3;3;5;3
3;6;5;7;8;4;8;2;3;1;4;0;9;3;2;0;3;3;6
4;4;5;5;7;8;4;8;2;3;2;4;0;9;3;2;0;3;3
5;3;4;6;6;8;8;4;8;2;3;2;4;0;10;3;3;0;4
6;4;3;4;6;6;8;8;4;8;2;2;3;4;0;9;3;3;0
7;6;4;3;4;6;6;8;8;3;8;2;2;2;4;0;9;3;3
8;9;6;5;4;4;6;6;8;8;3;7;2;3;2;4;0;9;2
9;5;9;6;5;4;4;6;6;8;8;3;8;2;4;2;4;0;11
10;5;5;9;6;5;4;4;6;6;8;8;4;7;2;4;2;4;0
11;8;4;6;9;6;5;4;4;6;5;8;8;3;8;2;4;2;4
12;5;8;5;7;10;6;4;4;3;6;5;8;9;3;8;2;4;2
13;8;5;8;5;7;10;6;3;3;3;6;6;8;9;3;8;2;4
14;9;9;5;8;5;7;10;6;3;3;3;6;5;8;9;2;8;2
15;7;8;9;4;8;5;7;10;6;2;3;3;6;6;8;9;2;8
16;4;7;10;9;3;8;4;7;9;6;2;4;3;6;6;8;9;2
17;10;3;7;11;9;3;8;4;7;9;6;2;4;5;6;6;8;9
18;7;10;3;7;10;9;3;8;4;6;9;8;2;4;4;6;6;8
19;9;6;10;4;7;11;9;5;8;4;6;9;8;1;4;4;6;6
20;9;9;6;10;4;8;12;8;5;8;6;8;10;7;1;4;4;7
21;7;9;9;6;9;3;8;12;8;5;8;6;7;10;7;1;5;5
22;4;7;10;9;7;7;3;8;9;8;5;10;7;7;10;7;1;6
23;4;4;6;11;7;7;8;4;7;8;8;10;11;8;7;9;8;1
24;8;5;3;6;9;7;7;8;3;7;7;8;9;10;8;6;9;8
25;9;7;5;4;5;8;7;8;8;3;6;10;8;9;11;8;5;9
26;7;10;7;5;3;5;8;8;7;9;3;8;11;9;10;11;9;4
27;6;9;11;7;5;3;5;7;8;6;9;6;8;9;9;10;12;9
28;7;7;10;11;8;5;3;5;6;7;6;10;7;9;8;9;10;12
29;4;7;9;9;11;8;5;3;6;6;6;9;11;7;10;8;9;11
30;7;5;7;9;10;10;8;5;4;6;6;8;9;9;7;10;7;8
31;5;9;6;7;8;7;10;10;5;5;6;6;9;9;10;8;10;7
32;6;5;9;3;7;7;7;9;9;5;5;6;7;7;10;10;8;10
33;7;7;4;9;4;8;7;7;9;9;5;4;7;7;8;11;11;8
34;7;7;7;5;8;4;8;7;7;9;9;9;5;7;8;9;11;11
35;6;6;9;7;5;9;5;7;7;7;9;11;8;5;8;6;7;12
36;8;4;6;9;5;5;9;5;6;6;7;10;11;8;4;8;6;8
37;9;8;6;7;10;5;5;9;4;6;6;7;12;11;6;4;8;6
38;9;10;8;6;7;10;5;5;9;4;6;6;7;13;10;5;4;8
39;14;9;9;8;6;7;11;5;5;9;4;5;6;7;13;11;4;4
40;11;16;11;9;8;6;7;11;5;5;9;7;5;6;9;13;10;4
41;11;11;16;12;9;8;6;7;11;6;4;10;5;5;6;8;13;10
42;10;11;12;16;13;9;7;7;7;11;6;4;9;5;5;5;7;13
43;5;10;11;12;16;13;9;7;7;6;11;4;3;9;5;5;6;7
44;5;5;10;11;12;16;13;10;7;7;6;12;4;4;9;5;5;6
45;5;5;5;11;13;12;17;13;10;7;7;6;12;4;4;9;5;6
46;9;5;5;6;10;13;13;17;13;9;7;6;6;12;4;4;9;5
47;11;9;5;5;6;9;13;14;17;12;9;7;6;7;11;4;4;9
48;2;10;9;5;6;6;9;13;13;15;12;9;7;6;7;11;4;4
49;6;3;10;8;5;6;5;9;13;11;15;13;8;7;6;7;11;4
50;8;6;3;11;7;5;5;5;9;12;11;15;13;8;7;7;7;10
51;10;8;8;3;13;6;5;4;5;10;12;11;13;13;7;7;6;9
52;10;10;8;8;3;13;6;5;4;5;9;12;10;13;11;7;8;7
53;7;9;9;7;7;3;13;7;4;4;5;9;11;10;12;8;7;8
54;3;7;10;9;8;7;3;13;9;4;3;5;9;11;10;12;8;7
55;6;3;7;10;9;8;7;3;11;8;4;3;5;10;11;10;12;9
56;2;6;3;7;9;9;7;6;2;11;7;5;3;5;10;11;10;12
57;4;2;6;3;7;9;10;7;6;2;11;6;5;4;5;10;11;10
58;3;4;2;6;3;7;9;10;8;6;2;11;6;5;4;5;10;11
59;7;3;4;2;6;3;7;9;11;8;5;2;10;6;3;4;6;10
60;3;6;3;4;2;6;5;7;9;11;8;5;2;11;6;3;4;6
61;5;3;6;3;4;2;6;4;7;9;11;8;5;2;11;6;3;4
62;4;5;3;6;3;4;2;6;4;7;9;11;8;6;2;11;6;5
63;9;4;5;3;6;3;4;2;6;3;7;9;11;8;6;2;11;6
64;8;9;4;3;3;6;4;4;2;5;3;7;10;11;6;6;2;11
65;17;8;8;4;3;3;6;5;4;2;5;4;7;10;10;6;6;2
66;12;16;8;8;4;3;3;6;5;4;2;5;3;7;9;10;6;7
67;5;12;16;8;8;4;3;3;6;5;5;2;6;3;8;9;10;5
68;9;5;11;16;7;7;4;3;4;6;5;5;2;6;3;8;10;10
69;9;9;5;11;14;7;7;4;3;4;6;5;5;2;6;2;7;9
70;16;9;9;5;11;13;7;6;4;3;3;6;3;5;3;6;2;7
71;5;16;9;9;5;10;13;7;6;4;3;3;6;3;5;3;6;2
72;6;5;15;8;9;5;10;13;7;6;4;3;3;6;2;5;3;5
73;11;6;4;12;8;9;5;11;13;7;6;4;3;2;6;2;5;3
74;6;10;6;4;11;7;9;5;11;13;6;5;4;3;2;5;2;5
75;9;6;10;6;4;11;7;9;5;11;13;6;5;4;3;2;5;2
76;9;9;6;7;6;4;9;8;9;5;11;12;6;5;4;3;1;4
77;6;8;8;6;7;5;4;9;8;9;5;10;11;6;5;4;3;1
78;9;5;8;7;7;7;5;4;7;6;9;5;10;11;6;5;4;3
79;7;7;5;8;5;7;7;4;4;7;6;9;5;10;11;6;4;4
80;4;7;6;5;8;5;7;5;4;5;7;5;8;5;11;10;6;4
81;7;4;6;6;5;8;5;6;5;3;5;7;5;7;4;11;10;5
82;5;7;3;6;6;2;8;5;6;5;3;5;6;5;7;4;10;10
83;3;4;7;3;6;5;0;7;5;4;5;2;4;5;4;7;4;8
84;4;3;3;6;3;5;5;0;7;5;4;5;2;4;6;5;6;4
85;2;4;3;2;6;3;5;4;1;6;5;4;6;2;4;5;4;5
86;4;1;4;3;1;6;3;4;4;1;5;5;2;5;3;4;4;4
87;2;4;1;2;3;1;4;3;2;2;1;5;5;2;5;2;3;4
88;1;2;4;1;2;3;2;4;3;2;2;1;5;5;2;5;2;3
89;2;0;2;2;1;2;2;2;2;3;2;2;0;4;4;1;4;2
90;0;2;0;1;1;1;2;2;1;2;2;2;2;0;2;4;1;4
91;0;0;2;0;0;1;1;2;2;1;2;1;2;2;0;2;4;2
92;0;0;0;2;0;0;1;1;2;1;1;1;1;1;1;0;2;2
93;1;0;0;0;1;0;0;1;1;1;0;0;1;1;0;0;0;0
94;0;1;0;0;0;1;0;0;1;1;1;0;0;1;1;0;0;0
95;0;0;1;0;0;0;1;0;0;1;1;1;0;1;1;1;0;0
96;0;0;0;1;0;0;0;1;0;0;1;0;1;0;0;1;1;1
97;0;0;0;0;0;0;0;0;0;0;0;1;0;0;0;0;1;1
98;0;0;0;0;0;0;0;0;0;0;0;0;0;0;0;0;0;1
99;0;0;0;0;0;0;0;0;0;0;0;0;0;0;0;0;0;0
100 e oltre;0;0;0;0;0;0;0;0;0;0;0;0;0;0;0;0;0;0
Totale;606;602;619;611;601;587;585;585;574;554;546;576;568;572;565;557;554;558
Età/Anno;2002;2003;2004;2005;2006;2007;2008;2009;2010;2011;2012;2013;2014;2015;2016;2017;2018;2019
Età;Maschi
0;3;3;4;1;3;0;2;0;1;2;1;0;1;2;2;2;3;0
1;4;3;3;4;1;3;0;2;0;2;3;1;0;1;2;2;2;3
2;3;4;4;4;4;1;2;0;2;0;2;3;1;0;1;3;2;2
3;2;3;4;4;4;4;1;2;0;2;0;2;3;1;0;1;3;2
4;2;1;3;4;4;4;4;1;2;1;2;0;2;3;1;0;1;3
5;0;2;2;3;5;4;4;4;1;2;1;2;0;2;3;2;0;1
6;3;0;2;2;3;5;4;4;4;1;1;2;2;0;2;3;2;0
7;3;3;0;2;2;3;5;4;3;4;1;1;1;2;0;2;3;2
8;4;3;3;0;2;2;3;5;4;3;3;1;2;1;2;0;2;2
9;2;4;3;3;0;2;2;3;5;4;3;3;1;3;1;2;0;3
10;1;2;4;3;3;0;2;2;3;5;4;4;3;1;3;1;2;0
11;5;1;2;4;3;3;0;2;2;3;5;4;3;4;1;3;1;2
12;2;5;1;2;4;3;2;0;2;2;3;5;5;3;4;1;3;1
13;2;2;5;1;2;4;3;1;0;2;2;4;5;5;3;4;1;3
14;5;2;3;5;1;2;3;3;1;0;2;2;3;5;5;2;4;1
15;3;5;2;2;5;1;2;3;3;1;0;2;2;3;5;5;2;4
16;2;3;5;2;2;5;0;2;3;3;1;0;2;2;3;5;5;2
17;5;1;3;5;2;2;5;0;2;3;3;1;0;3;2;3;5;5
18;3;5;1;3;5;2;2;5;0;2;3;7;1;0;2;2;3;5
19;4;3;5;2;3;5;2;3;5;0;2;3;7;1;0;2;2;3
20;2;4;3;5;2;3;5;2;3;5;2;4;4;5;1;0;2;2
21;4;2;4;3;5;1;3;5;2;3;5;3;4;4;5;1;1;3
22;2;3;3;4;4;3;1;3;5;2;3;8;3;4;4;5;1;2
23;1;2;3;4;3;4;4;1;3;4;2;8;9;4;4;3;6;1
24;7;1;1;3;3;3;4;4;1;3;3;3;8;8;4;4;3;6
25;5;6;1;2;2;3;3;4;4;1;2;5;4;8;9;4;4;3
26;1;6;6;1;1;2;3;4;3;5;1;5;6;4;8;9;4;3
27;2;1;7;6;1;1;2;3;4;3;5;4;5;5;4;8;10;4
28;1;3;1;6;7;1;1;2;3;4;3;6;4;6;4;4;8;9
29;1;1;3;1;6;7;1;1;3;3;3;6;7;4;6;4;4;8
30;4;2;1;3;2;5;7;1;2;3;3;5;6;5;4;6;4;3
31;2;5;3;1;3;0;5;7;2;3;3;5;6;6;5;5;6;4
32;5;2;5;1;1;3;1;5;6;2;3;2;6;4;7;5;5;6
33;3;6;1;5;1;1;3;1;5;6;2;3;3;6;5;7;6;5
34;3;3;6;2;5;1;1;3;2;5;6;4;4;3;7;5;7;6
35;2;2;3;6;2;5;2;1;3;2;5;8;3;4;3;5;4;7
36;2;2;2;3;5;2;5;2;1;3;2;6;8;3;3;3;5;5
37;4;2;4;3;4;5;2;5;2;1;3;1;7;8;3;3;3;5
38;4;5;2;4;3;4;5;2;5;2;1;3;1;8;7;3;3;3
39;7;5;4;2;4;3;4;5;2;5;2;1;2;1;8;8;2;3
40;4;9;7;4;2;4;3;4;5;2;5;5;1;2;3;8;7;2
41;7;4;9;7;4;2;4;3;4;5;2;5;3;1;2;2;8;7
42;4;7;5;9;7;4;2;4;3;4;5;2;5;3;1;2;2;8
43;4;4;7;5;9;7;4;2;4;2;4;3;1;5;3;1;3;2
44;2;4;4;7;5;9;7;4;2;4;2;5;3;1;5;3;1;3
45;3;2;4;5;8;5;10;7;4;2;4;2;5;3;1;5;3;1
46;4;3;2;4;4;8;5;10;7;4;2;4;2;5;3;1;5;3
47;5;4;3;2;4;3;8;6;10;6;4;2;4;2;5;3;1;5
48;2;5;4;3;3;4;3;8;6;9;6;4;2;4;2;5;3;1
49;2;3;5;4;3;3;3;3;8;5;9;7;4;2;4;2;5;3
50;4;2;3;6;3;3;2;3;3;7;5;9;6;4;2;4;2;4
51;5;4;4;3;8;3;3;2;3;3;7;5;8;7;3;2;4;3
52;8;5;4;4;3;8;3;3;2;3;3;7;4;8;7;3;2;5
53;4;8;4;3;3;3;8;3;3;2;3;3;6;4;7;4;3;2
54;1;4;9;4;4;3;3;8;3;3;1;3;3;6;4;7;4;3
55;1;1;4;9;4;4;3;3;6;3;3;1;3;4;6;4;7;5
56;1;1;1;4;8;4;4;2;2;6;3;4;1;3;4;6;4;7
57;2;1;1;1;4;8;5;4;2;2;6;3;3;1;3;4;6;4
58;0;2;1;1;1;4;8;5;5;2;2;6;3;3;1;3;4;6
59;5;0;2;1;1;1;4;8;6;5;1;2;5;3;1;1;4;4
60;2;4;0;2;1;1;3;4;8;6;5;1;2;6;3;1;1;4
61;3;2;4;0;2;1;1;2;4;8;6;5;1;2;6;3;1;1
62;0;3;2;4;0;2;1;1;2;4;8;6;5;2;2;6;3;2
63;4;0;3;2;4;0;2;1;1;2;4;8;6;5;2;2;6;3
64;7;4;0;1;2;4;0;2;1;1;2;4;9;6;3;2;2;6
65;7;7;3;0;1;2;3;1;2;1;1;2;4;9;5;3;2;2
66;6;6;7;3;0;1;2;3;1;2;1;1;1;4;8;5;3;3
67;1;6;6;7;3;0;1;2;3;1;3;1;2;1;5;8;5;2
68;1;1;5;6;7;3;0;1;3;3;1;3;1;2;1;5;9;5
69;4;1;1;5;4;7;3;0;1;3;3;1;3;1;2;1;4;9
70;12;4;1;1;4;4;7;2;0;1;2;3;1;3;2;2;1;4
71;3;12;4;1;1;4;4;7;2;0;1;2;3;1;3;2;2;1
72;0;3;12;4;1;1;4;4;7;2;0;1;2;3;0;3;2;1
73;7;0;2;9;4;1;1;5;4;7;2;0;1;1;3;0;3;2
74;2;6;0;2;8;3;1;1;5;4;6;2;0;1;1;3;0;3
75;4;2;6;0;2;8;3;1;1;5;4;6;2;0;1;1;3;0
76;4;4;2;5;0;2;6;4;1;1;5;4;6;2;0;1;0;3
77;3;4;3;2;5;0;2;6;4;1;1;4;3;6;2;0;1;0
78;5;2;4;2;3;5;0;2;5;3;1;1;4;3;6;2;0;1
79;2;4;2;4;1;3;5;0;2;5;3;1;1;4;3;6;1;0
80;1;2;3;2;4;1;3;3;0;2;5;2;1;1;5;3;6;1
81;0;1;2;3;2;4;1;2;3;0;2;5;2;1;1;5;3;5
82;2;0;1;2;3;0;4;1;2;3;0;2;4;2;1;1;4;3
83;2;2;0;1;2;3;0;3;1;0;3;0;2;4;2;1;1;2
84;1;2;2;0;1;2;3;0;3;1;0;3;0;2;4;3;1;1
85;0;1;2;1;0;1;2;2;1;2;1;0;3;0;2;4;2;1
86;1;0;1;2;1;0;1;1;2;1;2;1;0;3;0;2;3;2
87;1;1;0;0;2;1;0;1;1;0;1;2;1;0;3;0;2;3
88;0;1;1;0;0;2;1;0;1;1;0;1;2;1;0;3;0;2
89;0;0;1;0;0;0;2;1;0;1;1;0;0;1;1;0;3;0
90;0;0;0;0;0;0;0;2;0;0;1;1;0;0;1;1;0;2
91;0;0;0;0;0;0;0;0;2;0;0;0;1;0;0;1;1;0
92;0;0;0;0;0;0;0;0;0;1;0;0;0;1;0;0;1;0
93;1;0;0;0;0;0;0;0;0;0;0;0;0;0;0;0;0;0
94;0;1;0;0;0;0;0;0;0;0;0;0;0;0;0;0;0;0
95;0;0;1;0;0;0;0;0;0;0;0;0;0;0;0;0;0;0
96;0;0;0;1;0;0;0;0;0;0;0;0;0;0;0;0;0;0
97;0;0;0;0;0;0;0;0;0;0;0;0;0;0;0;0;0;0
98;0;0;0;0;0;0;0;0;0;0;0;0;0;0;0;0;0;0
99;0;0;0;0;0;0;0;0;0;0;0;0;0;0;0;0;0;0
100 e oltre;0;0;0;0;0;0;0;0;0;0;0;0;0;0;0;0;0;0
Totale;274;277;286;279;278;268;268;264;265;258;253;292;289;291;288;287;288;284
Età/Anno;2002;2003;2004;2005;2006;2007;2008;2009;2010;2011;2012;2013;2014;2015;2016;2017;2018;2019
Età;Femmine
0;4;0;4;1;0;3;1;0;7;0;2;0;2;1;3;1;2;0
1;3;4;0;4;1;0;1;2;0;6;0;1;0;2;1;3;1;2
2;2;3;4;0;4;1;0;1;2;0;6;0;1;0;2;0;3;1
3;4;2;3;4;0;4;1;1;1;2;0;7;0;1;0;2;0;4
4;2;4;2;3;4;0;4;1;1;1;2;0;7;0;1;0;2;0
5;3;2;4;3;3;4;0;4;1;1;1;2;0;8;0;1;0;3
6;1;3;2;4;3;3;4;0;4;1;1;1;2;0;7;0;1;0
7;3;1;3;2;4;3;3;4;0;4;1;1;1;2;0;7;0;1
8;5;3;2;4;2;4;3;3;4;0;4;1;1;1;2;0;7;0
9;3;5;3;2;4;2;4;3;3;4;0;5;1;1;1;2;0;8
10;4;3;5;3;2;4;2;4;3;3;4;0;4;1;1;1;2;0
11;3;3;4;5;3;2;4;2;4;2;3;4;0;4;1;1;1;2
12;3;3;4;5;6;3;2;4;1;4;2;3;4;0;4;1;1;1
13;6;3;3;4;5;6;3;2;3;1;4;2;3;4;0;4;1;1
14;4;7;2;3;4;5;7;3;2;3;1;4;2;3;4;0;4;1
15;4;3;7;2;3;4;5;7;3;1;3;1;4;3;3;4;0;4
16;2;4;5;7;1;3;4;5;6;3;1;4;1;4;3;3;4;0
17;5;2;4;6;7;1;3;4;5;6;3;1;4;2;4;3;3;4
18;4;5;2;4;5;7;1;3;4;4;6;1;1;4;2;4;3;3
19;5;3;5;2;4;6;7;2;3;4;4;6;1;0;4;2;4;3
20;7;5;3;5;2;5;7;6;2;3;4;4;6;2;0;4;2;5
21;3;7;5;3;4;2;5;7;6;2;3;3;3;6;2;0;4;2
22;2;4;7;5;3;4;2;5;4;6;2;2;4;3;6;2;0;4
23;3;2;3;7;4;3;4;3;4;4;6;2;2;4;3;6;2;0
24;1;4;2;3;6;4;3;4;2;4;4;5;1;2;4;2;6;2
25;4;1;4;2;3;5;4;4;4;2;4;5;4;1;2;4;1;6
26;6;4;1;4;2;3;5;4;4;4;2;3;5;5;2;2;5;1
27;4;8;4;1;4;2;3;4;4;3;4;2;3;4;5;2;2;5
28;6;4;9;5;1;4;2;3;3;3;3;4;3;3;4;5;2;3
29;3;6;6;8;5;1;4;2;3;3;3;3;4;3;4;4;5;3
30;3;3;6;6;8;5;1;4;2;3;3;3;3;4;3;4;3;5
31;3;4;3;6;5;7;5;3;3;2;3;1;3;3;5;3;4;3
32;1;3;4;2;6;4;6;4;3;3;2;4;1;3;3;5;3;4
33;4;1;3;4;3;7;4;6;4;3;3;1;4;1;3;4;5;3
34;4;4;1;3;3;3;7;4;5;4;3;5;1;4;1;4;4;5
35;4;4;6;1;3;4;3;6;4;5;4;3;5;1;5;1;3;5
36;6;2;4;6;0;3;4;3;5;3;5;4;3;5;1;5;1;3
37;5;6;2;4;6;0;3;4;2;5;3;6;5;3;3;1;5;1
38;5;5;6;2;4;6;0;3;4;2;5;3;6;5;3;2;1;5
39;7;4;5;6;2;4;7;0;3;4;2;4;4;6;5;3;2;1
40;7;7;4;5;6;2;4;7;0;3;4;2;4;4;6;5;3;2
41;4;7;7;5;5;6;2;4;7;1;2;5;2;4;4;6;5;3
42;6;4;7;7;6;5;5;3;4;7;1;2;4;2;4;3;5;5
43;1;6;4;7;7;6;5;5;3;4;7;1;2;4;2;4;3;5
44;3;1;6;4;7;7;6;6;5;3;4;7;1;3;4;2;4;3
45;2;3;1;6;5;7;7;6;6;5;3;4;7;1;3;4;2;5
46;5;2;3;2;6;5;8;7;6;5;5;2;4;7;1;3;4;2
47;6;5;2;3;2;6;5;8;7;6;5;5;2;5;6;1;3;4
48;0;5;5;2;3;2;6;5;7;6;6;5;5;2;5;6;1;3
49;4;0;5;4;2;3;2;6;5;6;6;6;4;5;2;5;6;1
50;4;4;0;5;4;2;3;2;6;5;6;6;7;4;5;3;5;6
51;5;4;4;0;5;3;2;2;2;7;5;6;5;6;4;5;2;6
52;2;5;4;4;0;5;3;2;2;2;6;5;6;5;4;4;6;2
53;3;1;5;4;4;0;5;4;1;2;2;6;5;6;5;4;4;6
54;2;3;1;5;4;4;0;5;6;1;2;2;6;5;6;5;4;4
55;5;2;3;1;5;4;4;0;5;5;1;2;2;6;5;6;5;4
56;1;5;2;3;1;5;3;4;0;5;4;1;2;2;6;5;6;5
57;2;1;5;2;3;1;5;3;4;0;5;3;2;3;2;6;5;6
58;3;2;1;5;2;3;1;5;3;4;0;5;3;2;3;2;6;5
59;2;3;2;1;5;2;3;1;5;3;4;0;5;3;2;3;2;6
60;1;2;3;2;1;5;2;3;1;5;3;4;0;5;3;2;3;2
61;2;1;2;3;2;1;5;2;3;1;5;3;4;0;5;3;2;3
62;4;2;1;2;3;2;1;5;2;3;1;5;3;4;0;5;3;3
63;5;4;2;1;2;3;2;1;5;1;3;1;5;3;4;0;5;3
64;1;5;4;2;1;2;4;2;1;4;1;3;1;5;3;4;0;5
65;10;1;5;4;2;1;3;4;2;1;4;2;3;1;5;3;4;0
66;6;10;1;5;4;2;1;3;4;2;1;4;2;3;1;5;3;4
67;4;6;10;1;5;4;2;1;3;4;2;1;4;2;3;1;5;3
68;8;4;6;10;0;4;4;2;1;3;4;2;1;4;2;3;1;5
69;5;8;4;6;10;0;4;4;2;1;3;4;2;1;4;1;3;0
70;4;5;8;4;7;9;0;4;4;2;1;3;2;2;1;4;1;3
71;2;4;5;8;4;6;9;0;4;4;2;1;3;2;2;1;4;1
72;6;2;3;4;8;4;6;9;0;4;4;2;1;3;2;2;1;4
73;4;6;2;3;4;8;4;6;9;0;4;4;2;1;3;2;2;1
74;4;4;6;2;3;4;8;4;6;9;0;3;4;2;1;2;2;2
75;5;4;4;6;2;3;4;8;4;6;9;0;3;4;2;1;2;2
76;5;5;4;2;6;2;3;4;8;4;6;8;0;3;4;2;1;1
77;3;4;5;4;2;5;2;3;4;8;4;6;8;0;3;4;2;1
78;4;3;4;5;4;2;5;2;2;3;8;4;6;8;0;3;4;2
79;5;3;3;4;4;4;2;4;2;2;3;8;4;6;8;0;3;4
80;3;5;3;3;4;4;4;2;4;3;2;3;7;4;6;7;0;3
81;7;3;4;3;3;4;4;4;2;3;3;2;3;6;3;6;7;0
82;3;7;2;4;3;2;4;4;4;2;3;3;2;3;6;3;6;7
83;1;2;7;2;4;2;0;4;4;4;2;2;2;1;2;6;3;6
84;3;1;1;6;2;3;2;0;4;4;4;2;2;2;2;2;5;3
85;2;3;1;1;6;2;3;2;0;4;4;4;3;2;2;1;2;4
86;3;1;3;1;0;6;2;3;2;0;3;4;2;2;3;2;1;2
87;1;3;1;2;1;0;4;2;1;2;0;3;4;2;2;2;1;1
88;1;1;3;1;2;1;1;4;2;1;2;0;3;4;2;2;2;1
89;2;0;1;2;1;2;0;1;2;2;1;2;0;3;3;1;1;2
90;0;2;0;1;1;1;2;0;1;2;1;1;2;0;1;3;1;2
91;0;0;2;0;0;1;1;2;0;1;2;1;1;2;0;1;3;2
92;0;0;0;2;0;0;1;1;2;0;1;1;1;0;1;0;1;2
93;0;0;0;0;1;0;0;1;1;1;0;0;1;1;0;0;0;0
94;0;0;0;0;0;1;0;0;1;1;1;0;0;1;1;0;0;0
95;0;0;0;0;0;0;1;0;0;1;1;1;0;1;1;1;0;0
96;0;0;0;0;0;0;0;1;0;0;1;0;1;0;0;1;1;1
97;0;0;0;0;0;0;0;0;0;0;0;1;0;0;0;0;1;1
98;0;0;0;0;0;0;0;0;0;0;0;0;0;0;0;0;0;1
99;0;0;0;0;0;0;0;0;0;0;0;0;0;0;0;0;0;0
100 e oltre;0;0;0;0;0;0;0;0;0;0;0;0;0;0;0;0;0;0
Totale;332;325;333;332;323;319;317;321;309;296;293;284;279;281;277;270;266;274

"Ricostruzione della popolazione intercensuaria - Popolazione al 1° gennaio per età"
"Cittadinanza italiana - Comune: Missanello"
Età/Anno;2002;2003;2004;2005;2006;2007;2008;2009;2010;2011;2012;2013;2014;2015;2016;2017;2018;2019
Età;Totale
0;7;3;8;2;3;3;3;0;8;2;3;0;3;3;5;3;5;0
1;7;7;3;8;2;3;1;3;0;8;3;2;0;3;3;5;3;5
2;5;7;8;4;8;2;2;1;3;0;8;3;2;0;3;3;5;3
3;6;5;7;8;4;8;2;2;1;3;0;8;3;2;0;3;3;6
4;4;5;5;7;8;4;8;2;2;2;3;0;8;3;2;0;3;3
5;3;4;6;6;8;8;4;8;2;2;2;3;0;9;3;3;0;4
6;4;3;4;6;6;8;8;4;8;2;1;2;3;0;9;3;3;0
7;6;4;3;4;6;6;8;8;3;8;2;1;2;3;0;9;3;3
8;9;6;5;4;4;6;6;8;8;3;7;2;2;2;3;0;9;2
9;5;9;6;5;4;4;6;6;8;8;3;7;2;3;2;3;0;11
10;5;5;9;6;5;4;4;6;6;8;8;3;7;2;3;2;3;0
11;8;4;6;9;6;5;4;4;6;5;8;8;3;8;2;3;2;3
12;5;8;5;7;10;6;4;4;3;6;5;8;9;3;8;2;3;2
13;8;5;8;5;7;10;6;3;3;3;6;5;8;9;3;8;2;3
14;9;9;5;8;5;7;9;6;3;3;3;6;5;8;9;2;8;2
15;7;8;9;4;8;5;7;9;6;2;3;3;6;6;8;9;2;8
16;4;7;10;9;3;8;4;7;9;6;2;4;3;6;6;8;9;2
17;10;3;7;11;9;3;8;4;7;9;6;2;4;5;6;6;8;9
18;7;10;3;7;10;9;3;8;4;6;9;4;2;4;4;5;6;8
19;9;6;10;4;7;11;9;5;8;4;6;9;4;1;3;4;5;6
20;9;9;6;10;4;8;11;8;5;8;6;7;10;5;1;3;4;6
21;7;9;9;6;9;3;8;12;8;5;8;5;6;10;5;1;3;4
22;4;7;10;9;7;7;3;8;9;8;5;7;5;6;10;5;1;3
23;4;4;6;11;7;7;8;4;7;8;8;4;7;5;6;9;5;1
24;8;5;3;6;9;7;7;8;3;7;7;7;3;7;5;5;9;5
25;9;7;5;4;5;8;7;8;8;3;6;8;6;3;7;5;4;9
26;7;10;7;5;3;5;8;8;7;9;3;5;9;7;4;7;5;3
27;6;9;11;7;5;3;5;6;8;6;9;3;5;7;7;4;7;6
28;7;7;10;11;8;5;3;5;5;7;6;8;3;6;6;7;4;8
29;4;7;9;9;11;8;5;3;5;5;6;5;9;3;7;6;7;4
30;7;5;7;9;10;10;8;5;4;5;5;6;6;7;3;7;5;7
31;5;9;6;7;8;7;10;7;4;5;5;4;6;6;8;4;7;5
32;6;5;9;3;7;7;7;9;6;4;5;5;4;5;7;8;3;7
33;7;7;4;9;4;8;7;7;9;6;4;4;5;4;6;8;9;3
34;7;7;7;5;8;4;6;7;6;9;6;4;4;5;5;7;8;9
35;6;6;9;7;5;9;5;6;7;6;9;6;4;4;6;4;5;9
36;8;4;6;9;5;5;9;5;6;6;6;9;6;4;4;6;4;6
37;9;8;6;7;10;5;5;9;4;6;6;5;10;6;4;4;6;4
38;9;10;8;6;7;10;5;5;9;4;6;5;5;11;5;3;4;6
39;14;9;9;8;6;7;11;5;5;9;4;5;5;5;11;6;3;4
40;10;16;11;9;8;6;7;11;5;5;9;4;5;5;5;11;5;3
41;11;10;16;12;9;8;6;7;11;6;4;9;4;5;5;5;11;6
42;10;11;12;16;13;9;7;7;7;11;6;4;8;4;5;5;5;11
43;5;10;11;12;16;13;9;7;7;6;11;4;3;8;4;5;5;6
44;5;5;10;11;12;16;13;9;7;7;6;11;4;4;8;4;5;5
45;5;5;5;11;13;12;17;13;9;7;7;6;11;4;4;8;4;6
46;9;5;5;6;10;13;13;17;13;9;7;6;6;11;4;4;8;4
47;11;9;5;5;6;9;13;14;17;12;9;7;6;7;10;4;4;8
48;2;10;9;5;6;6;9;13;13;15;12;9;7;6;7;10;4;4
49;6;3;10;8;5;6;5;9;13;11;15;12;8;7;6;7;10;4
50;8;6;3;11;7;5;5;5;9;12;11;15;12;8;7;6;7;10
51;10;8;8;3;13;6;5;4;5;10;12;11;13;12;7;7;6;9
52;10;10;8;8;3;13;6;5;4;5;9;12;10;13;10;7;8;7
53;7;9;9;7;7;3;13;6;4;4;5;9;11;10;12;7;7;8
54;3;7;10;9;8;7;3;13;7;4;3;5;9;11;10;12;7;7
55;6;3;7;10;9;8;7;3;11;7;4;3;5;10;11;10;12;8
56;2;6;3;7;9;9;7;6;2;11;7;5;3;5;10;11;10;12
57;4;2;6;3;7;9;10;7;6;2;11;6;5;4;5;10;11;10
58;3;4;2;6;3;7;9;10;7;6;2;11;6;5;4;5;10;11
59;7;3;4;2;6;3;7;9;11;7;5;2;10;6;3;4;6;10
60;3;6;3;4;2;6;5;7;9;11;7;5;2;11;6;3;4;6
61;5;3;6;3;4;2;6;4;7;9;11;7;5;2;11;6;3;4
62;4;5;3;6;3;4;2;6;4;7;9;11;7;6;2;11;6;5
63;9;4;5;3;6;3;4;2;6;3;7;9;11;7;6;2;11;6
64;8;9;4;3;3;6;4;4;2;5;3;7;10;11;5;6;2;11
65;17;8;8;4;3;3;6;5;4;2;5;3;7;10;10;5;6;2
66;12;16;8;8;4;3;3;6;5;4;2;5;2;7;9;10;5;7
67;5;12;16;8;8;4;3;3;6;5;5;2;6;2;8;9;10;4
68;9;5;11;16;7;7;4;3;4;6;5;5;2;6;2;8;10;10
69;9;9;5;11;14;7;7;4;3;4;6;5;5;2;6;2;7;9
70;16;9;9;5;11;13;7;6;4;3;3;6;3;5;3;6;2;7
71;5;16;9;9;5;10;13;7;6;4;3;3;6;3;5;3;6;2
72;6;5;15;8;9;5;10;13;7;6;4;3;3;6;2;5;3;5
73;11;6;4;12;8;9;5;11;13;7;6;4;3;2;6;2;5;3
74;6;10;6;4;11;7;9;5;11;13;6;5;4;3;2;5;2;5
75;9;6;10;6;4;11;7;9;5;11;13;6;5;4;3;2;5;2
76;9;9;6;7;6;4;9;8;9;5;11;12;6;5;4;3;1;4
77;6;8;8;6;7;5;4;9;8;9;5;10;11;6;5;4;3;1
78;9;5;8;7;7;7;5;4;7;6;9;5;10;11;6;5;4;3
79;7;7;5;8;5;7;7;4;4;7;6;9;5;10;11;6;4;4
80;4;7;6;5;8;5;7;5;4;5;7;5;8;5;11;10;6;4
81;7;4;6;6;5;8;5;6;5;3;5;7;5;7;4;11;10;5
82;5;7;3;6;6;2;8;5;6;5;3;5;6;5;7;4;10;10
83;3;4;7;3;6;5;0;7;5;4;5;2;4;5;4;7;4;8
84;4;3;3;6;3;5;5;0;7;5;4;5;2;4;6;5;6;4
85;2;4;3;2;6;3;5;4;1;6;5;4;6;2;4;5;4;5
86;4;1;4;3;1;6;3;4;4;1;5;5;2;5;3;4;4;4
87;2;4;1;2;3;1;4;3;2;2;1;5;5;2;5;2;3;4
88;1;2;4;1;2;3;2;4;3;2;2;1;5;5;2;5;2;3
89;2;0;2;2;1;2;2;2;2;3;2;2;0;4;4;1;4;2
90;0;2;0;1;1;1;2;2;1;2;2;2;2;0;2;4;1;4
91;0;0;2;0;0;1;1;2;2;1;2;1;2;2;0;2;4;2
92;0;0;0;2;0;0;1;1;2;1;1;1;1;1;1;0;2;2
93;1;0;0;0;1;0;0;1;1;1;0;0;1;1;0;0;0;0
94;0;1;0;0;0;1;0;0;1;1;1;0;0;1;1;0;0;0
95;0;0;1;0;0;0;1;0;0;1;1;1;0;1;1;1;0;0
96;0;0;0;1;0;0;0;1;0;0;1;0;1;0;0;1;1;1
97;0;0;0;0;0;0;0;0;0;0;0;1;0;0;0;0;1;1
98;0;0;0;0;0;0;0;0;0;0;0;0;0;0;0;0;0;1
99;0;0;0;0;0;0;0;0;0;0;0;0;0;0;0;0;0;0
100 e oltre;0;0;0;0;0;0;0;0;0;0;0;0;0;0;0;0;0;0
Totale;605;601;619;611;601;587;581;575;561;543;536;512;503;510;503;497;491;498
Età/Anno;2002;2003;2004;2005;2006;2007;2008;2009;2010;2011;2012;2013;2014;2015;2016;2017;2018;2019
Età;Maschi
0;3;3;4;1;3;0;2;0;1;2;1;0;1;2;2;2;3;0
1;4;3;3;4;1;3;0;2;0;2;3;1;0;1;2;2;2;3
2;3;4;4;4;4;1;2;0;2;0;2;3;1;0;1;3;2;2
3;2;3;4;4;4;4;1;2;0;2;0;2;3;1;0;1;3;2
4;2;1;3;4;4;4;4;1;2;1;2;0;2;3;1;0;1;3
5;0;2;2;3;5;4;4;4;1;2;1;2;0;2;3;2;0;1
6;3;0;2;2;3;5;4;4;4;1;1;1;2;0;2;3;2;0
7;3;3;0;2;2;3;5;4;3;4;1;1;1;2;0;2;3;2
8;4;3;3;0;2;2;3;5;4;3;3;1;2;1;2;0;2;2
9;2;4;3;3;0;2;2;3;5;4;3;3;1;3;1;2;0;3
10;1;2;4;3;3;0;2;2;3;5;4;3;3;1;3;1;2;0
11;5;1;2;4;3;3;0;2;2;3;5;4;3;4;1;3;1;2
12;2;5;1;2;4;3;2;0;2;2;3;5;5;3;4;1;3;1
13;2;2;5;1;2;4;3;1;0;2;2;3;5;5;3;4;1;3
14;5;2;3;5;1;2;3;3;1;0;2;2;3;5;5;2;4;1
15;3;5;2;2;5;1;2;3;3;1;0;2;2;3;5;5;2;4
16;2;3;5;2;2;5;0;2;3;3;1;0;2;2;3;5;5;2
17;5;1;3;5;2;2;5;0;2;3;3;1;0;3;2;3;5;5
18;3;5;1;3;5;2;2;5;0;2;3;3;1;0;2;2;3;5
19;4;3;5;2;3;5;2;3;5;0;2;3;3;1;0;2;2;3
20;2;4;3;5;2;3;5;2;3;5;2;3;4;3;1;0;2;2
21;4;2;4;3;5;1;3;5;2;3;5;2;3;4;3;1;0;2
22;2;3;3;4;4;3;1;3;5;2;3;5;2;3;4;3;1;0
23;1;2;3;4;3;4;4;1;3;4;2;2;5;2;3;3;3;1
24;7;1;1;3;3;3;4;4;1;3;3;2;2;5;2;3;3;3
25;5;6;1;2;2;3;3;4;4;1;2;3;2;2;5;2;3;3
26;1;6;6;1;1;2;3;4;3;5;1;2;4;2;2;5;2;2
27;2;1;7;6;1;1;2;3;4;3;5;1;2;3;2;2;5;2
28;1;3;1;6;7;1;1;2;3;4;3;4;1;3;2;2;2;5
29;1;1;3;1;6;7;1;1;2;3;3;3;5;1;3;2;2;2
30;4;2;1;3;2;5;7;1;2;2;3;3;3;3;1;3;2;2
31;2;5;3;1;3;0;5;6;1;3;2;3;3;3;3;2;3;2
32;5;2;5;1;1;3;1;5;5;1;3;2;3;2;4;3;1;3
33;3;6;1;5;1;1;3;1;5;5;1;3;2;3;3;4;4;1
34;3;3;6;2;5;1;1;3;1;5;5;1;3;2;4;3;4;4
35;2;2;3;6;2;5;2;1;3;1;5;5;1;3;2;3;2;4
36;2;2;2;3;5;2;5;2;1;3;1;5;5;1;3;2;3;3
37;4;2;4;3;4;5;2;5;2;1;3;0;6;5;1;3;2;3
38;4;5;2;4;3;4;5;2;5;2;1;2;0;7;4;1;3;2
39;7;5;4;2;4;3;4;5;2;5;2;1;2;0;7;5;1;3
40;4;9;7;4;2;4;3;4;5;2;5;2;1;2;0;7;4;1
41;7;4;9;7;4;2;4;3;4;5;2;5;2;1;2;0;7;5
42;4;7;5;9;7;4;2;4;3;4;5;2;5;2;1;2;0;7
43;4;4;7;5;9;7;4;2;4;2;4;3;1;5;2;1;2;1
44;2;4;4;7;5;9;7;4;2;4;2;4;3;1;5;2;1;2
45;3;2;4;5;8;5;10;7;4;2;4;2;4;3;1;5;2;1
46;4;3;2;4;4;8;5;10;7;4;2;4;2;4;3;1;5;2
47;5;4;3;2;4;3;8;6;10;6;4;2;4;2;4;3;1;5
48;2;5;4;3;3;4;3;8;6;9;6;4;2;4;2;4;3;1
49;2;3;5;4;3;3;3;3;8;5;9;6;4;2;4;2;4;3
50;4;2;3;6;3;3;2;3;3;7;5;9;5;4;2;4;2;4
51;5;4;4;3;8;3;3;2;3;3;7;5;8;6;3;2;4;3
52;8;5;4;4;3;8;3;3;2;3;3;7;4;8;6;3;2;5
53;4;8;4;3;3;3;8;3;3;2;3;3;6;4;7;3;3;2
54;1;4;9;4;4;3;3;8;3;3;1;3;3;6;4;7;3;3
55;1;1;4;9;4;4;3;3;6;3;3;1;3;4;6;4;7;4
56;1;1;1;4;8;4;4;2;2;6;3;4;1;3;4;6;4;7
57;2;1;1;1;4;8;5;4;2;2;6;3;3;1;3;4;6;4
58;0;2;1;1;1;4;8;5;4;2;2;6;3;3;1;3;4;6
59;5;0;2;1;1;1;4;8;6;4;1;2;5;3;1;1;4;4
60;2;4;0;2;1;1;3;4;8;6;4;1;2;6;3;1;1;4
61;3;2;4;0;2;1;1;2;4;8;6;4;1;2;6;3;1;1
62;0;3;2;4;0;2;1;1;2;4;8;6;4;2;2;6;3;2
63;4;0;3;2;4;0;2;1;1;2;4;8;6;4;2;2;6;3
64;7;4;0;1;2;4;0;2;1;1;2;4;9;6;2;2;2;6
65;7;7;3;0;1;2;3;1;2;1;1;2;4;9;5;2;2;2
66;6;6;7;3;0;1;2;3;1;2;1;1;1;4;8;5;2;3
67;1;6;6;7;3;0;1;2;3;1;3;1;2;1;5;8;5;1
68;1;1;5;6;7;3;0;1;3;3;1;3;1;2;1;5;9;5
69;4;1;1;5;4;7;3;0;1;3;3;1;3;1;2;1;4;9
70;12;4;1;1;4;4;7;2;0;1;2;3;1;3;2;2;1;4
71;3;12;4;1;1;4;4;7;2;0;1;2;3;1;3;2;2;1
72;0;3;12;4;1;1;4;4;7;2;0;1;2;3;0;3;2;1
73;7;0;2;9;4;1;1;5;4;7;2;0;1;1;3;0;3;2
74;2;6;0;2;8;3;1;1;5;4;6;2;0;1;1;3;0;3
75;4;2;6;0;2;8;3;1;1;5;4;6;2;0;1;1;3;0
76;4;4;2;5;0;2;6;4;1;1;5;4;6;2;0;1;0;3
77;3;4;3;2;5;0;2;6;4;1;1;4;3;6;2;0;1;0
78;5;2;4;2;3;5;0;2;5;3;1;1;4;3;6;2;0;1
79;2;4;2;4;1;3;5;0;2;5;3;1;1;4;3;6;1;0
80;1;2;3;2;4;1;3;3;0;2;5;2;1;1;5;3;6;1
81;0;1;2;3;2;4;1;2;3;0;2;5;2;1;1;5;3;5
82;2;0;1;2;3;0;4;1;2;3;0;2;4;2;1;1;4;3
83;2;2;0;1;2;3;0;3;1;0;3;0;2;4;2;1;1;2
84;1;2;2;0;1;2;3;0;3;1;0;3;0;2;4;3;1;1
85;0;1;2;1;0;1;2;2;1;2;1;0;3;0;2;4;2;1
86;1;0;1;2;1;0;1;1;2;1;2;1;0;3;0;2;3;2
87;1;1;0;0;2;1;0;1;1;0;1;2;1;0;3;0;2;3
88;0;1;1;0;0;2;1;0;1;1;0;1;2;1;0;3;0;2
89;0;0;1;0;0;0;2;1;0;1;1;0;0;1;1;0;3;0
90;0;0;0;0;0;0;0;2;0;0;1;1;0;0;1;1;0;2
91;0;0;0;0;0;0;0;0;2;0;0;0;1;0;0;1;1;0
92;0;0;0;0;0;0;0;0;0;1;0;0;0;1;0;0;1;0
93;1;0;0;0;0;0;0;0;0;0;0;0;0;0;0;0;0;0
94;0;1;0;0;0;0;0;0;0;0;0;0;0;0;0;0;0;0
95;0;0;1;0;0;0;0;0;0;0;0;0;0;0;0;0;0;0
96;0;0;0;1;0;0;0;0;0;0;0;0;0;0;0;0;0;0
97;0;0;0;0;0;0;0;0;0;0;0;0;0;0;0;0;0;0
98;0;0;0;0;0;0;0;0;0;0;0;0;0;0;0;0;0;0
99;0;0;0;0;0;0;0;0;0;0;0;0;0;0;0;0;0;0
100 e oltre;0;0;0;0;0;0;0;0;0;0;0;0;0;0;0;0;0;0
Totale;274;277;286;279;278;268;268;263;260;253;248;241;239;244;239;240;237;236
Età/Anno;2002;2003;2004;2005;2006;2007;2008;2009;2010;2011;2012;2013;2014;2015;2016;2017;2018;2019
Età;Femmine
0;4;0;4;1;0;3;1;0;7;0;2;0;2;1;3;1;2;0
1;3;4;0;4;1;0;1;1;0;6;0;1;0;2;1;3;1;2
2;2;3;4;0;4;1;0;1;1;0;6;0;1;0;2;0;3;1
3;4;2;3;4;0;4;1;0;1;1;0;6;0;1;0;2;0;4
4;2;4;2;3;4;0;4;1;0;1;1;0;6;0;1;0;2;0
5;3;2;4;3;3;4;0;4;1;0;1;1;0;7;0;1;0;3
6;1;3;2;4;3;3;4;0;4;1;0;1;1;0;7;0;1;0
7;3;1;3;2;4;3;3;4;0;4;1;0;1;1;0;7;0;1
8;5;3;2;4;2;4;3;3;4;0;4;1;0;1;1;0;7;0
9;3;5;3;2;4;2;4;3;3;4;0;4;1;0;1;1;0;8
10;4;3;5;3;2;4;2;4;3;3;4;0;4;1;0;1;1;0
11;3;3;4;5;3;2;4;2;4;2;3;4;0;4;1;0;1;1
12;3;3;4;5;6;3;2;4;1;4;2;3;4;0;4;1;0;1
13;6;3;3;4;5;6;3;2;3;1;4;2;3;4;0;4;1;0
14;4;7;2;3;4;5;6;3;2;3;1;4;2;3;4;0;4;1
15;4;3;7;2;3;4;5;6;3;1;3;1;4;3;3;4;0;4
16;2;4;5;7;1;3;4;5;6;3;1;4;1;4;3;3;4;0
17;5;2;4;6;7;1;3;4;5;6;3;1;4;2;4;3;3;4
18;4;5;2;4;5;7;1;3;4;4;6;1;1;4;2;3;3;3
19;5;3;5;2;4;6;7;2;3;4;4;6;1;0;3;2;3;3
20;7;5;3;5;2;5;6;6;2;3;4;4;6;2;0;3;2;4
21;3;7;5;3;4;2;5;7;6;2;3;3;3;6;2;0;3;2
22;2;4;7;5;3;4;2;5;4;6;2;2;3;3;6;2;0;3
23;3;2;3;7;4;3;4;3;4;4;6;2;2;3;3;6;2;0
24;1;4;2;3;6;4;3;4;2;4;4;5;1;2;3;2;6;2
25;4;1;4;2;3;5;4;4;4;2;4;5;4;1;2;3;1;6
26;6;4;1;4;2;3;5;4;4;4;2;3;5;5;2;2;3;1
27;4;8;4;1;4;2;3;3;4;3;4;2;3;4;5;2;2;4
28;6;4;9;5;1;4;2;3;2;3;3;4;2;3;4;5;2;3
29;3;6;6;8;5;1;4;2;3;2;3;2;4;2;4;4;5;2
30;3;3;6;6;8;5;1;4;2;3;2;3;3;4;2;4;3;5
31;3;4;3;6;5;7;5;1;3;2;3;1;3;3;5;2;4;3
32;1;3;4;2;6;4;6;4;1;3;2;3;1;3;3;5;2;4
33;4;1;3;4;3;7;4;6;4;1;3;1;3;1;3;4;5;2
34;4;4;1;3;3;3;5;4;5;4;1;3;1;3;1;4;4;5
35;4;4;6;1;3;4;3;5;4;5;4;1;3;1;4;1;3;5
36;6;2;4;6;0;3;4;3;5;3;5;4;1;3;1;4;1;3
37;5;6;2;4;6;0;3;4;2;5;3;5;4;1;3;1;4;1
38;5;5;6;2;4;6;0;3;4;2;5;3;5;4;1;2;1;4
39;7;4;5;6;2;4;7;0;3;4;2;4;3;5;4;1;2;1
40;6;7;4;5;6;2;4;7;0;3;4;2;4;3;5;4;1;2
41;4;6;7;5;5;6;2;4;7;1;2;4;2;4;3;5;4;1
42;6;4;7;7;6;5;5;3;4;7;1;2;3;2;4;3;5;4
43;1;6;4;7;7;6;5;5;3;4;7;1;2;3;2;4;3;5
44;3;1;6;4;7;7;6;5;5;3;4;7;1;3;3;2;4;3
45;2;3;1;6;5;7;7;6;5;5;3;4;7;1;3;3;2;5
46;5;2;3;2;6;5;8;7;6;5;5;2;4;7;1;3;3;2
47;6;5;2;3;2;6;5;8;7;6;5;5;2;5;6;1;3;3
48;0;5;5;2;3;2;6;5;7;6;6;5;5;2;5;6;1;3
49;4;0;5;4;2;3;2;6;5;6;6;6;4;5;2;5;6;1
50;4;4;0;5;4;2;3;2;6;5;6;6;7;4;5;2;5;6
51;5;4;4;0;5;3;2;2;2;7;5;6;5;6;4;5;2;6
52;2;5;4;4;0;5;3;2;2;2;6;5;6;5;4;4;6;2
53;3;1;5;4;4;0;5;3;1;2;2;6;5;6;5;4;4;6
54;2;3;1;5;4;4;0;5;4;1;2;2;6;5;6;5;4;4
55;5;2;3;1;5;4;4;0;5;4;1;2;2;6;5;6;5;4
56;1;5;2;3;1;5;3;4;0;5;4;1;2;2;6;5;6;5
57;2;1;5;2;3;1;5;3;4;0;5;3;2;3;2;6;5;6
58;3;2;1;5;2;3;1;5;3;4;0;5;3;2;3;2;6;5
59;2;3;2;1;5;2;3;1;5;3;4;0;5;3;2;3;2;6
60;1;2;3;2;1;5;2;3;1;5;3;4;0;5;3;2;3;2
61;2;1;2;3;2;1;5;2;3;1;5;3;4;0;5;3;2;3
62;4;2;1;2;3;2;1;5;2;3;1;5;3;4;0;5;3;3
63;5;4;2;1;2;3;2;1;5;1;3;1;5;3;4;0;5;3
64;1;5;4;2;1;2;4;2;1;4;1;3;1;5;3;4;0;5
65;10;1;5;4;2;1;3;4;2;1;4;1;3;1;5;3;4;0
66;6;10;1;5;4;2;1;3;4;2;1;4;1;3;1;5;3;4
67;4;6;10;1;5;4;2;1;3;4;2;1;4;1;3;1;5;3
68;8;4;6;10;0;4;4;2;1;3;4;2;1;4;1;3;1;5
69;5;8;4;6;10;0;4;4;2;1;3;4;2;1;4;1;3;0
70;4;5;8;4;7;9;0;4;4;2;1;3;2;2;1;4;1;3
71;2;4;5;8;4;6;9;0;4;4;2;1;3;2;2;1;4;1
72;6;2;3;4;8;4;6;9;0;4;4;2;1;3;2;2;1;4
73;4;6;2;3;4;8;4;6;9;0;4;4;2;1;3;2;2;1
74;4;4;6;2;3;4;8;4;6;9;0;3;4;2;1;2;2;2
75;5;4;4;6;2;3;4;8;4;6;9;0;3;4;2;1;2;2
76;5;5;4;2;6;2;3;4;8;4;6;8;0;3;4;2;1;1
77;3;4;5;4;2;5;2;3;4;8;4;6;8;0;3;4;2;1
78;4;3;4;5;4;2;5;2;2;3;8;4;6;8;0;3;4;2
79;5;3;3;4;4;4;2;4;2;2;3;8;4;6;8;0;3;4
80;3;5;3;3;4;4;4;2;4;3;2;3;7;4;6;7;0;3
81;7;3;4;3;3;4;4;4;2;3;3;2;3;6;3;6;7;0
82;3;7;2;4;3;2;4;4;4;2;3;3;2;3;6;3;6;7
83;1;2;7;2;4;2;0;4;4;4;2;2;2;1;2;6;3;6
84;3;1;1;6;2;3;2;0;4;4;4;2;2;2;2;2;5;3
85;2;3;1;1;6;2;3;2;0;4;4;4;3;2;2;1;2;4
86;3;1;3;1;0;6;2;3;2;0;3;4;2;2;3;2;1;2
87;1;3;1;2;1;0;4;2;1;2;0;3;4;2;2;2;1;1
88;1;1;3;1;2;1;1;4;2;1;2;0;3;4;2;2;2;1
89;2;0;1;2;1;2;0;1;2;2;1;2;0;3;3;1;1;2
90;0;2;0;1;1;1;2;0;1;2;1;1;2;0;1;3;1;2
91;0;0;2;0;0;1;1;2;0;1;2;1;1;2;0;1;3;2
92;0;0;0;2;0;0;1;1;2;0;1;1;1;0;1;0;1;2
93;0;0;0;0;1;0;0;1;1;1;0;0;1;1;0;0;0;0
94;0;0;0;0;0;1;0;0;1;1;1;0;0;1;1;0;0;0
95;0;0;0;0;0;0;1;0;0;1;1;1;0;1;1;1;0;0
96;0;0;0;0;0;0;0;1;0;0;1;0;1;0;0;1;1;1
97;0;0;0;0;0;0;0;0;0;0;0;1;0;0;0;0;1;1
98;0;0;0;0;0;0;0;0;0;0;0;0;0;0;0;0;0;1
99;0;0;0;0;0;0;0;0;0;0;0;0;0;0;0;0;0;0
100 e oltre;0;0;0;0;0;0;0;0;0;0;0;0;0;0;0;0;0;0
Totale;331;324;333;332;323;319;313;312;301;290;288;271;264;266;264;257;254;262

"Ricostruzione della popolazione intercensuaria - Popolazione al 1° gennaio per età"
"Cittadinanza straniera - Comune: Missanello"
Età/Anno;2002;2003;2004;2005;2006;2007;2008;2009;2010;2011;2012;2013;2014;2015;2016;2017;2018;2019
Età;Totale
0;0;0;0;0;0;0;0;0;0;0;0;0;0;0;0;0;0;0
1;0;0;0;0;0;0;0;1;0;0;0;0;0;0;0;0;0;0
2;0;0;0;0;0;0;0;0;1;0;0;0;0;0;0;0;0;0
3;0;0;0;0;0;0;0;1;0;1;0;1;0;0;0;0;0;0
4;0;0;0;0;0;0;0;0;1;0;1;0;1;0;0;0;0;0
5;0;0;0;0;0;0;0;0;0;1;0;1;0;1;0;0;0;0
6;0;0;0;0;0;0;0;0;0;0;1;1;1;0;0;0;0;0
7;0;0;0;0;0;0;0;0;0;0;0;1;0;1;0;0;0;0
8;0;0;0;0;0;0;0;0;0;0;0;0;1;0;1;0;0;0
9;0;0;0;0;0;0;0;0;0;0;0;1;0;1;0;1;0;0
10;0;0;0;0;0;0;0;0;0;0;0;1;0;0;1;0;1;0
11;0;0;0;0;0;0;0;0;0;0;0;0;0;0;0;1;0;1
12;0;0;0;0;0;0;0;0;0;0;0;0;0;0;0;0;1;0
13;0;0;0;0;0;0;0;0;0;0;0;1;0;0;0;0;0;1
14;0;0;0;0;0;0;1;0;0;0;0;0;0;0;0;0;0;0
15;0;0;0;0;0;0;0;1;0;0;0;0;0;0;0;0;0;0
16;0;0;0;0;0;0;0;0;0;0;0;0;0;0;0;0;0;0
17;0;0;0;0;0;0;0;0;0;0;0;0;0;0;0;0;0;0
18;0;0;0;0;0;0;0;0;0;0;0;4;0;0;0;1;0;0
19;0;0;0;0;0;0;0;0;0;0;0;0;4;0;1;0;1;0
20;0;0;0;0;0;0;1;0;0;0;0;1;0;2;0;1;0;1
21;0;0;0;0;0;0;0;0;0;0;0;1;1;0;2;0;2;1
22;0;0;0;0;0;0;0;0;0;0;0;3;2;1;0;2;0;3
23;0;0;0;0;0;0;0;0;0;0;0;6;4;3;1;0;3;0
24;0;0;0;0;0;0;0;0;0;0;0;1;6;3;3;1;0;3
25;0;0;0;0;0;0;0;0;0;0;0;2;2;6;4;3;1;0
26;0;0;0;0;0;0;0;0;0;0;0;3;2;2;6;4;4;1
27;0;0;0;0;0;0;0;1;0;0;0;3;3;2;2;6;5;3
28;0;0;0;0;0;0;0;0;1;0;0;2;4;3;2;2;6;4
29;0;0;0;0;0;0;0;0;1;1;0;4;2;4;3;2;2;7
30;0;0;0;0;0;0;0;0;0;1;1;2;3;2;4;3;2;1
31;0;0;0;0;0;0;0;3;1;0;1;2;3;3;2;4;3;2
32;0;0;0;0;0;0;0;0;3;1;0;1;3;2;3;2;5;3
33;0;0;0;0;0;0;0;0;0;3;1;0;2;3;2;3;2;5
34;0;0;0;0;0;0;2;0;1;0;3;5;1;2;3;2;3;2
35;0;0;0;0;0;0;0;1;0;1;0;5;4;1;2;2;2;3
36;0;0;0;0;0;0;0;0;0;0;1;1;5;4;0;2;2;2
37;0;0;0;0;0;0;0;0;0;0;0;2;2;5;2;0;2;2
38;0;0;0;0;0;0;0;0;0;0;0;1;2;2;5;2;0;2
39;0;0;0;0;0;0;0;0;0;0;0;0;1;2;2;5;1;0
40;1;0;0;0;0;0;0;0;0;0;0;3;0;1;4;2;5;1
41;0;1;0;0;0;0;0;0;0;0;0;1;1;0;1;3;2;4
42;0;0;0;0;0;0;0;0;0;0;0;0;1;1;0;0;2;2
43;0;0;0;0;0;0;0;0;0;0;0;0;0;1;1;0;1;1
44;0;0;0;0;0;0;0;1;0;0;0;1;0;0;1;1;0;1
45;0;0;0;0;0;0;0;0;1;0;0;0;1;0;0;1;1;0
46;0;0;0;0;0;0;0;0;0;0;0;0;0;1;0;0;1;1
47;0;0;0;0;0;0;0;0;0;0;0;0;0;0;1;0;0;1
48;0;0;0;0;0;0;0;0;0;0;0;0;0;0;0;1;0;0
49;0;0;0;0;0;0;0;0;0;0;0;1;0;0;0;0;1;0
50;0;0;0;0;0;0;0;0;0;0;0;0;1;0;0;1;0;0
51;0;0;0;0;0;0;0;0;0;0;0;0;0;1;0;0;0;0
52;0;0;0;0;0;0;0;0;0;0;0;0;0;0;1;0;0;0
53;0;0;0;0;0;0;0;1;0;0;0;0;0;0;0;1;0;0
54;0;0;0;0;0;0;0;0;2;0;0;0;0;0;0;0;1;0
55;0;0;0;0;0;0;0;0;0;1;0;0;0;0;0;0;0;1
56;0;0;0;0;0;0;0;0;0;0;0;0;0;0;0;0;0;0
57;0;0;0;0;0;0;0;0;0;0;0;0;0;0;0;0;0;0
58;0;0;0;0;0;0;0;0;1;0;0;0;0;0;0;0;0;0
59;0;0;0;0;0;0;0;0;0;1;0;0;0;0;0;0;0;0
60;0;0;0;0;0;0;0;0;0;0;1;0;0;0;0;0;0;0
61;0;0;0;0;0;0;0;0;0;0;0;1;0;0;0;0;0;0
62;0;0;0;0;0;0;0;0;0;0;0;0;1;0;0;0;0;0
63;0;0;0;0;0;0;0;0;0;0;0;0;0;1;0;0;0;0
64;0;0;0;0;0;0;0;0;0;0;0;0;0;0;1;0;0;0
65;0;0;0;0;0;0;0;0;0;0;0;1;0;0;0;1;0;0
66;0;0;0;0;0;0;0;0;0;0;0;0;1;0;0;0;1;0
67;0;0;0;0;0;0;0;0;0;0;0;0;0;1;0;0;0;1
68;0;0;0;0;0;0;0;0;0;0;0;0;0;0;1;0;0;0
69;0;0;0;0;0;0;0;0;0;0;0;0;0;0;0;0;0;0
70;0;0;0;0;0;0;0;0;0;0;0;0;0;0;0;0;0;0
71;0;0;0;0;0;0;0;0;0;0;0;0;0;0;0;0;0;0
72;0;0;0;0;0;0;0;0;0;0;0;0;0;0;0;0;0;0
73;0;0;0;0;0;0;0;0;0;0;0;0;0;0;0;0;0;0
74;0;0;0;0;0;0;0;0;0;0;0;0;0;0;0;0;0;0
75;0;0;0;0;0;0;0;0;0;0;0;0;0;0;0;0;0;0
76;0;0;0;0;0;0;0;0;0;0;0;0;0;0;0;0;0;0
77;0;0;0;0;0;0;0;0;0;0;0;0;0;0;0;0;0;0
78;0;0;0;0;0;0;0;0;0;0;0;0;0;0;0;0;0;0
79;0;0;0;0;0;0;0;0;0;0;0;0;0;0;0;0;0;0
80;0;0;0;0;0;0;0;0;0;0;0;0;0;0;0;0;0;0
81;0;0;0;0;0;0;0;0;0;0;0;0;0;0;0;0;0;0
82;0;0;0;0;0;0;0;0;0;0;0;0;0;0;0;0;0;0
83;0;0;0;0;0;0;0;0;0;0;0;0;0;0;0;0;0;0
84;0;0;0;0;0;0;0;0;0;0;0;0;0;0;0;0;0;0
85;0;0;0;0;0;0;0;0;0;0;0;0;0;0;0;0;0;0
86;0;0;0;0;0;0;0;0;0;0;0;0;0;0;0;0;0;0
87;0;0;0;0;0;0;0;0;0;0;0;0;0;0;0;0;0;0
88;0;0;0;0;0;0;0;0;0;0;0;0;0;0;0;0;0;0
89;0;0;0;0;0;0;0;0;0;0;0;0;0;0;0;0;0;0
90;0;0;0;0;0;0;0;0;0;0;0;0;0;0;0;0;0;0
91;0;0;0;0;0;0;0;0;0;0;0;0;0;0;0;0;0;0
92;0;0;0;0;0;0;0;0;0;0;0;0;0;0;0;0;0;0
93;0;0;0;0;0;0;0;0;0;0;0;0;0;0;0;0;0;0
94;0;0;0;0;0;0;0;0;0;0;0;0;0;0;0;0;0;0
95;0;0;0;0;0;0;0;0;0;0;0;0;0;0;0;0;0;0
96;0;0;0;0;0;0;0;0;0;0;0;0;0;0;0;0;0;0
97;0;0;0;0;0;0;0;0;0;0;0;0;0;0;0;0;0;0
98;0;0;0;0;0;0;0;0;0;0;0;0;0;0;0;0;0;0
99;0;0;0;0;0;0;0;0;0;0;0;0;0;0;0;0;0;0
100 e oltre;0;0;0;0;0;0;0;0;0;0;0;0;0;0;0;0;0;0
Totale;1;1;0;0;0;0;4;10;13;11;10;64;65;62;62;60;63;60
Età/Anno;2002;2003;2004;2005;2006;2007;2008;2009;2010;2011;2012;2013;2014;2015;2016;2017;2018;2019
Età;Maschi
0;0;0;0;0;0;0;0;0;0;0;0;0;0;0;0;0;0;0
1;0;0;0;0;0;0;0;0;0;0;0;0;0;0;0;0;0;0
2;0;0;0;0;0;0;0;0;0;0;0;0;0;0;0;0;0;0
3;0;0;0;0;0;0;0;0;0;0;0;0;0;0;0;0;0;0
4;0;0;0;0;0;0;0;0;0;0;0;0;0;0;0;0;0;0
5;0;0;0;0;0;0;0;0;0;0;0;0;0;0;0;0;0;0
6;0;0;0;0;0;0;0;0;0;0;0;1;0;0;0;0;0;0
7;0;0;0;0;0;0;0;0;0;0;0;0;0;0;0;0;0;0
8;0;0;0;0;0;0;0;0;0;0;0;0;0;0;0;0;0;0
9;0;0;0;0;0;0;0;0;0;0;0;0;0;0;0;0;0;0
10;0;0;0;0;0;0;0;0;0;0;0;1;0;0;0;0;0;0
11;0;0;0;0;0;0;0;0;0;0;0;0;0;0;0;0;0;0
12;0;0;0;0;0;0;0;0;0;0;0;0;0;0;0;0;0;0
13;0;0;0;0;0;0;0;0;0;0;0;1;0;0;0;0;0;0
14;0;0;0;0;0;0;0;0;0;0;0;0;0;0;0;0;0;0
15;0;0;0;0;0;0;0;0;0;0;0;0;0;0;0;0;0;0
16;0;0;0;0;0;0;0;0;0;0;0;0;0;0;0;0;0;0
17;0;0;0;0;0;0;0;0;0;0;0;0;0;0;0;0;0;0
18;0;0;0;0;0;0;0;0;0;0;0;4;0;0;0;0;0;0
19;0;0;0;0;0;0;0;0;0;0;0;0;4;0;0;0;0;0
20;0;0;0;0;0;0;0;0;0;0;0;1;0;2;0;0;0;0
21;0;0;0;0;0;0;0;0;0;0;0;1;1;0;2;0;1;1
22;0;0;0;0;0;0;0;0;0;0;0;3;1;1;0;2;0;2
23;0;0;0;0;0;0;0;0;0;0;0;6;4;2;1;0;3;0
24;0;0;0;0;0;0;0;0;0;0;0;1;6;3;2;1;0;3
25;0;0;0;0;0;0;0;0;0;0;0;2;2;6;4;2;1;0
26;0;0;0;0;0;0;0;0;0;0;0;3;2;2;6;4;2;1
27;0;0;0;0;0;0;0;0;0;0;0;3;3;2;2;6;5;2
28;0;0;0;0;0;0;0;0;0;0;0;2;3;3;2;2;6;4
29;0;0;0;0;0;0;0;0;1;0;0;3;2;3;3;2;2;6
30;0;0;0;0;0;0;0;0;0;1;0;2;3;2;3;3;2;1
31;0;0;0;0;0;0;0;1;1;0;1;2;3;3;2;3;3;2
32;0;0;0;0;0;0;0;0;1;1;0;0;3;2;3;2;4;3
33;0;0;0;0;0;0;0;0;0;1;1;0;1;3;2;3;2;4
34;0;0;0;0;0;0;0;0;1;0;1;3;1;1;3;2;3;2
35;0;0;0;0;0;0;0;0;0;1;0;3;2;1;1;2;2;3
36;0;0;0;0;0;0;0;0;0;0;1;1;3;2;0;1;2;2
37;0;0;0;0;0;0;0;0;0;0;0;1;1;3;2;0;1;2
38;0;0;0;0;0;0;0;0;0;0;0;1;1;1;3;2;0;1
39;0;0;0;0;0;0;0;0;0;0;0;0;0;1;1;3;1;0
40;0;0;0;0;0;0;0;0;0;0;0;3;0;0;3;1;3;1
41;0;0;0;0;0;0;0;0;0;0;0;0;1;0;0;2;1;2
42;0;0;0;0;0;0;0;0;0;0;0;0;0;1;0;0;2;1
43;0;0;0;0;0;0;0;0;0;0;0;0;0;0;1;0;1;1
44;0;0;0;0;0;0;0;0;0;0;0;1;0;0;0;1;0;1
45;0;0;0;0;0;0;0;0;0;0;0;0;1;0;0;0;1;0
46;0;0;0;0;0;0;0;0;0;0;0;0;0;1;0;0;0;1
47;0;0;0;0;0;0;0;0;0;0;0;0;0;0;1;0;0;0
48;0;0;0;0;0;0;0;0;0;0;0;0;0;0;0;1;0;0
49;0;0;0;0;0;0;0;0;0;0;0;1;0;0;0;0;1;0
50;0;0;0;0;0;0;0;0;0;0;0;0;1;0;0;0;0;0
51;0;0;0;0;0;0;0;0;0;0;0;0;0;1;0;0;0;0
52;0;0;0;0;0;0;0;0;0;0;0;0;0;0;1;0;0;0
53;0;0;0;0;0;0;0;0;0;0;0;0;0;0;0;1;0;0
54;0;0;0;0;0;0;0;0;0;0;0;0;0;0;0;0;1;0
55;0;0;0;0;0;0;0;0;0;0;0;0;0;0;0;0;0;1
56;0;0;0;0;0;0;0;0;0;0;0;0;0;0;0;0;0;0
57;0;0;0;0;0;0;0;0;0;0;0;0;0;0;0;0;0;0
58;0;0;0;0;0;0;0;0;1;0;0;0;0;0;0;0;0;0
59;0;0;0;0;0;0;0;0;0;1;0;0;0;0;0;0;0;0
60;0;0;0;0;0;0;0;0;0;0;1;0;0;0;0;0;0;0
61;0;0;0;0;0;0;0;0;0;0;0;1;0;0;0;0;0;0
62;0;0;0;0;0;0;0;0;0;0;0;0;1;0;0;0;0;0
63;0;0;0;0;0;0;0;0;0;0;0;0;0;1;0;0;0;0
64;0;0;0;0;0;0;0;0;0;0;0;0;0;0;1;0;0;0
65;0;0;0;0;0;0;0;0;0;0;0;0;0;0;0;1;0;0
66;0;0;0;0;0;0;0;0;0;0;0;0;0;0;0;0;1;0
67;0;0;0;0;0;0;0;0;0;0;0;0;0;0;0;0;0;1
68;0;0;0;0;0;0;0;0;0;0;0;0;0;0;0;0;0;0
69;0;0;0;0;0;0;0;0;0;0;0;0;0;0;0;0;0;0
70;0;0;0;0;0;0;0;0;0;0;0;0;0;0;0;0;0;0
71;0;0;0;0;0;0;0;0;0;0;0;0;0;0;0;0;0;0
72;0;0;0;0;0;0;0;0;0;0;0;0;0;0;0;0;0;0
73;0;0;0;0;0;0;0;0;0;0;0;0;0;0;0;0;0;0
74;0;0;0;0;0;0;0;0;0;0;0;0;0;0;0;0;0;0
75;0;0;0;0;0;0;0;0;0;0;0;0;0;0;0;0;0;0
76;0;0;0;0;0;0;0;0;0;0;0;0;0;0;0;0;0;0
77;0;0;0;0;0;0;0;0;0;0;0;0;0;0;0;0;0;0
78;0;0;0;0;0;0;0;0;0;0;0;0;0;0;0;0;0;0
79;0;0;0;0;0;0;0;0;0;0;0;0;0;0;0;0;0;0
80;0;0;0;0;0;0;0;0;0;0;0;0;0;0;0;0;0;0
81;0;0;0;0;0;0;0;0;0;0;0;0;0;0;0;0;0;0
82;0;0;0;0;0;0;0;0;0;0;0;0;0;0;0;0;0;0
83;0;0;0;0;0;0;0;0;0;0;0;0;0;0;0;0;0;0
84;0;0;0;0;0;0;0;0;0;0;0;0;0;0;0;0;0;0
85;0;0;0;0;0;0;0;0;0;0;0;0;0;0;0;0;0;0
86;0;0;0;0;0;0;0;0;0;0;0;0;0;0;0;0;0;0
87;0;0;0;0;0;0;0;0;0;0;0;0;0;0;0;0;0;0
88;0;0;0;0;0;0;0;0;0;0;0;0;0;0;0;0;0;0
89;0;0;0;0;0;0;0;0;0;0;0;0;0;0;0;0;0;0
90;0;0;0;0;0;0;0;0;0;0;0;0;0;0;0;0;0;0
91;0;0;0;0;0;0;0;0;0;0;0;0;0;0;0;0;0;0
92;0;0;0;0;0;0;0;0;0;0;0;0;0;0;0;0;0;0
93;0;0;0;0;0;0;0;0;0;0;0;0;0;0;0;0;0;0
94;0;0;0;0;0;0;0;0;0;0;0;0;0;0;0;0;0;0
95;0;0;0;0;0;0;0;0;0;0;0;0;0;0;0;0;0;0
96;0;0;0;0;0;0;0;0;0;0;0;0;0;0;0;0;0;0
97;0;0;0;0;0;0;0;0;0;0;0;0;0;0;0;0;0;0
98;0;0;0;0;0;0;0;0;0;0;0;0;0;0;0;0;0;0
99;0;0;0;0;0;0;0;0;0;0;0;0;0;0;0;0;0;0
100 e oltre;0;0;0;0;0;0;0;0;0;0;0;0;0;0;0;0;0;0
Totale;0;0;0;0;0;0;0;1;5;5;5;51;50;47;49;47;51;48
Età/Anno;2002;2003;2004;2005;2006;2007;2008;2009;2010;2011;2012;2013;2014;2015;2016;2017;2018;2019
Età;Femmine
0;0;0;0;0;0;0;0;0;0;0;0;0;0;0;0;0;0;0
1;0;0;0;0;0;0;0;1;0;0;0;0;0;0;0;0;0;0
2;0;0;0;0;0;0;0;0;1;0;0;0;0;0;0;0;0;0
3;0;0;0;0;0;0;0;1;0;1;0;1;0;0;0;0;0;0
4;0;0;0;0;0;0;0;0;1;0;1;0;1;0;0;0;0;0
5;0;0;0;0;0;0;0;0;0;1;0;1;0;1;0;0;0;0
6;0;0;0;0;0;0;0;0;0;0;1;0;1;0;0;0;0;0
7;0;0;0;0;0;0;0;0;0;0;0;1;0;1;0;0;0;0
8;0;0;0;0;0;0;0;0;0;0;0;0;1;0;1;0;0;0
9;0;0;0;0;0;0;0;0;0;0;0;1;0;1;0;1;0;0
10;0;0;0;0;0;0;0;0;0;0;0;0;0;0;1;0;1;0
11;0;0;0;0;0;0;0;0;0;0;0;0;0;0;0;1;0;1
12;0;0;0;0;0;0;0;0;0;0;0;0;0;0;0;0;1;0
13;0;0;0;0;0;0;0;0;0;0;0;0;0;0;0;0;0;1
14;0;0;0;0;0;0;1;0;0;0;0;0;0;0;0;0;0;0
15;0;0;0;0;0;0;0;1;0;0;0;0;0;0;0;0;0;0
16;0;0;0;0;0;0;0;0;0;0;0;0;0;0;0;0;0;0
17;0;0;0;0;0;0;0;0;0;0;0;0;0;0;0;0;0;0
18;0;0;0;0;0;0;0;0;0;0;0;0;0;0;0;1;0;0
19;0;0;0;0;0;0;0;0;0;0;0;0;0;0;1;0;1;0
20;0;0;0;0;0;0;1;0;0;0;0;0;0;0;0;1;0;1
21;0;0;0;0;0;0;0;0;0;0;0;0;0;0;0;0;1;0
22;0;0;0;0;0;0;0;0;0;0;0;0;1;0;0;0;0;1
23;0;0;0;0;0;0;0;0;0;0;0;0;0;1;0;0;0;0
24;0;0;0;0;0;0;0;0;0;0;0;0;0;0;1;0;0;0
25;0;0;0;0;0;0;0;0;0;0;0;0;0;0;0;1;0;0
26;0;0;0;0;0;0;0;0;0;0;0;0;0;0;0;0;2;0
27;0;0;0;0;0;0;0;1;0;0;0;0;0;0;0;0;0;1
28;0;0;0;0;0;0;0;0;1;0;0;0;1;0;0;0;0;0
29;0;0;0;0;0;0;0;0;0;1;0;1;0;1;0;0;0;1
30;0;0;0;0;0;0;0;0;0;0;1;0;0;0;1;0;0;0
31;0;0;0;0;0;0;0;2;0;0;0;0;0;0;0;1;0;0
32;0;0;0;0;0;0;0;0;2;0;0;1;0;0;0;0;1;0
33;0;0;0;0;0;0;0;0;0;2;0;0;1;0;0;0;0;1
34;0;0;0;0;0;0;2;0;0;0;2;2;0;1;0;0;0;0
35;0;0;0;0;0;0;0;1;0;0;0;2;2;0;1;0;0;0
36;0;0;0;0;0;0;0;0;0;0;0;0;2;2;0;1;0;0
37;0;0;0;0;0;0;0;0;0;0;0;1;1;2;0;0;1;0
38;0;0;0;0;0;0;0;0;0;0;0;0;1;1;2;0;0;1
39;0;0;0;0;0;0;0;0;0;0;0;0;1;1;1;2;0;0
40;1;0;0;0;0;0;0;0;0;0;0;0;0;1;1;1;2;0
41;0;1;0;0;0;0;0;0;0;0;0;1;0;0;1;1;1;2
42;0;0;0;0;0;0;0;0;0;0;0;0;1;0;0;0;0;1
43;0;0;0;0;0;0;0;0;0;0;0;0;0;1;0;0;0;0
44;0;0;0;0;0;0;0;1;0;0;0;0;0;0;1;0;0;0
45;0;0;0;0;0;0;0;0;1;0;0;0;0;0;0;1;0;0
46;0;0;0;0;0;0;0;0;0;0;0;0;0;0;0;0;1;0
47;0;0;0;0;0;0;0;0;0;0;0;0;0;0;0;0;0;1
48;0;0;0;0;0;0;0;0;0;0;0;0;0;0;0;0;0;0
49;0;0;0;0;0;0;0;0;0;0;0;0;0;0;0;0;0;0
50;0;0;0;0;0;0;0;0;0;0;0;0;0;0;0;1;0;0
51;0;0;0;0;0;0;0;0;0;0;0;0;0;0;0;0;0;0
52;0;0;0;0;0;0;0;0;0;0;0;0;0;0;0;0;0;0
53;0;0;0;0;0;0;0;1;0;0;0;0;0;0;0;0;0;0
54;0;0;0;0;0;0;0;0;2;0;0;0;0;0;0;0;0;0
55;0;0;0;0;0;0;0;0;0;1;0;0;0;0;0;0;0;0
56;0;0;0;0;0;0;0;0;0;0;0;0;0;0;0;0;0;0
57;0;0;0;0;0;0;0;0;0;0;0;0;0;0;0;0;0;0
58;0;0;0;0;0;0;0;0;0;0;0;0;0;0;0;0;0;0
59;0;0;0;0;0;0;0;0;0;0;0;0;0;0;0;0;0;0
60;0;0;0;0;0;0;0;0;0;0;0;0;0;0;0;0;0;0
61;0;0;0;0;0;0;0;0;0;0;0;0;0;0;0;0;0;0
62;0;0;0;0;0;0;0;0;0;0;0;0;0;0;0;0;0;0
63;0;0;0;0;0;0;0;0;0;0;0;0;0;0;0;0;0;0
64;0;0;0;0;0;0;0;0;0;0;0;0;0;0;0;0;0;0
65;0;0;0;0;0;0;0;0;0;0;0;1;0;0;0;0;0;0
66;0;0;0;0;0;0;0;0;0;0;0;0;1;0;0;0;0;0
67;0;0;0;0;0;0;0;0;0;0;0;0;0;1;0;0;0;0
68;0;0;0;0;0;0;0;0;0;0;0;0;0;0;1;0;0;0
69;0;0;0;0;0;0;0;0;0;0;0;0;0;0;0;0;0;0
70;0;0;0;0;0;0;0;0;0;0;0;0;0;0;0;0;0;0
71;0;0;0;0;0;0;0;0;0;0;0;0;0;0;0;0;0;0
72;0;0;0;0;0;0;0;0;0;0;0;0;0;0;0;0;0;0
73;0;0;0;0;0;0;0;0;0;0;0;0;0;0;0;0;0;0
74;0;0;0;0;0;0;0;0;0;0;0;0;0;0;0;0;0;0
75;0;0;0;0;0;0;0;0;0;0;0;0;0;0;0;0;0;0
76;0;0;0;0;0;0;0;0;0;0;0;0;0;0;0;0;0;0
77;0;0;0;0;0;0;0;0;0;0;0;0;0;0;0;0;0;0
78;0;0;0;0;0;0;0;0;0;0;0;0;0;0;0;0;0;0
79;0;0;0;0;0;0;0;0;0;0;0;0;0;0;0;0;0;0
80;0;0;0;0;0;0;0;0;0;0;0;0;0;0;0;0;0;0
81;0;0;0;0;0;0;0;0;0;0;0;0;0;0;0;0;0;0
82;0;0;0;0;0;0;0;0;0;0;0;0;0;0;0;0;0;0
83;0;0;0;0;0;0;0;0;0;0;0;0;0;0;0;0;0;0
84;0;0;0;0;0;0;0;0;0;0;0;0;0;0;0;0;0;0
85;0;0;0;0;0;0;0;0;0;0;0;0;0;0;0;0;0;0
86;0;0;0;0;0;0;0;0;0;0;0;0;0;0;0;0;0;0
87;0;0;0;0;0;0;0;0;0;0;0;0;0;0;0;0;0;0
88;0;0;0;0;0;0;0;0;0;0;0;0;0;0;0;0;0;0
89;0;0;0;0;0;0;0;0;0;0;0;0;0;0;0;0;0;0
90;0;0;0;0;0;0;0;0;0;0;0;0;0;0;0;0;0;0
91;0;0;0;0;0;0;0;0;0;0;0;0;0;0;0;0;0;0
92;0;0;0;0;0;0;0;0;0;0;0;0;0;0;0;0;0;0
93;0;0;0;0;0;0;0;0;0;0;0;0;0;0;0;0;0;0
94;0;0;0;0;0;0;0;0;0;0;0;0;0;0;0;0;0;0
95;0;0;0;0;0;0;0;0;0;0;0;0;0;0;0;0;0;0
96;0;0;0;0;0;0;0;0;0;0;0;0;0;0;0;0;0;0
97;0;0;0;0;0;0;0;0;0;0;0;0;0;0;0;0;0;0
98;0;0;0;0;0;0;0;0;0;0;0;0;0;0;0;0;0;0
99;0;0;0;0;0;0;0;0;0;0;0;0;0;0;0;0;0;0
100 e oltre;0;0;0;0;0;0;0;0;0;0;0;0;0;0;0;0;0;0
Totale;1;1;0;0;0;0;4;9;8;6;5;13;15;15;13;13;12;12
