"Popolazione per età, vista per singola area - Comune: 101024 - Scandale"

"Ricostruzione della popolazione intercensuaria - Popolazione al 1° gennaio per età"
"Tutte le cittadinanze - Comune: Scandale"
Età/Anno;2002;2003;2004;2005;2006;2007;2008;2009;2010;2011;2012;2013;2014;2015;2016;2017;2018;2019
Età;Totale
0;32;38;30;40;38;32;25;36;33;24;30;25;25;30;28;31;25;23
1;33;36;37;29;41;39;32;28;36;29;23;31;26;25;33;27;28;27
2;28;33;35;35;29;40;40;33;28;34;30;23;30;26;23;32;27;28
3;25;29;32;34;36;33;40;42;34;29;33;31;24;29;27;23;30;31
4;42;27;29;33;32;38;36;43;46;34;32;31;30;26;28;24;24;30
5;45;43;28;28;32;35;40;34;46;45;35;31;32;29;25;28;21;27
6;28;46;44;30;31;34;38;42;34;46;48;35;32;30;28;23;31;19
7;42;30;46;41;30;32;35;38;43;32;45;50;34;29;32;28;23;30
8;34;45;29;48;42;33;32;35;40;43;31;44;50;35;28;29;29;26
9;39;34;45;29;49;43;33;35;37;41;43;32;42;50;35;26;29;29
10;45;39;35;44;27;49;43;31;32;37;42;42;33;43;47;33;27;31
11;40;46;41;35;44;25;48;44;32;29;38;42;38;32;45;47;33;28
12;60;40;46;42;35;44;24;48;44;34;29;36;42;38;33;42;47;33
13;51;58;38;48;41;40;41;26;47;44;35;29;33;40;37;33;41;50
14;47;51;58;37;49;42;41;39;26;50;42;37;28;34;41;36;34;40
15;46;45;50;56;35;49;41;41;39;27;52;42;36;27;32;40;38;36
16;61;46;48;51;55;38;50;43;42;38;27;53;42;34;27;32;41;38
17;61;59;47;49;51;58;38;50;44;45;37;28;50;42;33;27;33;39
18;60;61;58;48;48;52;62;39;48;47;45;41;29;50;42;35;27;32
19;65;62;59;55;47;47;54;63;42;51;48;45;46;26;49;42;34;27
20;56;62;57;57;55;45;46;53;61;42;52;46;44;48;25;47;40;33
21;55;53;54;57;60;54;49;46;51;58;42;52;47;43;40;25;46;38
22;40;52;53;49;54;57;54;45;49;51;56;40;51;47;43;41;24;46
23;41;42;51;45;50;56;60;52;47;51;52;56;36;51;43;40;37;21
24;48;43;40;48;43;50;61;56;47;40;54;51;54;32;51;39;38;35
25;39;48;43;40;43;42;51;60;57;45;40;53;45;53;34;48;38;39
26;44;35;40;40;42;45;49;51;57;57;41;34;53;48;51;31;46;39
27;51;44;35;41;40;43;45;48;54;55;56;39;33;52;44;47;32;42
28;49;53;41;33;38;40;46;46;48;53;55;50;41;33;48;45;45;31
29;52;49;51;38;37;36;40;48;46;44;51;53;46;40;32;42;41;45
30;51;53;45;49;36;42;41;43;47;44;48;43;46;39;34;32;33;41
31;40;48;50;43;47;35;43;40;43;39;44;48;41;48;40;34;32;33
32;47;36;48;48;44;54;33;42;38;41;38;44;46;41;46;30;34;30
33;42;43;38;47;44;41;53;30;43;34;40;39;42;44;40;45;31;34
34;38;41;43;39;50;44;43;53;34;39;32;34;36;45;42;38;42;33
35;40;37;43;45;43;50;43;43;52;31;40;31;34;35;43;39;39;41
36;56;41;39;40;42;42;50;47;44;55;32;40;33;34;35;42;42;39
37;53;56;44;40;38;44;39;52;46;44;52;31;41;33;35;38;40;43
38;35;52;53;46;42;40;44;38;52;47;45;53;31;42;31;34;37;40
39;45;32;51;55;48;43;42;44;42;53;47;44;52;32;41;29;35;35
40;46;46;30;53;57;52;44;42;46;44;54;45;45;52;30;40;28;35
41;34;49;48;34;53;59;51;46;41;46;45;57;43;41;49;28;39;28
42;38;33;50;48;33;53;59;50;45;42;47;45;55;43;42;50;28;42
43;46;39;33;51;45;32;54;59;48;44;42;49;45;57;42;39;46;28
44;35;50;40;32;50;48;30;53;60;49;43;41;47;46;56;39;41;45
45;42;35;46;40;32;50;48;31;53;62;51;43;38;45;46;53;40;43
46;34;41;35;44;40;35;55;45;33;52;61;53;43;39;41;46;53;38
47;41;35;42;35;43;40;36;54;44;33;53;61;52;44;39;42;44;51
48;36;41;35;42;34;44;37;38;53;46;32;54;60;50;41;40;41;43
49;32;35;40;35;41;34;45;38;39;53;45;33;50;59;51;42;40;41
50;37;31;32;40;35;43;33;48;37;40;53;45;32;52;57;51;42;42
51;35;37;36;34;41;35;42;33;50;37;40;53;48;32;50;59;51;43
52;22;36;36;37;33;42;37;41;35;51;38;41;51;48;31;50;61;52
53;28;22;37;37;36;35;42;35;42;35;51;38;40;51;47;31;52;60
54;39;27;22;38;37;36;36;42;35;42;35;52;38;38;47;48;31;51
55;33;38;27;22;39;37;36;36;42;35;42;35;52;38;37;45;47;31
56;28;34;39;29;22;41;36;35;36;43;35;43;35;52;35;37;46;47
57;26;28;33;40;29;24;43;35;36;36;43;35;44;33;53;34;38;47
58;18;29;29;32;40;29;24;42;34;37;38;41;35;45;32;50;34;39
59;35;16;29;31;31;40;29;24;41;34;37;40;40;35;45;31;50;34
60;28;35;18;31;29;31;42;29;22;40;35;36;41;39;34;46;33;48
61;44;29;39;17;31;29;33;43;30;22;40;34;36;42;39;35;49;32
62;39;45;29;39;17;31;28;31;45;29;22;38;32;35;40;39;35;49
63;31;39;46;31;36;17;31;28;31;47;30;24;36;32;34;38;40;36
64;36;32;40;47;31;37;17;31;28;31;47;31;24;38;34;33;38;40
65;29;37;31;41;44;31;38;16;31;27;30;47;31;24;39;34;32;38
66;41;29;36;31;41;44;32;34;17;32;26;29;47;32;24;39;33;32
67;32;40;28;36;31;41;43;31;33;18;33;26;27;46;31;22;39;34
68;21;31;38;29;36;30;41;41;30;31;19;33;25;27;45;31;22;39
69;36;19;30;38;28;37;29;41;40;29;34;19;32;25;27;44;31;21
70;29;36;20;27;39;28;39;26;41;39;29;34;16;32;24;26;43;31
71;32;28;36;20;26;40;28;37;27;42;38;27;32;16;29;24;26;43
72;38;31;28;36;20;26;40;28;36;27;40;38;27;32;16;31;24;26
73;17;35;31;27;35;20;26;40;26;37;26;40;36;27;32;16;31;23
74;27;17;34;31;27;35;21;25;37;25;36;27;38;36;26;29;16;31
75;29;25;17;32;31;27;32;21;25;37;22;37;26;35;35;25;30;15
76;19;29;23;17;31;30;23;31;20;25;36;21;34;26;32;34;24;30
77;21;20;24;22;17;32;30;21;26;17;22;34;19;32;25;34;33;24
78;13;20;19;25;20;18;30;25;20;25;17;20;33;17;30;24;33;32
79;12;12;21;15;24;18;18;28;25;18;23;17;20;32;15;30;22;33
80;15;10;12;21;15;24;18;18;29;19;18;22;17;19;32;15;28;20
81;18;15;9;12;20;16;22;17;18;26;18;17;21;15;19;30;12;28
82;12;16;14;9;12;17;15;22;16;18;26;17;15;21;13;17;27;12
83;5;11;12;14;8;11;17;14;21;15;16;24;16;15;19;13;14;24
84;8;5;10;11;13;8;10;17;15;21;13;14;24;15;15;14;12;14
85;4;6;6;9;13;11;6;8;16;14;18;11;13;21;11;14;13;11
86;9;4;7;5;8;7;8;6;7;15;13;15;11;14;18;9;12;12
87;5;8;3;6;5;5;8;5;5;7;10;11;13;8;11;18;7;10
88;5;4;8;3;4;2;4;9;5;5;6;10;10;12;6;11;17;6
89;3;4;4;7;2;4;2;3;5;5;5;4;9;8;10;5;10;14
90;4;3;4;3;5;2;4;2;3;5;5;4;3;6;8;9;6;8
91;2;4;3;3;1;3;1;3;0;3;4;4;4;3;5;8;5;5
92;1;1;4;2;2;1;1;1;3;0;2;2;3;4;1;4;6;5
93;1;1;1;3;2;2;1;1;1;2;0;2;2;3;2;1;3;6
94;1;1;1;0;3;1;2;1;1;1;2;0;2;2;2;1;1;2
95;0;1;1;1;0;2;1;1;0;1;1;2;0;2;1;2;0;1
96;2;0;1;1;1;0;0;0;1;1;1;0;1;0;2;1;1;0
97;0;1;0;1;1;1;0;0;0;1;1;1;0;0;0;1;1;0
98;0;0;1;0;1;1;1;0;0;0;1;0;1;0;0;0;0;1
99;0;0;0;1;0;0;1;1;0;0;0;0;0;1;0;0;0;0
100 e oltre;0;0;0;0;1;0;0;1;2;1;1;0;0;0;0;0;0;0
Totale;3160;3174;3162;3170;3170;3235;3285;3291;3319;3301;3313;3285;3224;3209;3128;3066;3035;3038
Età/Anno;2002;2003;2004;2005;2006;2007;2008;2009;2010;2011;2012;2013;2014;2015;2016;2017;2018;2019
Età;Maschi
0;13;16;18;23;19;15;8;21;17;9;15;12;15;10;14;17;13;13
1;16;16;15;18;23;19;15;9;19;17;10;16;13;14;11;13;16;14
2;15;17;16;13;18;22;19;15;9;18;17;10;16;12;13;11;13;16
3;14;16;16;15;13;23;22;20;15;10;17;17;10;14;13;13;10;15
4;22;16;15;16;15;14;26;24;24;16;11;17;16;10;13;11;14;10
5;24;22;17;14;16;16;15;24;26;23;17;10;18;17;9;14;10;17
6;10;25;24;17;14;18;18;17;24;25;24;17;11;18;16;9;16;9
7;23;12;25;23;17;14;19;19;17;22;25;24;16;11;19;16;9;16
8;18;24;11;26;22;20;14;19;19;16;22;25;24;16;11;17;16;11
9;22;18;24;11;27;23;20;16;20;19;16;23;25;24;15;10;17;16
10;23;22;18;23;11;27;23;18;14;20;19;16;23;26;21;14;10;19
11;23;24;24;18;24;10;27;23;18;14;20;18;13;22;29;21;14;10
12;33;23;22;25;18;24;9;26;23;19;13;19;18;13;22;26;21;14
13;29;32;21;23;24;22;22;11;26;23;19;13;17;17;12;22;26;21
14;27;29;31;20;24;25;23;22;11;26;21;20;13;18;18;12;22;25
15;25;26;28;30;19;25;24;23;22;12;26;21;20;13;18;17;13;23
16;27;25;28;28;30;21;27;25;23;21;12;26;21;20;14;16;18;13
17;30;25;25;27;28;31;21;27;25;25;20;12;25;21;19;14;17;18
18;33;31;23;25;27;28;35;22;27;27;25;22;12;25;21;19;14;16
19;32;34;30;21;24;27;30;35;23;28;28;25;24;11;25;21;19;14
20;29;33;34;30;22;23;29;28;34;23;27;27;23;25;12;23;19;18
21;24;27;32;33;31;21;24;29;27;32;22;28;26;23;21;12;22;17
22;14;24;24;31;27;28;22;20;29;29;33;21;27;27;23;21;12;23
23;22;15;22;20;30;27;28;21;20;32;30;32;18;26;24;22;19;11
24;25;22;19;22;20;29;29;25;20;16;34;29;31;17;24;20;20;17
25;19;26;23;18;18;19;31;30;27;20;17;33;26;31;17;23;22;19
26;20;16;21;21;19;17;21;31;27;27;20;14;31;28;28;15;20;22
27;24;24;18;21;21;20;20;21;32;26;28;17;14;30;25;26;15;18
28;26;26;23;17;18;20;23;21;21;32;25;27;19;12;29;28;23;13
29;29;27;26;22;18;16;19;22;21;19;30;25;25;20;12;24;25;22
30;17;29;23;28;22;20;19;20;21;21;24;28;21;20;15;12;20;24
31;22;17;27;23;30;22;21;18;19;19;21;24;27;21;19;15;13;19
32;26;21;17;26;24;34;19;23;18;18;18;21;23;27;20;14;16;13
33;12;23;21;18;24;25;32;18;25;17;17;18;20;22;26;22;15;16
34;17;12;23;21;18;22;26;31;21;22;16;14;16;24;21;26;19;16
35;12;17;14;26;23;17;22;24;31;20;22;18;13;16;22;20;27;19
36;29;14;19;13;23;22;17;23;25;31;21;21;19;14;16;21;23;27
37;30;30;14;18;12;25;23;17;24;25;29;21;22;17;15;18;20;23
38;14;27;29;16;19;13;24;21;17;25;27;30;21;22;16;14;18;20
39;24;13;27;29;17;19;15;24;22;18;23;26;28;19;21;16;14;18
40;23;25;12;29;31;20;19;15;24;23;19;23;27;28;19;21;15;15
41;15;26;26;15;29;31;19;21;16;24;24;20;23;23;27;16;21;15
42;18;15;25;26;15;27;31;18;20;18;24;24;19;23;24;28;17;22
43;23;19;16;25;24;15;28;30;19;19;17;25;24;19;22;23;26;17
44;18;26;20;15;25;26;14;27;31;18;20;16;24;25;21;19;23;24
45;18;18;25;20;15;25;25;14;27;33;19;19;15;24;24;18;20;25
46;20;17;17;24;20;17;28;23;14;26;33;20;19;16;22;24;18;19
47;20;20;17;17;23;20;17;26;23;14;26;32;19;19;16;22;22;18
48;19;20;20;16;17;24;17;19;25;25;13;27;31;17;18;16;22;22
49;17;18;20;20;17;18;23;17;19;25;25;15;24;30;18;17;16;24
50;21;15;15;20;20;19;17;26;16;19;25;25;14;24;29;18;18;16
51;20;21;18;15;20;20;19;17;26;16;19;25;26;14;23;31;19;20
52;12;21;21;19;15;20;22;18;18;27;17;19;24;26;13;23;33;19
53;13;12;21;22;18;16;20;20;18;18;27;18;18;24;25;11;25;32
54;17;11;12;22;22;18;17;20;21;18;18;28;18;18;21;27;11;23
55;12;16;11;12;23;22;18;17;20;18;19;18;28;18;18;20;26;11
56;10;13;15;12;12;25;21;18;17;21;19;20;19;28;16;18;21;26
57;13;10;13;16;12;12;25;20;19;17;21;19;21;17;28;16;19;23
58;9;14;10;13;16;12;12;25;20;20;18;20;19;22;17;28;16;19
59;16;8;14;12;13;16;12;12;24;21;19;19;20;19;23;16;27;16
60;11;16;9;15;12;13;17;12;10;23;21;19;20;19;18;23;17;26
61;21;11;18;8;14;12;13;16;13;10;23;20;19;21;19;19;23;17
62;17;21;12;18;8;14;12;13;17;13;11;22;18;18;20;19;19;23
63;13;17;22;14;17;8;14;12;13;19;13;12;21;18;17;19;19;20
64;20;14;17;23;14;19;8;14;12;13;19;13;12;21;18;17;19;19
65;16;20;14;19;20;15;19;7;14;13;12;19;13;12;21;18;16;19
66;24;17;19;14;19;20;15;17;8;14;12;12;20;13;12;21;18;16
67;16;23;15;19;14;19;20;14;16;9;15;12;10;20;13;10;21;18
68;10;17;22;15;19;14;20;20;14;14;10;15;11;10;20;13;10;21
69;15;8;17;22;14;20;14;20;19;13;15;10;14;11;10;19;13;10
70;13;15;8;16;23;14;22;13;20;18;13;16;7;14;10;10;18;13
71;14;12;15;8;15;24;14;20;13;20;17;11;16;7;14;10;10;18
72;19;13;11;15;8;15;24;14;20;13;20;17;11;16;7;15;10;10
73;4;18;13;11;15;8;15;24;13;20;12;18;15;11;16;7;15;10
74;12;4;17;13;11;15;9;14;23;12;20;13;16;15;10;14;7;16
75;18;11;4;16;14;11;12;9;14;23;9;20;12;15;15;10;14;6
76;6;18;11;4;15;13;11;12;9;14;23;9;20;12;14;14;10;14
77;10;7;14;12;4;15;13;10;8;6;14;21;8;20;11;15;14;10
78;7;9;5;14;10;4;14;11;9;8;6;12;21;6;18;11;14;13
79;7;6;10;3;14;9;4;13;10;8;7;6;12;20;5;18;11;14
80;6;5;6;11;3;14;9;4;14;7;8;6;6;11;20;5;16;10
81;7;5;5;7;10;4;13;9;4;13;5;8;6;6;11;19;3;16
82;4;5;4;5;6;8;4;13;9;4;13;4;7;6;4;9;16;3
83;2;4;3;4;5;6;8;4;12;9;4;12;4;6;6;4;8;14
84;3;2;3;3;3;5;5;8;4;12;7;3;12;3;6;3;3;8
85;2;2;2;2;3;4;3;3;7;3;10;5;3;12;2;6;2;3
86;3;2;2;2;1;0;3;3;3;7;3;8;5;5;10;2;5;2
87;1;3;1;1;2;0;1;3;3;3;5;3;7;4;3;10;1;4
88;2;1;3;1;2;1;0;2;3;3;2;4;3;6;3;3;10;2
89;2;1;1;2;1;2;1;0;2;4;3;1;3;1;4;2;3;8
90;2;2;1;1;1;1;2;1;0;2;4;2;1;3;1;4;3;3
91;1;2;2;0;0;0;1;1;0;0;1;3;2;1;3;1;2;3
92;0;0;2;1;0;0;0;1;1;0;0;1;2;2;0;2;0;2
93;0;0;0;2;1;0;0;0;1;1;0;0;1;2;0;0;1;0
94;0;0;0;0;2;1;0;0;0;1;1;0;0;1;1;0;0;1
95;0;0;0;0;0;1;1;0;0;0;1;1;0;0;0;1;0;0
96;1;0;0;0;0;0;0;0;0;0;0;0;0;0;0;0;1;0
97;0;0;0;0;0;0;0;0;0;0;0;0;0;0;0;0;0;0
98;0;0;0;0;0;0;0;0;0;0;0;0;0;0;0;0;0;0
99;0;0;0;0;0;0;0;0;0;0;0;0;0;0;0;0;0;0
100 e oltre;0;0;0;0;0;0;0;0;0;0;0;0;0;0;0;0;0;0
Totale;1537;1552;1543;1560;1556;1595;1626;1623;1638;1634;1642;1627;1590;1575;1525;1490;1477;1483
Età/Anno;2002;2003;2004;2005;2006;2007;2008;2009;2010;2011;2012;2013;2014;2015;2016;2017;2018;2019
Età;Femmine
0;19;22;12;17;19;17;17;15;16;15;15;13;10;20;14;14;12;10
1;17;20;22;11;18;20;17;19;17;12;13;15;13;11;22;14;12;13
2;13;16;19;22;11;18;21;18;19;16;13;13;14;14;10;21;14;12
3;11;13;16;19;23;10;18;22;19;19;16;14;14;15;14;10;20;16
4;20;11;14;17;17;24;10;19;22;18;21;14;14;16;15;13;10;20
5;21;21;11;14;16;19;25;10;20;22;18;21;14;12;16;14;11;10
6;18;21;20;13;17;16;20;25;10;21;24;18;21;12;12;14;15;10
7;19;18;21;18;13;18;16;19;26;10;20;26;18;18;13;12;14;14
8;16;21;18;22;20;13;18;16;21;27;9;19;26;19;17;12;13;15
9;17;16;21;18;22;20;13;19;17;22;27;9;17;26;20;16;12;13
10;22;17;17;21;16;22;20;13;18;17;23;26;10;17;26;19;17;12
11;17;22;17;17;20;15;21;21;14;15;18;24;25;10;16;26;19;18
12;27;17;24;17;17;20;15;22;21;15;16;17;24;25;11;16;26;19
13;22;26;17;25;17;18;19;15;21;21;16;16;16;23;25;11;15;29
14;20;22;27;17;25;17;18;17;15;24;21;17;15;16;23;24;12;15
15;21;19;22;26;16;24;17;18;17;15;26;21;16;14;14;23;25;13
16;34;21;20;23;25;17;23;18;19;17;15;27;21;14;13;16;23;25
17;31;34;22;22;23;27;17;23;19;20;17;16;25;21;14;13;16;21
18;27;30;35;23;21;24;27;17;21;20;20;19;17;25;21;16;13;16
19;33;28;29;34;23;20;24;28;19;23;20;20;22;15;24;21;15;13
20;27;29;23;27;33;22;17;25;27;19;25;19;21;23;13;24;21;15
21;31;26;22;24;29;33;25;17;24;26;20;24;21;20;19;13;24;21
22;26;28;29;18;27;29;32;25;20;22;23;19;24;20;20;20;12;23
23;19;27;29;25;20;29;32;31;27;19;22;24;18;25;19;18;18;10
24;23;21;21;26;23;21;32;31;27;24;20;22;23;15;27;19;18;18
25;20;22;20;22;25;23;20;30;30;25;23;20;19;22;17;25;16;20
26;24;19;19;19;23;28;28;20;30;30;21;20;22;20;23;16;26;17
27;27;20;17;20;19;23;25;27;22;29;28;22;19;22;19;21;17;24
28;23;27;18;16;20;20;23;25;27;21;30;23;22;21;19;17;22;18
29;23;22;25;16;19;20;21;26;25;25;21;28;21;20;20;18;16;23
30;34;24;22;21;14;22;22;23;26;23;24;15;25;19;19;20;13;17
31;18;31;23;20;17;13;22;22;24;20;23;24;14;27;21;19;19;14
32;21;15;31;22;20;20;14;19;20;23;20;23;23;14;26;16;18;17
33;30;20;17;29;20;16;21;12;18;17;23;21;22;22;14;23;16;18
34;21;29;20;18;32;22;17;22;13;17;16;20;20;21;21;12;23;17
35;28;20;29;19;20;33;21;19;21;11;18;13;21;19;21;19;12;22
36;27;27;20;27;19;20;33;24;19;24;11;19;14;20;19;21;19;12
37;23;26;30;22;26;19;16;35;22;19;23;10;19;16;20;20;20;20
38;21;25;24;30;23;27;20;17;35;22;18;23;10;20;15;20;19;20
39;21;19;24;26;31;24;27;20;20;35;24;18;24;13;20;13;21;17
40;23;21;18;24;26;32;25;27;22;21;35;22;18;24;11;19;13;20
41;19;23;22;19;24;28;32;25;25;22;21;37;20;18;22;12;18;13
42;20;18;25;22;18;26;28;32;25;24;23;21;36;20;18;22;11;20
43;23;20;17;26;21;17;26;29;29;25;25;24;21;38;20;16;20;11
44;17;24;20;17;25;22;16;26;29;31;23;25;23;21;35;20;18;21
45;24;17;21;20;17;25;23;17;26;29;32;24;23;21;22;35;20;18
46;14;24;18;20;20;18;27;22;19;26;28;33;24;23;19;22;35;19
47;21;15;25;18;20;20;19;28;21;19;27;29;33;25;23;20;22;33
48;17;21;15;26;17;20;20;19;28;21;19;27;29;33;23;24;19;21
49;15;17;20;15;24;16;22;21;20;28;20;18;26;29;33;25;24;17
50;16;16;17;20;15;24;16;22;21;21;28;20;18;28;28;33;24;26
51;15;16;18;19;21;15;23;16;24;21;21;28;22;18;27;28;32;23
52;10;15;15;18;18;22;15;23;17;24;21;22;27;22;18;27;28;33
53;15;10;16;15;18;19;22;15;24;17;24;20;22;27;22;20;27;28
54;22;16;10;16;15;18;19;22;14;24;17;24;20;20;26;21;20;28
55;21;22;16;10;16;15;18;19;22;17;23;17;24;20;19;25;21;20
56;18;21;24;17;10;16;15;17;19;22;16;23;16;24;19;19;25;21
57;13;18;20;24;17;12;18;15;17;19;22;16;23;16;25;18;19;24
58;9;15;19;19;24;17;12;17;14;17;20;21;16;23;15;22;18;20
59;19;8;15;19;18;24;17;12;17;13;18;21;20;16;22;15;23;18
60;17;19;9;16;17;18;25;17;12;17;14;17;21;20;16;23;16;22
61;23;18;21;9;17;17;20;27;17;12;17;14;17;21;20;16;26;15
62;22;24;17;21;9;17;16;18;28;16;11;16;14;17;20;20;16;26
63;18;22;24;17;19;9;17;16;18;28;17;12;15;14;17;19;21;16
64;16;18;23;24;17;18;9;17;16;18;28;18;12;17;16;16;19;21
65;13;17;17;22;24;16;19;9;17;14;18;28;18;12;18;16;16;19
66;17;12;17;17;22;24;17;17;9;18;14;17;27;19;12;18;15;16
67;16;17;13;17;17;22;23;17;17;9;18;14;17;26;18;12;18;16
68;11;14;16;14;17;16;21;21;16;17;9;18;14;17;25;18;12;18
69;21;11;13;16;14;17;15;21;21;16;19;9;18;14;17;25;18;11
70;16;21;12;11;16;14;17;13;21;21;16;18;9;18;14;16;25;18
71;18;16;21;12;11;16;14;17;14;22;21;16;16;9;15;14;16;25
72;19;18;17;21;12;11;16;14;16;14;20;21;16;16;9;16;14;16
73;13;17;18;16;20;12;11;16;13;17;14;22;21;16;16;9;16;13
74;15;13;17;18;16;20;12;11;14;13;16;14;22;21;16;15;9;15
75;11;14;13;16;17;16;20;12;11;14;13;17;14;20;20;15;16;9
76;13;11;12;13;16;17;12;19;11;11;13;12;14;14;18;20;14;16
77;11;13;10;10;13;17;17;11;18;11;8;13;11;12;14;19;19;14
78;6;11;14;11;10;14;16;14;11;17;11;8;12;11;12;13;19;19
79;5;6;11;12;10;9;14;15;15;10;16;11;8;12;10;12;11;19
80;9;5;6;10;12;10;9;14;15;12;10;16;11;8;12;10;12;10
81;11;10;4;5;10;12;9;8;14;13;13;9;15;9;8;11;9;12
82;8;11;10;4;6;9;11;9;7;14;13;13;8;15;9;8;11;9
83;3;7;9;10;3;5;9;10;9;6;12;12;12;9;13;9;6;10
84;5;3;7;8;10;3;5;9;11;9;6;11;12;12;9;11;9;6
85;2;4;4;7;10;7;3;5;9;11;8;6;10;9;9;8;11;8
86;6;2;5;3;7;7;5;3;4;8;10;7;6;9;8;7;7;10
87;4;5;2;5;3;5;7;2;2;4;5;8;6;4;8;8;6;6
88;3;3;5;2;2;1;4;7;2;2;4;6;7;6;3;8;7;4
89;1;3;3;5;1;2;1;3;3;1;2;3;6;7;6;3;7;6
90;2;1;3;2;4;1;2;1;3;3;1;2;2;3;7;5;3;5
91;1;2;1;3;1;3;0;2;0;3;3;1;2;2;2;7;3;2
92;1;1;2;1;2;1;1;0;2;0;2;1;1;2;1;2;6;3
93;1;1;1;1;1;2;1;1;0;1;0;2;1;1;2;1;2;6
94;1;1;1;0;1;0;2;1;1;0;1;0;2;1;1;1;1;1
95;0;1;1;1;0;1;0;1;0;1;0;1;0;2;1;1;0;1
96;1;0;1;1;1;0;0;0;1;1;1;0;1;0;2;1;0;0
97;0;1;0;1;1;1;0;0;0;1;1;1;0;0;0;1;1;0
98;0;0;1;0;1;1;1;0;0;0;1;0;1;0;0;0;0;1
99;0;0;0;1;0;0;1;1;0;0;0;0;0;1;0;0;0;0
100 e oltre;0;0;0;0;1;0;0;1;2;1;1;0;0;0;0;0;0;0
Totale;1623;1622;1619;1610;1614;1640;1659;1668;1681;1667;1671;1658;1634;1634;1603;1576;1558;1555

"Ricostruzione della popolazione intercensuaria - Popolazione al 1° gennaio per età"
"Cittadinanza italiana - Comune: Scandale"
Età/Anno;2002;2003;2004;2005;2006;2007;2008;2009;2010;2011;2012;2013;2014;2015;2016;2017;2018;2019
Età;Totale
0;32;38;29;40;38;30;25;36;26;23;28;23;23;30;28;31;25;23
1;33;36;37;27;41;39;29;28;35;27;22;29;24;23;33;27;28;27
2;28;33;35;35;27;40;40;31;26;34;28;22;28;24;22;32;27;28
3;25;29;32;34;36;31;40;41;32;28;33;28;23;27;26;22;29;30
4;42;27;29;33;32;38;33;43;42;32;31;31;27;25;26;23;23;29
5;45;43;28;28;32;34;39;32;45;42;33;30;32;26;24;26;20;25
6;28;46;43;30;30;34;36;38;32;45;45;31;31;30;24;22;29;18
7;42;30;46;41;30;31;35;36;38;30;44;46;31;28;32;24;22;28
8;34;45;29;48;42;33;31;35;36;38;29;42;46;32;28;29;24;24
9;39;34;45;29;49;42;32;33;35;37;38;30;40;46;32;26;29;23
10;45;39;34;44;27;49;42;30;30;35;38;37;31;41;43;31;27;30
11;40;46;40;34;44;25;48;42;31;27;36;38;36;31;44;43;31;27
12;60;40;46;41;34;44;24;48;42;33;27;35;38;36;32;41;43;31
13;51;58;38;47;41;39;41;26;47;42;34;27;33;37;36;32;40;45
14;47;51;58;37;48;42;40;39;26;48;40;35;27;34;38;35;32;39
15;46;45;50;56;35;49;41;40;39;27;50;40;34;26;32;37;35;34
16;61;46;48;51;55;38;49;42;41;38;27;51;40;32;26;32;38;35
17;61;59;47;49;51;58;38;49;41;44;37;27;49;40;31;26;33;36
18;60;61;58;48;48;52;60;39;47;43;44;39;28;49;40;33;26;32
19;65;62;59;55;47;47;52;61;39;49;43;44;44;25;48;40;32;26
20;54;61;57;57;55;45;44;50;60;38;50;43;44;47;25;46;38;31
21;55;52;53;57;59;53;47;42;48;57;38;49;44;43;39;25;45;35
22;40;52;52;48;53;57;51;43;44;48;55;36;49;44;43;40;24;45
23;41;42;50;44;49;52;60;49;44;45;49;56;33;49;42;40;36;21
24;48;43;39;47;41;50;55;56;43;39;47;48;54;30;50;38;38;34
25;39;48;42;38;43;41;51;49;56;42;39;46;44;53;32;47;37;38
26;42;35;40;39;40;45;44;51;47;56;38;33;48;46;51;29;45;38
27;50;42;35;41;39;41;43;42;52;47;55;36;32;48;43;47;30;41
28;49;51;38;33;37;40;41;41;42;51;47;50;38;32;46;44;44;30
29;52;49;49;37;36;35;39;40;40;38;49;45;46;37;31;40;40;44
30;51;53;44;47;33;38;36;42;40;40;40;42;39;39;33;31;31;38
31;38;48;49;42;44;31;37;34;41;35;40;39;41;41;39;33;31;31
32;46;34;48;47;43;49;30;35;32;39;34;38;37;41;40;29;33;29
33;42;43;36;47;44;41;49;28;33;29;39;35;37;35;40;40;30;33
34;38;41;43;37;50;43;42;48;31;33;27;33;34;40;35;38;37;31
35;39;37;43;45;41;50;42;42;47;29;34;25;32;33;39;33;39;37
36;55;40;38;40;42;40;48;46;41;51;30;33;29;31;34;39;36;39
37;52;55;42;39;38;43;37;50;45;41;48;29;34;29;32;37;37;38
38;35;51;52;44;41;40;42;36;48;46;42;49;30;36;28;32;37;37
39;45;32;50;55;46;42;40;41;39;49;45;41;48;32;37;27;33;35
40;46;46;30;52;57;50;43;40;41;41;49;45;42;49;30;36;25;33
41;34;49;47;32;52;59;50;45;37;41;42;52;43;37;47;27;35;25
42;37;33;48;47;32;52;58;49;44;38;42;42;51;43;38;48;27;37
43;45;37;32;49;44;31;53;58;47;43;39;43;42;52;42;35;44;27
44;34;48;39;32;49;47;29;52;59;48;42;39;42;43;52;39;38;43
45;42;34;44;39;32;49;47;30;52;61;50;42;37;40;43;51;40;40
46;34;41;35;43;39;35;50;45;31;51;60;50;42;37;37;43;52;38
47;41;35;42;35;42;39;36;49;44;31;52;61;49;43;37;38;43;50
48;36;41;35;42;34;43;36;38;48;46;30;53;60;48;40;38;38;42
49;32;35;40;35;41;34;44;37;38;48;45;31;49;59;49;41;38;38
50;36;31;32;40;35;43;33;46;36;39;48;45;31;50;57;49;41;40
51;35;36;35;34;41;35;42;33;48;36;39;48;48;31;49;59;49;42
52;22;36;33;36;33;42;36;41;34;48;37;39;48;48;30;49;61;50
53;28;22;37;35;35;35;42;34;41;34;48;37;39;48;47;30;51;60
54;39;27;22;38;35;35;36;42;34;41;34;50;37;38;44;48;30;49
55;32;38;27;22;39;35;35;36;42;34;41;34;51;37;37;44;47;30
56;28;33;38;29;22;41;34;34;36;43;34;42;34;51;34;37;45;47
57;25;28;33;39;29;24;42;34;34;36;43;34;43;32;52;34;38;46
58;18;28;29;32;39;29;24;41;33;35;38;41;35;44;31;50;34;39
59;35;16;28;31;31;39;29;24;40;33;35;40;40;35;45;30;50;34
60;28;35;18;31;29;31;42;29;22;39;34;34;41;39;34;46;32;48
61;44;29;38;17;31;29;32;43;30;22;39;33;34;42;39;35;48;32
62;39;45;29;38;17;31;28;30;45;29;22;38;32;33;40;39;35;48
63;31;39;46;31;35;17;31;28;30;47;30;24;36;32;33;38;40;36
64;36;32;40;46;31;36;17;31;28;30;47;31;24;38;34;32;38;40
65;29;37;31;41;43;31;37;16;31;27;29;47;31;24;39;34;31;38
66;41;29;36;31;41;43;32;34;17;32;26;28;47;32;24;39;33;31
67;32;40;28;36;31;41;42;31;33;18;33;26;26;46;31;22;39;34
68;21;31;38;29;36;30;41;40;30;31;19;33;25;26;45;31;22;39
69;36;19;30;38;28;37;29;41;40;29;34;19;32;25;26;44;31;21
70;28;36;20;27;39;28;39;26;41;39;29;34;16;32;24;25;43;31
71;32;28;36;20;26;40;28;37;27;42;38;27;32;16;29;24;25;43
72;38;31;27;36;20;26;40;28;36;27;40;38;27;32;16;31;24;25
73;17;35;31;27;35;20;26;40;26;37;26;40;36;27;32;16;31;23
74;27;17;34;31;27;35;21;25;37;25;36;27;38;36;26;29;16;31
75;29;25;17;32;31;27;32;21;25;37;22;37;26;35;35;25;30;15
76;19;29;23;17;31;30;23;31;20;25;36;21;34;26;32;34;24;30
77;21;20;24;22;17;32;30;21;26;17;22;34;19;32;25;34;33;24
78;13;20;19;25;20;18;30;25;20;25;17;20;33;17;30;24;33;32
79;12;12;21;15;24;18;18;28;25;18;23;17;20;32;15;30;22;33
80;15;10;12;21;15;24;18;18;29;19;18;22;17;19;32;15;28;20
81;18;15;9;12;20;16;22;17;18;26;18;17;21;15;19;30;12;28
82;12;16;14;9;12;17;15;22;16;18;26;17;15;21;13;17;27;12
83;5;11;12;14;8;11;17;14;21;15;16;24;16;15;19;13;14;24
84;8;5;10;11;13;8;10;17;15;21;13;14;24;15;15;14;12;14
85;4;6;6;9;13;11;6;8;16;14;18;11;13;21;11;14;13;11
86;9;4;7;5;8;7;8;6;7;15;13;15;11;14;18;9;12;12
87;5;8;3;6;5;5;8;5;5;7;10;11;13;8;11;18;7;10
88;5;4;8;3;4;2;4;9;5;5;6;10;10;12;6;11;17;6
89;3;4;4;7;2;4;2;3;5;5;5;4;9;8;10;5;10;14
90;4;3;4;3;5;2;4;2;3;5;5;4;3;6;8;9;6;8
91;2;4;3;3;1;3;1;3;0;3;4;4;4;3;5;8;5;5
92;1;1;4;2;2;1;1;1;3;0;2;2;3;4;1;4;6;5
93;1;1;1;3;2;2;1;1;1;2;0;2;2;3;2;1;3;6
94;1;1;1;0;3;1;2;1;1;1;2;0;2;2;2;1;1;2
95;0;1;1;1;0;2;1;1;0;1;1;2;0;2;1;2;0;1
96;2;0;1;1;1;0;0;0;1;1;1;0;1;0;2;1;1;0
97;0;1;0;1;1;1;0;0;0;1;1;1;0;0;0;1;1;0
98;0;0;1;0;1;1;1;0;0;0;1;0;1;0;0;0;0;1
99;0;0;0;1;0;0;1;1;0;0;0;0;0;1;0;0;0;0
100 e oltre;0;0;0;0;1;0;0;1;2;1;1;0;0;0;0;0;0;0
Totale;3142;3155;3124;3135;3131;3186;3192;3177;3159;3158;3164;3127;3095;3084;3029;2978;2945;2938
Età/Anno;2002;2003;2004;2005;2006;2007;2008;2009;2010;2011;2012;2013;2014;2015;2016;2017;2018;2019
Età;Maschi
0;13;16;17;23;19;14;8;21;15;9;14;11;14;10;14;17;13;13
1;16;16;15;16;23;19;13;9;19;16;10;15;12;13;11;13;16;14
2;15;17;16;13;16;22;19;14;9;18;16;10;15;11;13;11;13;16
3;14;16;16;15;13;21;22;19;14;10;17;16;10;13;13;13;9;14
4;22;16;15;16;15;14;23;24;20;15;11;17;15;10;12;11;14;9
5;24;22;17;14;16;15;15;22;26;20;16;10;18;16;9;13;10;16
6;10;25;24;17;14;18;17;14;22;25;21;16;11;18;15;9;15;9
7;23;12;25;23;17;14;19;18;14;20;25;21;16;11;19;14;9;15
8;18;24;11;26;22;20;14;19;18;13;20;24;21;16;11;17;14;10
9;22;18;24;11;27;22;20;15;19;18;13;21;24;21;15;10;17;13
10;23;22;17;23;11;27;22;18;13;19;18;13;21;25;18;14;10;18
11;23;24;23;17;24;10;27;22;18;13;19;17;13;21;28;18;14;10
12;33;23;22;24;17;24;9;26;22;19;12;18;17;13;21;25;18;14
13;29;32;21;23;24;21;22;11;26;22;19;12;17;16;12;21;25;18
14;27;29;31;20;24;25;22;22;11;26;20;19;12;18;17;12;21;24
15;25;26;28;30;19;25;24;22;22;12;26;20;18;12;18;16;12;22
16;27;25;28;28;30;21;26;25;22;21;12;26;20;18;13;16;17;12
17;30;25;25;27;28;31;21;26;25;24;20;12;25;20;17;13;17;17
18;33;31;23;25;27;28;33;22;26;26;24;20;12;25;20;17;13;16
19;32;34;30;21;24;27;28;33;22;26;26;24;22;11;25;20;17;13
20;28;32;34;30;22;23;27;26;33;21;25;26;23;24;12;23;18;16
21;24;27;31;33;30;20;24;26;25;31;20;26;25;23;20;12;22;16
22;14;24;24;30;27;28;21;20;26;27;32;19;26;25;23;20;12;23
23;22;15;21;20;29;26;28;20;20;28;28;32;17;25;24;22;18;11
24;25;22;18;21;19;29;28;25;19;16;29;27;31;16;24;20;20;16
25;19;26;22;18;18;19;31;26;26;19;16;28;26;31;16;23;22;19
26;19;16;21;20;19;17;19;31;24;26;19;13;28;28;28;14;20;22
27;23;23;18;21;20;20;18;19;32;24;27;16;13;28;25;26;14;18
28;26;25;22;17;18;20;22;17;19;32;23;27;17;12;27;28;22;13
29;29;27;25;21;18;16;18;20;16;17;30;23;25;18;12;23;25;21
30;17;29;23;27;20;20;17;19;20;18;19;28;19;20;15;12;19;24
31;20;17;26;23;28;19;20;16;18;18;18;18;27;19;18;15;13;18
32;25;19;17;25;24;31;17;21;16;17;17;17;16;27;18;13;16;13
33;12;23;19;18;24;25;31;16;20;15;17;17;17;15;26;20;14;16
34;17;12;23;19;18;22;25;29;18;20;14;14;16;21;16;26;17;14
35;11;17;14;26;21;17;22;23;29;18;20;15;13;16;20;15;27;18
36;28;13;18;13;23;20;17;23;23;30;19;19;17;13;16;20;18;27
37;29;29;13;18;12;24;21;17;24;23;28;19;20;15;14;18;19;19
38;14;26;28;14;19;13;23;19;17;25;25;29;20;20;15;14;18;19
39;24;13;26;29;15;19;13;22;20;18;23;24;27;19;20;15;14;18
40;23;25;12;28;31;18;19;13;22;21;18;23;25;27;19;20;14;15
41;15;26;25;14;28;31;18;21;13;22;22;18;23;20;27;15;20;14
42;18;15;25;25;14;26;30;17;20;15;22;22;17;23;21;28;16;20
43;23;18;15;25;23;14;27;29;18;19;15;23;22;17;22;20;26;16
44;17;25;20;15;25;25;13;26;30;17;20;15;22;23;19;19;21;24
45;18;17;24;20;15;25;24;13;26;32;18;19;15;22;22;18;20;23
46;20;17;17;24;20;17;26;23;13;25;32;18;19;15;20;22;18;19
47;20;20;17;17;23;20;17;24;23;13;25;32;17;19;15;20;22;18
48;19;20;20;16;17;24;17;19;23;25;12;26;31;16;18;15;20;22
49;17;18;20;20;17;18;23;17;19;23;25;14;23;30;17;17;15;21
50;20;15;15;20;20;19;17;25;16;19;23;25;14;23;29;17;18;15
51;20;20;18;15;20;20;19;17;25;16;19;23;26;14;23;31;18;20
52;12;21;19;19;15;20;21;18;18;25;17;19;23;26;13;23;33;18
53;13;12;21;20;18;16;20;19;18;18;25;18;18;23;25;11;25;32
54;17;11;12;22;20;18;17;20;20;18;18;27;18;18;20;27;11;23
55;12;16;11;12;23;20;18;17;20;17;19;18;28;18;18;20;26;11
56;10;13;15;12;12;25;19;18;17;21;18;20;19;28;16;18;21;26
57;12;10;13;16;12;12;25;19;18;17;21;18;21;17;28;16;19;23
58;9;13;10;13;16;12;12;25;19;19;18;20;19;22;17;28;16;19
59;16;8;13;12;13;16;12;12;24;20;18;19;20;19;23;16;27;16
60;11;16;9;15;12;13;17;12;10;23;20;18;20;19;18;23;17;26
61;21;11;17;8;14;12;13;16;13;10;23;19;18;21;19;19;23;17
62;17;21;12;17;8;14;12;13;17;13;11;22;18;17;20;19;19;23
63;13;17;22;14;16;8;14;12;13;19;13;12;21;18;17;19;19;20
64;20;14;17;22;14;18;8;14;12;13;19;13;12;21;18;17;19;19
65;16;20;14;19;19;15;18;7;14;13;12;19;13;12;21;18;16;19
66;24;17;19;14;19;19;15;17;8;14;12;12;20;13;12;21;18;16
67;16;23;15;19;14;19;19;14;16;9;15;12;10;20;13;10;21;18
68;10;17;22;15;19;14;20;19;14;14;10;15;11;10;20;13;10;21
69;15;8;17;22;14;20;14;20;19;13;15;10;14;11;10;19;13;10
70;12;15;8;16;23;14;22;13;20;18;13;16;7;14;10;10;18;13
71;14;12;15;8;15;24;14;20;13;20;17;11;16;7;14;10;10;18
72;19;13;11;15;8;15;24;14;20;13;20;17;11;16;7;15;10;10
73;4;18;13;11;15;8;15;24;13;20;12;18;15;11;16;7;15;10
74;12;4;17;13;11;15;9;14;23;12;20;13;16;15;10;14;7;16
75;18;11;4;16;14;11;12;9;14;23;9;20;12;15;15;10;14;6
76;6;18;11;4;15;13;11;12;9;14;23;9;20;12;14;14;10;14
77;10;7;14;12;4;15;13;10;8;6;14;21;8;20;11;15;14;10
78;7;9;5;14;10;4;14;11;9;8;6;12;21;6;18;11;14;13
79;7;6;10;3;14;9;4;13;10;8;7;6;12;20;5;18;11;14
80;6;5;6;11;3;14;9;4;14;7;8;6;6;11;20;5;16;10
81;7;5;5;7;10;4;13;9;4;13;5;8;6;6;11;19;3;16
82;4;5;4;5;6;8;4;13;9;4;13;4;7;6;4;9;16;3
83;2;4;3;4;5;6;8;4;12;9;4;12;4;6;6;4;8;14
84;3;2;3;3;3;5;5;8;4;12;7;3;12;3;6;3;3;8
85;2;2;2;2;3;4;3;3;7;3;10;5;3;12;2;6;2;3
86;3;2;2;2;1;0;3;3;3;7;3;8;5;5;10;2;5;2
87;1;3;1;1;2;0;1;3;3;3;5;3;7;4;3;10;1;4
88;2;1;3;1;2;1;0;2;3;3;2;4;3;6;3;3;10;2
89;2;1;1;2;1;2;1;0;2;4;3;1;3;1;4;2;3;8
90;2;2;1;1;1;1;2;1;0;2;4;2;1;3;1;4;3;3
91;1;2;2;0;0;0;1;1;0;0;1;3;2;1;3;1;2;3
92;0;0;2;1;0;0;0;1;1;0;0;1;2;2;0;2;0;2
93;0;0;0;2;1;0;0;0;1;1;0;0;1;2;0;0;1;0
94;0;0;0;0;2;1;0;0;0;1;1;0;0;1;1;0;0;1
95;0;0;0;0;0;1;1;0;0;0;1;1;0;0;0;1;0;0
96;1;0;0;0;0;0;0;0;0;0;0;0;0;0;0;0;1;0
97;0;0;0;0;0;0;0;0;0;0;0;0;0;0;0;0;0;0
98;0;0;0;0;0;0;0;0;0;0;0;0;0;0;0;0;0;0
99;0;0;0;0;0;0;0;0;0;0;0;0;0;0;0;0;0;0
100 e oltre;0;0;0;0;0;0;0;0;0;0;0;0;0;0;0;0;0;0
Totale;1524;1539;1520;1539;1534;1569;1579;1565;1568;1569;1571;1552;1533;1520;1484;1453;1440;1441
Età/Anno;2002;2003;2004;2005;2006;2007;2008;2009;2010;2011;2012;2013;2014;2015;2016;2017;2018;2019
Età;Femmine
0;19;22;12;17;19;16;17;15;11;14;14;12;9;20;14;14;12;10
1;17;20;22;11;18;20;16;19;16;11;12;14;12;10;22;14;12;13
2;13;16;19;22;11;18;21;17;17;16;12;12;13;13;9;21;14;12
3;11;13;16;19;23;10;18;22;18;18;16;12;13;14;13;9;20;16
4;20;11;14;17;17;24;10;19;22;17;20;14;12;15;14;12;9;20
5;21;21;11;14;16;19;24;10;19;22;17;20;14;10;15;13;10;9
6;18;21;19;13;16;16;19;24;10;20;24;15;20;12;9;13;14;9
7;19;18;21;18;13;17;16;18;24;10;19;25;15;17;13;10;13;13
8;16;21;18;22;20;13;17;16;18;25;9;18;25;16;17;12;10;14
9;17;16;21;18;22;20;12;18;16;19;25;9;16;25;17;16;12;10
10;22;17;17;21;16;22;20;12;17;16;20;24;10;16;25;17;17;12
11;17;22;17;17;20;15;21;20;13;14;17;21;23;10;16;25;17;17
12;27;17;24;17;17;20;15;22;20;14;15;17;21;23;11;16;25;17
13;22;26;17;24;17;18;19;15;21;20;15;15;16;21;24;11;15;27
14;20;22;27;17;24;17;18;17;15;22;20;16;15;16;21;23;11;15
15;21;19;22;26;16;24;17;18;17;15;24;20;16;14;14;21;23;12
16;34;21;20;23;25;17;23;17;19;17;15;25;20;14;13;16;21;23
17;31;34;22;22;23;27;17;23;16;20;17;15;24;20;14;13;16;19
18;27;30;35;23;21;24;27;17;21;17;20;19;16;24;20;16;13;16
19;33;28;29;34;23;20;24;28;17;23;17;20;22;14;23;20;15;13
20;26;29;23;27;33;22;17;24;27;17;25;17;21;23;13;23;20;15
21;31;25;22;24;29;33;23;16;23;26;18;23;19;20;19;13;23;19
22;26;28;28;18;26;29;30;23;18;21;23;17;23;19;20;20;12;22
23;19;27;29;24;20;26;32;29;24;17;21;24;16;24;18;18;18;10
24;23;21;21;26;22;21;27;31;24;23;18;21;23;14;26;18;18;18
25;20;22;20;20;25;22;20;23;30;23;23;18;18;22;16;24;15;19
26;23;19;19;19;21;28;25;20;23;30;19;20;20;18;23;15;25;16
27;27;19;17;20;19;21;25;23;20;23;28;20;19;20;18;21;16;23
28;23;26;16;16;19;20;19;24;23;19;24;23;21;20;19;16;22;17
29;23;22;24;16;18;19;21;20;24;21;19;22;21;19;19;17;15;23
30;34;24;21;20;13;18;19;23;20;22;21;14;20;19;18;19;12;14
31;18;31;23;19;16;12;17;18;23;17;22;21;14;22;21;18;18;13
32;21;15;31;22;19;18;13;14;16;22;17;21;21;14;22;16;17;16
33;30;20;17;29;20;16;18;12;13;14;22;18;20;20;14;20;16;17
34;21;29;20;18;32;21;17;19;13;13;13;19;18;19;19;12;20;17
35;28;20;29;19;20;33;20;19;18;11;14;10;19;17;19;18;12;19
36;27;27;20;27;19;20;31;23;18;21;11;14;12;18;18;19;18;12
37;23;26;29;21;26;19;16;33;21;18;20;10;14;14;18;19;18;19
38;21;25;24;30;22;27;19;17;31;21;17;20;10;16;13;18;19;18
39;21;19;24;26;31;23;27;19;19;31;22;17;21;13;17;12;19;17
40;23;21;18;24;26;32;24;27;19;20;31;22;17;22;11;16;11;18
41;19;23;22;18;24;28;32;24;24;19;20;34;20;17;20;12;15;11
42;19;18;23;22;18;26;28;32;24;23;20;20;34;20;17;20;11;17
43;22;19;17;24;21;17;26;29;29;24;24;20;20;35;20;15;18;11
44;17;23;19;17;24;22;16;26;29;31;22;24;20;20;33;20;17;19
45;24;17;20;19;17;24;23;17;26;29;32;23;22;18;21;33;20;17
46;14;24;18;19;19;18;24;22;18;26;28;32;23;22;17;21;34;19
47;21;15;25;18;19;19;19;25;21;18;27;29;32;24;22;18;21;32
48;17;21;15;26;17;19;19;19;25;21;18;27;29;32;22;23;18;20
49;15;17;20;15;24;16;21;20;19;25;20;17;26;29;32;24;23;17
50;16;16;17;20;15;24;16;21;20;20;25;20;17;27;28;32;23;25
51;15;16;17;19;21;15;23;16;23;20;20;25;22;17;26;28;31;22
52;10;15;14;17;18;22;15;23;16;23;20;20;25;22;17;26;28;32
53;15;10;16;15;17;19;22;15;23;16;23;19;21;25;22;19;26;28
54;22;16;10;16;15;17;19;22;14;23;16;23;19;20;24;21;19;26
55;20;22;16;10;16;15;17;19;22;17;22;16;23;19;19;24;21;19
56;18;20;23;17;10;16;15;16;19;22;16;22;15;23;18;19;24;21
57;13;18;20;23;17;12;17;15;16;19;22;16;22;15;24;18;19;23
58;9;15;19;19;23;17;12;16;14;16;20;21;16;22;14;22;18;20
59;19;8;15;19;18;23;17;12;16;13;17;21;20;16;22;14;23;18
60;17;19;9;16;17;18;25;17;12;16;14;16;21;20;16;23;15;22
61;23;18;21;9;17;17;19;27;17;12;16;14;16;21;20;16;25;15
62;22;24;17;21;9;17;16;17;28;16;11;16;14;16;20;20;16;25
63;18;22;24;17;19;9;17;16;17;28;17;12;15;14;16;19;21;16
64;16;18;23;24;17;18;9;17;16;17;28;18;12;17;16;15;19;21
65;13;17;17;22;24;16;19;9;17;14;17;28;18;12;18;16;15;19
66;17;12;17;17;22;24;17;17;9;18;14;16;27;19;12;18;15;15
67;16;17;13;17;17;22;23;17;17;9;18;14;16;26;18;12;18;16
68;11;14;16;14;17;16;21;21;16;17;9;18;14;16;25;18;12;18
69;21;11;13;16;14;17;15;21;21;16;19;9;18;14;16;25;18;11
70;16;21;12;11;16;14;17;13;21;21;16;18;9;18;14;15;25;18
71;18;16;21;12;11;16;14;17;14;22;21;16;16;9;15;14;15;25
72;19;18;16;21;12;11;16;14;16;14;20;21;16;16;9;16;14;15
73;13;17;18;16;20;12;11;16;13;17;14;22;21;16;16;9;16;13
74;15;13;17;18;16;20;12;11;14;13;16;14;22;21;16;15;9;15
75;11;14;13;16;17;16;20;12;11;14;13;17;14;20;20;15;16;9
76;13;11;12;13;16;17;12;19;11;11;13;12;14;14;18;20;14;16
77;11;13;10;10;13;17;17;11;18;11;8;13;11;12;14;19;19;14
78;6;11;14;11;10;14;16;14;11;17;11;8;12;11;12;13;19;19
79;5;6;11;12;10;9;14;15;15;10;16;11;8;12;10;12;11;19
80;9;5;6;10;12;10;9;14;15;12;10;16;11;8;12;10;12;10
81;11;10;4;5;10;12;9;8;14;13;13;9;15;9;8;11;9;12
82;8;11;10;4;6;9;11;9;7;14;13;13;8;15;9;8;11;9
83;3;7;9;10;3;5;9;10;9;6;12;12;12;9;13;9;6;10
84;5;3;7;8;10;3;5;9;11;9;6;11;12;12;9;11;9;6
85;2;4;4;7;10;7;3;5;9;11;8;6;10;9;9;8;11;8
86;6;2;5;3;7;7;5;3;4;8;10;7;6;9;8;7;7;10
87;4;5;2;5;3;5;7;2;2;4;5;8;6;4;8;8;6;6
88;3;3;5;2;2;1;4;7;2;2;4;6;7;6;3;8;7;4
89;1;3;3;5;1;2;1;3;3;1;2;3;6;7;6;3;7;6
90;2;1;3;2;4;1;2;1;3;3;1;2;2;3;7;5;3;5
91;1;2;1;3;1;3;0;2;0;3;3;1;2;2;2;7;3;2
92;1;1;2;1;2;1;1;0;2;0;2;1;1;2;1;2;6;3
93;1;1;1;1;1;2;1;1;0;1;0;2;1;1;2;1;2;6
94;1;1;1;0;1;0;2;1;1;0;1;0;2;1;1;1;1;1
95;0;1;1;1;0;1;0;1;0;1;0;1;0;2;1;1;0;1
96;1;0;1;1;1;0;0;0;1;1;1;0;1;0;2;1;0;0
97;0;1;0;1;1;1;0;0;0;1;1;1;0;0;0;1;1;0
98;0;0;1;0;1;1;1;0;0;0;1;0;1;0;0;0;0;1
99;0;0;0;1;0;0;1;1;0;0;0;0;0;1;0;0;0;0
100 e oltre;0;0;0;0;1;0;0;1;2;1;1;0;0;0;0;0;0;0
Totale;1618;1616;1604;1596;1597;1617;1613;1612;1591;1589;1593;1575;1562;1564;1545;1525;1505;1497

"Ricostruzione della popolazione intercensuaria - Popolazione al 1° gennaio per età"
"Cittadinanza straniera - Comune: Scandale"
Età/Anno;2002;2003;2004;2005;2006;2007;2008;2009;2010;2011;2012;2013;2014;2015;2016;2017;2018;2019
Età;Totale
0;0;0;1;0;0;2;0;0;7;1;2;2;2;0;0;0;0;0
1;0;0;0;2;0;0;3;0;1;2;1;2;2;2;0;0;0;0
2;0;0;0;0;2;0;0;2;2;0;2;1;2;2;1;0;0;0
3;0;0;0;0;0;2;0;1;2;1;0;3;1;2;1;1;1;1
4;0;0;0;0;0;0;3;0;4;2;1;0;3;1;2;1;1;1
5;0;0;0;0;0;1;1;2;1;3;2;1;0;3;1;2;1;2
6;0;0;1;0;1;0;2;4;2;1;3;4;1;0;4;1;2;1
7;0;0;0;0;0;1;0;2;5;2;1;4;3;1;0;4;1;2
8;0;0;0;0;0;0;1;0;4;5;2;2;4;3;0;0;5;2
9;0;0;0;0;0;1;1;2;2;4;5;2;2;4;3;0;0;6
10;0;0;1;0;0;0;1;1;2;2;4;5;2;2;4;2;0;1
11;0;0;1;1;0;0;0;2;1;2;2;4;2;1;1;4;2;1
12;0;0;0;1;1;0;0;0;2;1;2;1;4;2;1;1;4;2
13;0;0;0;1;0;1;0;0;0;2;1;2;0;3;1;1;1;5
14;0;0;0;0;1;0;1;0;0;2;2;2;1;0;3;1;2;1
15;0;0;0;0;0;0;0;1;0;0;2;2;2;1;0;3;3;2
16;0;0;0;0;0;0;1;1;1;0;0;2;2;2;1;0;3;3
17;0;0;0;0;0;0;0;1;3;1;0;1;1;2;2;1;0;3
18;0;0;0;0;0;0;2;0;1;4;1;2;1;1;2;2;1;0
19;0;0;0;0;0;0;2;2;3;2;5;1;2;1;1;2;2;1
20;2;1;0;0;0;0;2;3;1;4;2;3;0;1;0;1;2;2
21;0;1;1;0;1;1;2;4;3;1;4;3;3;0;1;0;1;3
22;0;0;1;1;1;0;3;2;5;3;1;4;2;3;0;1;0;1
23;0;0;1;1;1;4;0;3;3;6;3;0;3;2;1;0;1;0
24;0;0;1;1;2;0;6;0;4;1;7;3;0;2;1;1;0;1
25;0;0;1;2;0;1;0;11;1;3;1;7;1;0;2;1;1;1
26;2;0;0;1;2;0;5;0;10;1;3;1;5;2;0;2;1;1
27;1;2;0;0;1;2;2;6;2;8;1;3;1;4;1;0;2;1
28;0;2;3;0;1;0;5;5;6;2;8;0;3;1;2;1;1;1
29;0;0;2;1;1;1;1;8;6;6;2;8;0;3;1;2;1;1
30;0;0;1;2;3;4;5;1;7;4;8;1;7;0;1;1;2;3
31;2;0;1;1;3;4;6;6;2;4;4;9;0;7;1;1;1;2
32;1;2;0;1;1;5;3;7;6;2;4;6;9;0;6;1;1;1
33;0;0;2;0;0;0;4;2;10;5;1;4;5;9;0;5;1;1
34;0;0;0;2;0;1;1;5;3;6;5;1;2;5;7;0;5;2
35;1;0;0;0;2;0;1;1;5;2;6;6;2;2;4;6;0;4
36;1;1;1;0;0;2;2;1;3;4;2;7;4;3;1;3;6;0
37;1;1;2;1;0;1;2;2;1;3;4;2;7;4;3;1;3;5
38;0;1;1;2;1;0;2;2;4;1;3;4;1;6;3;2;0;3
39;0;0;1;0;2;1;2;3;3;4;2;3;4;0;4;2;2;0
40;0;0;0;1;0;2;1;2;5;3;5;0;3;3;0;4;3;2
41;0;0;1;2;1;0;1;1;4;5;3;5;0;4;2;1;4;3
42;1;0;2;1;1;1;1;1;1;4;5;3;4;0;4;2;1;5
43;1;2;1;2;1;1;1;1;1;1;3;6;3;5;0;4;2;1
44;1;2;1;0;1;1;1;1;1;1;1;2;5;3;4;0;3;2
45;0;1;2;1;0;1;1;1;1;1;1;1;1;5;3;2;0;3
46;0;0;0;1;1;0;5;0;2;1;1;3;1;2;4;3;1;0
47;0;0;0;0;1;1;0;5;0;2;1;0;3;1;2;4;1;1
48;0;0;0;0;0;1;1;0;5;0;2;1;0;2;1;2;3;1
49;0;0;0;0;0;0;1;1;1;5;0;2;1;0;2;1;2;3
50;1;0;0;0;0;0;0;2;1;1;5;0;1;2;0;2;1;2
51;0;1;1;0;0;0;0;0;2;1;1;5;0;1;1;0;2;1
52;0;0;3;1;0;0;1;0;1;3;1;2;3;0;1;1;0;2
53;0;0;0;2;1;0;0;1;1;1;3;1;1;3;0;1;1;0
54;0;0;0;0;2;1;0;0;1;1;1;2;1;0;3;0;1;2
55;1;0;0;0;0;2;1;0;0;1;1;1;1;1;0;1;0;1
56;0;1;1;0;0;0;2;1;0;0;1;1;1;1;1;0;1;0
57;1;0;0;1;0;0;1;1;2;0;0;1;1;1;1;0;0;1
58;0;1;0;0;1;0;0;1;1;2;0;0;0;1;1;0;0;0
59;0;0;1;0;0;1;0;0;1;1;2;0;0;0;0;1;0;0
60;0;0;0;0;0;0;0;0;0;1;1;2;0;0;0;0;1;0
61;0;0;1;0;0;0;1;0;0;0;1;1;2;0;0;0;1;0
62;0;0;0;1;0;0;0;1;0;0;0;0;0;2;0;0;0;1
63;0;0;0;0;1;0;0;0;1;0;0;0;0;0;1;0;0;0
64;0;0;0;1;0;1;0;0;0;1;0;0;0;0;0;1;0;0
65;0;0;0;0;1;0;1;0;0;0;1;0;0;0;0;0;1;0
66;0;0;0;0;0;1;0;0;0;0;0;1;0;0;0;0;0;1
67;0;0;0;0;0;0;1;0;0;0;0;0;1;0;0;0;0;0
68;0;0;0;0;0;0;0;1;0;0;0;0;0;1;0;0;0;0
69;0;0;0;0;0;0;0;0;0;0;0;0;0;0;1;0;0;0
70;1;0;0;0;0;0;0;0;0;0;0;0;0;0;0;1;0;0
71;0;0;0;0;0;0;0;0;0;0;0;0;0;0;0;0;1;0
72;0;0;1;0;0;0;0;0;0;0;0;0;0;0;0;0;0;1
73;0;0;0;0;0;0;0;0;0;0;0;0;0;0;0;0;0;0
74;0;0;0;0;0;0;0;0;0;0;0;0;0;0;0;0;0;0
75;0;0;0;0;0;0;0;0;0;0;0;0;0;0;0;0;0;0
76;0;0;0;0;0;0;0;0;0;0;0;0;0;0;0;0;0;0
77;0;0;0;0;0;0;0;0;0;0;0;0;0;0;0;0;0;0
78;0;0;0;0;0;0;0;0;0;0;0;0;0;0;0;0;0;0
79;0;0;0;0;0;0;0;0;0;0;0;0;0;0;0;0;0;0
80;0;0;0;0;0;0;0;0;0;0;0;0;0;0;0;0;0;0
81;0;0;0;0;0;0;0;0;0;0;0;0;0;0;0;0;0;0
82;0;0;0;0;0;0;0;0;0;0;0;0;0;0;0;0;0;0
83;0;0;0;0;0;0;0;0;0;0;0;0;0;0;0;0;0;0
84;0;0;0;0;0;0;0;0;0;0;0;0;0;0;0;0;0;0
85;0;0;0;0;0;0;0;0;0;0;0;0;0;0;0;0;0;0
86;0;0;0;0;0;0;0;0;0;0;0;0;0;0;0;0;0;0
87;0;0;0;0;0;0;0;0;0;0;0;0;0;0;0;0;0;0
88;0;0;0;0;0;0;0;0;0;0;0;0;0;0;0;0;0;0
89;0;0;0;0;0;0;0;0;0;0;0;0;0;0;0;0;0;0
90;0;0;0;0;0;0;0;0;0;0;0;0;0;0;0;0;0;0
91;0;0;0;0;0;0;0;0;0;0;0;0;0;0;0;0;0;0
92;0;0;0;0;0;0;0;0;0;0;0;0;0;0;0;0;0;0
93;0;0;0;0;0;0;0;0;0;0;0;0;0;0;0;0;0;0
94;0;0;0;0;0;0;0;0;0;0;0;0;0;0;0;0;0;0
95;0;0;0;0;0;0;0;0;0;0;0;0;0;0;0;0;0;0
96;0;0;0;0;0;0;0;0;0;0;0;0;0;0;0;0;0;0
97;0;0;0;0;0;0;0;0;0;0;0;0;0;0;0;0;0;0
98;0;0;0;0;0;0;0;0;0;0;0;0;0;0;0;0;0;0
99;0;0;0;0;0;0;0;0;0;0;0;0;0;0;0;0;0;0
100 e oltre;0;0;0;0;0;0;0;0;0;0;0;0;0;0;0;0;0;0
Totale;18;19;38;35;39;49;93;114;160;143;149;158;129;125;99;88;90;100
Età/Anno;2002;2003;2004;2005;2006;2007;2008;2009;2010;2011;2012;2013;2014;2015;2016;2017;2018;2019
Età;Maschi
0;0;0;1;0;0;1;0;0;2;0;1;1;1;0;0;0;0;0
1;0;0;0;2;0;0;2;0;0;1;0;1;1;1;0;0;0;0
2;0;0;0;0;2;0;0;1;0;0;1;0;1;1;0;0;0;0
3;0;0;0;0;0;2;0;1;1;0;0;1;0;1;0;0;1;1
4;0;0;0;0;0;0;3;0;4;1;0;0;1;0;1;0;0;1
5;0;0;0;0;0;1;0;2;0;3;1;0;0;1;0;1;0;1
6;0;0;0;0;0;0;1;3;2;0;3;1;0;0;1;0;1;0
7;0;0;0;0;0;0;0;1;3;2;0;3;0;0;0;2;0;1
8;0;0;0;0;0;0;0;0;1;3;2;1;3;0;0;0;2;1
9;0;0;0;0;0;1;0;1;1;1;3;2;1;3;0;0;0;3
10;0;0;1;0;0;0;1;0;1;1;1;3;2;1;3;0;0;1
11;0;0;1;1;0;0;0;1;0;1;1;1;0;1;1;3;0;0
12;0;0;0;1;1;0;0;0;1;0;1;1;1;0;1;1;3;0
13;0;0;0;0;0;1;0;0;0;1;0;1;0;1;0;1;1;3
14;0;0;0;0;0;0;1;0;0;0;1;1;1;0;1;0;1;1
15;0;0;0;0;0;0;0;1;0;0;0;1;2;1;0;1;1;1
16;0;0;0;0;0;0;1;0;1;0;0;0;1;2;1;0;1;1
17;0;0;0;0;0;0;0;1;0;1;0;0;0;1;2;1;0;1
18;0;0;0;0;0;0;2;0;1;1;1;2;0;0;1;2;1;0
19;0;0;0;0;0;0;2;2;1;2;2;1;2;0;0;1;2;1
20;1;1;0;0;0;0;2;2;1;2;2;1;0;1;0;0;1;2
21;0;0;1;0;1;1;0;3;2;1;2;2;1;0;1;0;0;1
22;0;0;0;1;0;0;1;0;3;2;1;2;1;2;0;1;0;0
23;0;0;1;0;1;1;0;1;0;4;2;0;1;1;0;0;1;0
24;0;0;1;1;1;0;1;0;1;0;5;2;0;1;0;0;0;1
25;0;0;1;0;0;0;0;4;1;1;1;5;0;0;1;0;0;0
26;1;0;0;1;0;0;2;0;3;1;1;1;3;0;0;1;0;0
27;1;1;0;0;1;0;2;2;0;2;1;1;1;2;0;0;1;0
28;0;1;1;0;0;0;1;4;2;0;2;0;2;0;2;0;1;0
29;0;0;1;1;0;0;1;2;5;2;0;2;0;2;0;1;0;1
30;0;0;0;1;2;0;2;1;1;3;5;0;2;0;0;0;1;0
31;2;0;1;0;2;3;1;2;1;1;3;6;0;2;1;0;0;1
32;1;2;0;1;0;3;2;2;2;1;1;4;7;0;2;1;0;0
33;0;0;2;0;0;0;1;2;5;2;0;1;3;7;0;2;1;0
34;0;0;0;2;0;0;1;2;3;2;2;0;0;3;5;0;2;2
35;1;0;0;0;2;0;0;1;2;2;2;3;0;0;2;5;0;1
36;1;1;1;0;0;2;0;0;2;1;2;2;2;1;0;1;5;0
37;1;1;1;0;0;1;2;0;0;2;1;2;2;2;1;0;1;4
38;0;1;1;2;0;0;1;2;0;0;2;1;1;2;1;0;0;1
39;0;0;1;0;2;0;2;2;2;0;0;2;1;0;1;1;0;0
40;0;0;0;1;0;2;0;2;2;2;1;0;2;1;0;1;1;0
41;0;0;1;1;1;0;1;0;3;2;2;2;0;3;0;1;1;1
42;0;0;0;1;1;1;1;1;0;3;2;2;2;0;3;0;1;2
43;0;1;1;0;1;1;1;1;1;0;2;2;2;2;0;3;0;1
44;1;1;0;0;0;1;1;1;1;1;0;1;2;2;2;0;2;0
45;0;1;1;0;0;0;1;1;1;1;1;0;0;2;2;0;0;2
46;0;0;0;0;0;0;2;0;1;1;1;2;0;1;2;2;0;0
47;0;0;0;0;0;0;0;2;0;1;1;0;2;0;1;2;0;0
48;0;0;0;0;0;0;0;0;2;0;1;1;0;1;0;1;2;0
49;0;0;0;0;0;0;0;0;0;2;0;1;1;0;1;0;1;3
50;1;0;0;0;0;0;0;1;0;0;2;0;0;1;0;1;0;1
51;0;1;0;0;0;0;0;0;1;0;0;2;0;0;0;0;1;0
52;0;0;2;0;0;0;1;0;0;2;0;0;1;0;0;0;0;1
53;0;0;0;2;0;0;0;1;0;0;2;0;0;1;0;0;0;0
54;0;0;0;0;2;0;0;0;1;0;0;1;0;0;1;0;0;0
55;0;0;0;0;0;2;0;0;0;1;0;0;0;0;0;0;0;0
56;0;0;0;0;0;0;2;0;0;0;1;0;0;0;0;0;0;0
57;1;0;0;0;0;0;0;1;1;0;0;1;0;0;0;0;0;0
58;0;1;0;0;0;0;0;0;1;1;0;0;0;0;0;0;0;0
59;0;0;1;0;0;0;0;0;0;1;1;0;0;0;0;0;0;0
60;0;0;0;0;0;0;0;0;0;0;1;1;0;0;0;0;0;0
61;0;0;1;0;0;0;0;0;0;0;0;1;1;0;0;0;0;0
62;0;0;0;1;0;0;0;0;0;0;0;0;0;1;0;0;0;0
63;0;0;0;0;1;0;0;0;0;0;0;0;0;0;0;0;0;0
64;0;0;0;1;0;1;0;0;0;0;0;0;0;0;0;0;0;0
65;0;0;0;0;1;0;1;0;0;0;0;0;0;0;0;0;0;0
66;0;0;0;0;0;1;0;0;0;0;0;0;0;0;0;0;0;0
67;0;0;0;0;0;0;1;0;0;0;0;0;0;0;0;0;0;0
68;0;0;0;0;0;0;0;1;0;0;0;0;0;0;0;0;0;0
69;0;0;0;0;0;0;0;0;0;0;0;0;0;0;0;0;0;0
70;1;0;0;0;0;0;0;0;0;0;0;0;0;0;0;0;0;0
71;0;0;0;0;0;0;0;0;0;0;0;0;0;0;0;0;0;0
72;0;0;0;0;0;0;0;0;0;0;0;0;0;0;0;0;0;0
73;0;0;0;0;0;0;0;0;0;0;0;0;0;0;0;0;0;0
74;0;0;0;0;0;0;0;0;0;0;0;0;0;0;0;0;0;0
75;0;0;0;0;0;0;0;0;0;0;0;0;0;0;0;0;0;0
76;0;0;0;0;0;0;0;0;0;0;0;0;0;0;0;0;0;0
77;0;0;0;0;0;0;0;0;0;0;0;0;0;0;0;0;0;0
78;0;0;0;0;0;0;0;0;0;0;0;0;0;0;0;0;0;0
79;0;0;0;0;0;0;0;0;0;0;0;0;0;0;0;0;0;0
80;0;0;0;0;0;0;0;0;0;0;0;0;0;0;0;0;0;0
81;0;0;0;0;0;0;0;0;0;0;0;0;0;0;0;0;0;0
82;0;0;0;0;0;0;0;0;0;0;0;0;0;0;0;0;0;0
83;0;0;0;0;0;0;0;0;0;0;0;0;0;0;0;0;0;0
84;0;0;0;0;0;0;0;0;0;0;0;0;0;0;0;0;0;0
85;0;0;0;0;0;0;0;0;0;0;0;0;0;0;0;0;0;0
86;0;0;0;0;0;0;0;0;0;0;0;0;0;0;0;0;0;0
87;0;0;0;0;0;0;0;0;0;0;0;0;0;0;0;0;0;0
88;0;0;0;0;0;0;0;0;0;0;0;0;0;0;0;0;0;0
89;0;0;0;0;0;0;0;0;0;0;0;0;0;0;0;0;0;0
90;0;0;0;0;0;0;0;0;0;0;0;0;0;0;0;0;0;0
91;0;0;0;0;0;0;0;0;0;0;0;0;0;0;0;0;0;0
92;0;0;0;0;0;0;0;0;0;0;0;0;0;0;0;0;0;0
93;0;0;0;0;0;0;0;0;0;0;0;0;0;0;0;0;0;0
94;0;0;0;0;0;0;0;0;0;0;0;0;0;0;0;0;0;0
95;0;0;0;0;0;0;0;0;0;0;0;0;0;0;0;0;0;0
96;0;0;0;0;0;0;0;0;0;0;0;0;0;0;0;0;0;0
97;0;0;0;0;0;0;0;0;0;0;0;0;0;0;0;0;0;0
98;0;0;0;0;0;0;0;0;0;0;0;0;0;0;0;0;0;0
99;0;0;0;0;0;0;0;0;0;0;0;0;0;0;0;0;0;0
100 e oltre;0;0;0;0;0;0;0;0;0;0;0;0;0;0;0;0;0;0
Totale;13;13;23;21;22;26;47;58;70;65;71;75;57;55;41;37;37;42
Età/Anno;2002;2003;2004;2005;2006;2007;2008;2009;2010;2011;2012;2013;2014;2015;2016;2017;2018;2019
Età;Femmine
0;0;0;0;0;0;1;0;0;5;1;1;1;1;0;0;0;0;0
1;0;0;0;0;0;0;1;0;1;1;1;1;1;1;0;0;0;0
2;0;0;0;0;0;0;0;1;2;0;1;1;1;1;1;0;0;0
3;0;0;0;0;0;0;0;0;1;1;0;2;1;1;1;1;0;0
4;0;0;0;0;0;0;0;0;0;1;1;0;2;1;1;1;1;0
5;0;0;0;0;0;0;1;0;1;0;1;1;0;2;1;1;1;1
6;0;0;1;0;1;0;1;1;0;1;0;3;1;0;3;1;1;1
7;0;0;0;0;0;1;0;1;2;0;1;1;3;1;0;2;1;1
8;0;0;0;0;0;0;1;0;3;2;0;1;1;3;0;0;3;1
9;0;0;0;0;0;0;1;1;1;3;2;0;1;1;3;0;0;3
10;0;0;0;0;0;0;0;1;1;1;3;2;0;1;1;2;0;0
11;0;0;0;0;0;0;0;1;1;1;1;3;2;0;0;1;2;1
12;0;0;0;0;0;0;0;0;1;1;1;0;3;2;0;0;1;2
13;0;0;0;1;0;0;0;0;0;1;1;1;0;2;1;0;0;2
14;0;0;0;0;1;0;0;0;0;2;1;1;0;0;2;1;1;0
15;0;0;0;0;0;0;0;0;0;0;2;1;0;0;0;2;2;1
16;0;0;0;0;0;0;0;1;0;0;0;2;1;0;0;0;2;2
17;0;0;0;0;0;0;0;0;3;0;0;1;1;1;0;0;0;2
18;0;0;0;0;0;0;0;0;0;3;0;0;1;1;1;0;0;0
19;0;0;0;0;0;0;0;0;2;0;3;0;0;1;1;1;0;0
20;1;0;0;0;0;0;0;1;0;2;0;2;0;0;0;1;1;0
21;0;1;0;0;0;0;2;1;1;0;2;1;2;0;0;0;1;2
22;0;0;1;0;1;0;2;2;2;1;0;2;1;1;0;0;0;1
23;0;0;0;1;0;3;0;2;3;2;1;0;2;1;1;0;0;0
24;0;0;0;0;1;0;5;0;3;1;2;1;0;1;1;1;0;0
25;0;0;0;2;0;1;0;7;0;2;0;2;1;0;1;1;1;1
26;1;0;0;0;2;0;3;0;7;0;2;0;2;2;0;1;1;1
27;0;1;0;0;0;2;0;4;2;6;0;2;0;2;1;0;1;1
28;0;1;2;0;1;0;4;1;4;2;6;0;1;1;0;1;0;1
29;0;0;1;0;1;1;0;6;1;4;2;6;0;1;1;1;1;0
30;0;0;1;1;1;4;3;0;6;1;3;1;5;0;1;1;1;3
31;0;0;0;1;1;1;5;4;1;3;1;3;0;5;0;1;1;1
32;0;0;0;0;1;2;1;5;4;1;3;2;2;0;4;0;1;1
33;0;0;0;0;0;0;3;0;5;3;1;3;2;2;0;3;0;1
34;0;0;0;0;0;1;0;3;0;4;3;1;2;2;2;0;3;0
35;0;0;0;0;0;0;1;0;3;0;4;3;2;2;2;1;0;3
36;0;0;0;0;0;0;2;1;1;3;0;5;2;2;1;2;1;0
37;0;0;1;1;0;0;0;2;1;1;3;0;5;2;2;1;2;1
38;0;0;0;0;1;0;1;0;4;1;1;3;0;4;2;2;0;2
39;0;0;0;0;0;1;0;1;1;4;2;1;3;0;3;1;2;0
40;0;0;0;0;0;0;1;0;3;1;4;0;1;2;0;3;2;2
41;0;0;0;1;0;0;0;1;1;3;1;3;0;1;2;0;3;2
42;1;0;2;0;0;0;0;0;1;1;3;1;2;0;1;2;0;3
43;1;1;0;2;0;0;0;0;0;1;1;4;1;3;0;1;2;0
44;0;1;1;0;1;0;0;0;0;0;1;1;3;1;2;0;1;2
45;0;0;1;1;0;1;0;0;0;0;0;1;1;3;1;2;0;1
46;0;0;0;1;1;0;3;0;1;0;0;1;1;1;2;1;1;0
47;0;0;0;0;1;1;0;3;0;1;0;0;1;1;1;2;1;1
48;0;0;0;0;0;1;1;0;3;0;1;0;0;1;1;1;1;1
49;0;0;0;0;0;0;1;1;1;3;0;1;0;0;1;1;1;0
50;0;0;0;0;0;0;0;1;1;1;3;0;1;1;0;1;1;1
51;0;0;1;0;0;0;0;0;1;1;1;3;0;1;1;0;1;1
52;0;0;1;1;0;0;0;0;1;1;1;2;2;0;1;1;0;1
53;0;0;0;0;1;0;0;0;1;1;1;1;1;2;0;1;1;0
54;0;0;0;0;0;1;0;0;0;1;1;1;1;0;2;0;1;2
55;1;0;0;0;0;0;1;0;0;0;1;1;1;1;0;1;0;1
56;0;1;1;0;0;0;0;1;0;0;0;1;1;1;1;0;1;0
57;0;0;0;1;0;0;1;0;1;0;0;0;1;1;1;0;0;1
58;0;0;0;0;1;0;0;1;0;1;0;0;0;1;1;0;0;0
59;0;0;0;0;0;1;0;0;1;0;1;0;0;0;0;1;0;0
60;0;0;0;0;0;0;0;0;0;1;0;1;0;0;0;0;1;0
61;0;0;0;0;0;0;1;0;0;0;1;0;1;0;0;0;1;0
62;0;0;0;0;0;0;0;1;0;0;0;0;0;1;0;0;0;1
63;0;0;0;0;0;0;0;0;1;0;0;0;0;0;1;0;0;0
64;0;0;0;0;0;0;0;0;0;1;0;0;0;0;0;1;0;0
65;0;0;0;0;0;0;0;0;0;0;1;0;0;0;0;0;1;0
66;0;0;0;0;0;0;0;0;0;0;0;1;0;0;0;0;0;1
67;0;0;0;0;0;0;0;0;0;0;0;0;1;0;0;0;0;0
68;0;0;0;0;0;0;0;0;0;0;0;0;0;1;0;0;0;0
69;0;0;0;0;0;0;0;0;0;0;0;0;0;0;1;0;0;0
70;0;0;0;0;0;0;0;0;0;0;0;0;0;0;0;1;0;0
71;0;0;0;0;0;0;0;0;0;0;0;0;0;0;0;0;1;0
72;0;0;1;0;0;0;0;0;0;0;0;0;0;0;0;0;0;1
73;0;0;0;0;0;0;0;0;0;0;0;0;0;0;0;0;0;0
74;0;0;0;0;0;0;0;0;0;0;0;0;0;0;0;0;0;0
75;0;0;0;0;0;0;0;0;0;0;0;0;0;0;0;0;0;0
76;0;0;0;0;0;0;0;0;0;0;0;0;0;0;0;0;0;0
77;0;0;0;0;0;0;0;0;0;0;0;0;0;0;0;0;0;0
78;0;0;0;0;0;0;0;0;0;0;0;0;0;0;0;0;0;0
79;0;0;0;0;0;0;0;0;0;0;0;0;0;0;0;0;0;0
80;0;0;0;0;0;0;0;0;0;0;0;0;0;0;0;0;0;0
81;0;0;0;0;0;0;0;0;0;0;0;0;0;0;0;0;0;0
82;0;0;0;0;0;0;0;0;0;0;0;0;0;0;0;0;0;0
83;0;0;0;0;0;0;0;0;0;0;0;0;0;0;0;0;0;0
84;0;0;0;0;0;0;0;0;0;0;0;0;0;0;0;0;0;0
85;0;0;0;0;0;0;0;0;0;0;0;0;0;0;0;0;0;0
86;0;0;0;0;0;0;0;0;0;0;0;0;0;0;0;0;0;0
87;0;0;0;0;0;0;0;0;0;0;0;0;0;0;0;0;0;0
88;0;0;0;0;0;0;0;0;0;0;0;0;0;0;0;0;0;0
89;0;0;0;0;0;0;0;0;0;0;0;0;0;0;0;0;0;0
90;0;0;0;0;0;0;0;0;0;0;0;0;0;0;0;0;0;0
91;0;0;0;0;0;0;0;0;0;0;0;0;0;0;0;0;0;0
92;0;0;0;0;0;0;0;0;0;0;0;0;0;0;0;0;0;0
93;0;0;0;0;0;0;0;0;0;0;0;0;0;0;0;0;0;0
94;0;0;0;0;0;0;0;0;0;0;0;0;0;0;0;0;0;0
95;0;0;0;0;0;0;0;0;0;0;0;0;0;0;0;0;0;0
96;0;0;0;0;0;0;0;0;0;0;0;0;0;0;0;0;0;0
97;0;0;0;0;0;0;0;0;0;0;0;0;0;0;0;0;0;0
98;0;0;0;0;0;0;0;0;0;0;0;0;0;0;0;0;0;0
99;0;0;0;0;0;0;0;0;0;0;0;0;0;0;0;0;0;0
100 e oltre;0;0;0;0;0;0;0;0;0;0;0;0;0;0;0;0;0;0
Totale;5;6;15;14;17;23;46;56;90;78;78;83;72;70;58;51;53;58
