"Popolazione per età, vista per singola area - Comune: 071005 - Ascoli Satriano"

"Ricostruzione della popolazione intercensuaria - Popolazione al 1° gennaio per età"
"Tutte le cittadinanze - Comune: Ascoli Satriano"
Età/Anno;2002;2003;2004;2005;2006;2007;2008;2009;2010;2011;2012;2013;2014;2015;2016;2017;2018;2019
Età;Totale
0;58;49;60;55;68;58;56;47;51;69;55;54;62;44;36;49;53;44
1;67;61;49;60;56;69;62;55;43;55;71;52;54;66;44;36;49;53
2;59;68;62;50;60;55;68;61;56;45;54;70;54;55;64;45;36;49
3;65;63;71;63;50;62;55;68;61;58;47;55;70;56;56;64;46;39
4;67;65;64;71;64;50;59;55;68;61;57;50;54;70;57;53;62;45
5;54;65;66;66;69;65;53;60;55;69;62;58;50;53;74;57;54;60
6;70;55;66;67;68;68;68;54;64;56;70;63;59;52;53;72;61;54
7;71;70;56;67;67;68;67;66;57;68;58;71;68;57;51;51;72;61
8;75;72;70;57;68;66;68;63;67;56;68;56;72;66;56;52;55;71
9;72;78;73;69;60;70;66;66;65;68;56;69;57;71;65;56;53;56
10;87;71;77;72;71;60;69;66;66;65;66;55;68;58;70;66;56;54
11;66;85;72;77;69;70;61;70;66;68;65;63;54;68;56;72;61;56
12;92;67;82;72;75;67;70;60;71;66;68;65;62;55;68;55;70;62
13;72;93;66;81;73;74;69;69;62;72;66;68;66;62;55;67;58;72
14;81;73;89;66;80;73;72;69;67;64;73;67;70;65;63;54;66;58
15;74;81;73;90;67;80;72;71;72;67;62;75;68;69;64;63;56;66
16;85;74;81;77;89;66;77;73;73;74;68;63;77;67;68;64;58;53
17;94;83;72;81;77;89;67;77;73;75;73;67;63;75;67;63;65;58
18;91;94;83;73;85;76;93;68;76;76;74;74;68;63;73;67;63;67
19;100;92;92;82;70;81;78;93;70;74;77;76;74;69;64;71;68;63
20;92;102;88;90;80;72;76;77;93;74;76;79;77;72;68;63;71;68
21;103;90;104;82;93;81;71;78;79;94;76;75;79;74;71;69;57;70
22;80;100;81;104;81;89;81;73;75;79;93;78;76;85;75;70;71;53
23;107;77;103;82;99;81;88;80;72;74;78;96;82;79;81;75;69;72
24;85;104;80;102;83;99;78;87;77;69;73;76;95;75;76;79;73;72
25;98;85;99;77;94;81;94;76;81;84;70;74;77;96;78;76;79;75
26;79;94;91;100;76;94;80;90;76;87;84;70;78;79;95;74;72;78
27;102;78;89;90;95;77;89;75;90;72;85;83;74;79;80;98;68;67
28;85;101;83;87;89;97;75;89;79;88;73;82;85;70;79;79;94;69
29;81;81;98;89;91;87;97;78;87;79;87;67;85;85;72;73;80;95
30;95;80;86;99;90;91;90;99;68;80;79;84;65;79;81;71;71;75
31;80;90;83;91;94;88;93;90;102;69;80;76;86;67;78;80;66;69
32;99;81;92;85;85;94;86;87;88;103;71;79;76;86;67;73;83;66
33;84;95;81;92;80;84;94;77;86;85;105;71;80;72;81;65;73;77
34;98;79;94;82;88;74;83;96;74;83;85;100;75;77;69;79;68;72
35;98;94;78;95;79;86;78;82;99;76;80;84;99;74;76;71;76;67
36;98;96;94;83;97;75;92;77;85;103;77;81;85;102;79;75;71;78
37;97;93;94;94;82;93;76;93;77;90;101;77;86;78;102;80;74;71
38;98;98;93;96;97;81;97;77;97;76;87;104;78;88;80;96;82;72
39;95;98;99;94;100;99;83;94;81;102;74;87;102;78;87;80;98;83
40;95;95;98;95;88;101;104;87;93;78;104;74;87;100;79;87;76;98
41;80;95;93;99;97;88;102;106;88;93;78;103;72;85;99;75;88;76
42;109;80;95;94;100;95;92;100;106;88;94;78;104;77;86;100;76;90
43;96;107;77;97;93;98;104;92;98;104;88;92;74;105;77;85;95;79
44;86;96;108;77;96;92;97;101;90;102;104;84;91;73;105;78;85;97
45;89;86;97;109;77;97;91;97;103;91;104;105;87;93;72;102;75;84
46;89;88;86;98;111;80;97;87;96;107;93;103;102;86;93;72;103;75
47;93;88;92;87;100;112;81;95;90;96;104;93;100;100;88;92;75;102
48;76;92;88;86;87;101;111;82;95;92;99;103;91;99;99;88;95;79
49;55;76;91;88;86;85;101;109;83;93;93;97;101;91;100;97;87;95
50;73;56;78;92;85;85;83;102;106;81;95;94;98;98;93;100;95;86
51;77;74;56;78;93;84;85;81;102;109;81;92;92;98;99;92;100;94
52;69;76;72;55;78;93;85;84;84;101;111;79;92;91;99;100;93;97
53;77;66;76;72;58;76;93;85;84;84;101;105;81;91;90;98;99;94
54;73;79;67;76;73;59;75;91;86;84;84;103;105;82;92;86;100;98
55;64;73;80;70;77;70;58;73;96;86;82;84;102;107;82;93;87;102
56;39;65;75;82;71;76;71;59;72;95;86;82;85;105;102;82;92;87
57;53;41;66;74;83;68;78;70;62;74;96;87;81;85;106;98;81;91
58;54;53;41;66;74;81;67;75;68;60;72;96;87;80;84;106;97;82
59;62;52;53;43;69;73;84;67;75;68;60;72;93;86;82;80;104;92
60;54;63;52;53;45;68;72;83;64;73;67;60;72;91;84;82;84;102
61;61;53;66;48;52;45;66;71;82;64;74;66;61;76;91;85;82;82
62;60;59;49;67;50;52;45;66;70;81;64;71;65;59;76;90;85;83
63;55;52;59;49;66;47;52;43;63;69;82;64;70;65;59;75;89;87
64;61;53;52;61;49;67;49;52;42;60;69;79;64;70;65;59;75;85
65;70;62;53;54;59;51;64;49;49;42;61;69;78;64;71;64;57;77
66;61;70;63;53;52;60;51;62;46;50;42;61;67;78;61;71;64;56
67;65;61;70;64;55;50;60;52;62;46;50;41;59;65;75;61;71;63
68;78;63;60;67;61;53;47;60;52;62;45;51;40;58;65;76;58;69
69;55;77;62;56;65;58;53;46;56;51;62;44;51;40;56;65;76;58
70;71;54;72;60;54;66;58;51;46;55;48;60;44;51;39;56;66;75
71;78;68;51;71;61;53;62;58;49;45;53;46;60;42;51;38;56;64
72;66;76;69;48;72;59;53;64;57;48;46;51;45;60;43;50;35;55
73;73;64;71;69;47;71;57;55;62;57;47;46;48;44;56;40;49;35
74;65;71;62;68;69;46;70;53;53;63;56;47;42;48;43;55;38;47
75;54;62;70;62;69;64;44;66;55;52;61;53;46;43;47;44;57;38
76;45;54;59;65;61;66;62;43;62;55;49;61;52;45;40;47;44;56
77;55;40;52;53;63;58;67;61;43;60;53;49;57;49;44;39;45;42
78;55;54;36;50;52;63;57;68;62;43;58;51;46;57;46;42;39;42
79;40;51;51;35;47;50;57;52;64;57;43;54;46;47;56;47;41;34
80;47;40;50;49;34;44;50;53;47;60;57;42;50;44;44;50;46;39
81;32;41;37;47;44;32;43;46;49;45;57;55;40;50;44;44;46;46
82;31;29;38;36;48;46;28;42;44;45;45;54;51;37;49;43;39;41
83;22;29;28;36;31;46;41;29;38;41;45;43;50;49;36;47;38;37
84;17;23;28;25;33;30;38;42;27;38;38;41;42;46;47;34;42;37
85;20;15;20;27;24;33;26;38;39;27;33;33;36;38;40;44;33;39
86;23;17;14;20;26;25;28;21;31;34;23;30;30;34;28;36;34;31
87;14;19;17;13;17;25;22;22;19;30;34;22;26;28;33;25;31;33
88;20;11;18;16;12;16;22;22;23;18;27;28;19;23;27;30;23;28
89;13;16;12;17;13;11;14;20;17;19;15;25;25;18;20;22;26;20
90;13;9;14;7;15;15;7;14;21;12;16;15;21;18;14;20;20;23
91;10;11;9;11;6;13;11;5;13;19;12;14;10;15;15;12;16;18
92;7;8;9;8;10;6;12;10;5;11;19;10;12;7;10;12;7;8
93;11;4;6;7;5;7;2;10;9;3;9;16;9;12;5;9;9;8
94;1;8;2;6;3;4;4;3;5;7;2;6;12;8;10;3;9;8
95;3;1;6;2;5;2;2;3;2;4;7;1;4;7;7;7;2;6
96;1;1;1;5;1;2;0;2;2;3;2;5;0;2;6;7;8;1
97;3;1;1;0;5;1;2;1;0;1;3;1;3;0;1;6;6;5
98;2;2;1;1;0;2;1;2;2;1;1;1;0;2;0;1;5;5
99;2;2;2;1;0;0;2;1;1;1;0;0;1;0;2;1;1;3
100 e oltre;1;2;3;4;1;1;1;3;3;2;1;0;0;1;0;1;1;2
Totale;6378;6309;6318;6339;6337;6312;6312;6273;6262;6313;6329;6286;6289;6259;6212;6154;6114;6076
Età/Anno;2002;2003;2004;2005;2006;2007;2008;2009;2010;2011;2012;2013;2014;2015;2016;2017;2018;2019
Età;Maschi
0;30;29;34;28;33;33;34;26;27;39;33;29;31;25;20;21;30;25
1;35;30;29;34;28;34;35;32;24;31;41;31;29;33;25;20;21;31
2;25;35;31;29;33;27;34;35;34;25;30;36;33;29;31;24;20;21
3;37;28;37;32;28;34;26;35;35;36;28;31;36;34;30;31;26;23
4;40;37;29;36;33;28;32;27;34;35;36;30;30;37;36;27;33;25
5;22;39;38;30;38;33;31;32;28;34;37;37;29;30;39;35;28;32
6;44;24;40;37;31;37;35;32;34;30;35;37;39;29;30;38;38;28
7;34;43;23;41;37;30;36;34;33;36;32;35;39;37;28;28;40;38
8;40;34;43;23;42;37;31;34;35;32;35;32;35;39;37;28;28;41
9;35;43;34;42;25;44;38;32;35;36;32;35;31;35;39;37;28;29
10;46;34;42;34;42;26;43;38;31;34;34;31;36;31;35;39;37;28
11;36;45;35;42;32;41;26;43;38;31;34;31;31;36;29;35;37;37
12;47;37;42;35;40;32;41;26;44;38;31;34;30;31;36;30;33;36
13;41;47;36;42;36;39;35;40;27;45;38;31;35;30;31;36;33;33
14;41;41;45;36;42;36;37;34;37;29;46;40;33;33;31;30;35;33
15;38;41;39;46;36;42;35;36;35;37;29;48;41;33;33;30;32;35
16;50;38;40;42;43;36;40;36;36;35;38;29;47;40;33;33;27;32
17;44;49;38;40;42;42;37;40;36;37;35;37;28;48;40;31;34;28
18;47;45;48;38;42;42;46;37;40;38;37;35;36;28;46;39;32;36
19;53;46;43;48;35;42;43;45;40;38;38;37;35;35;28;45;39;33
20;48;54;44;42;47;36;38;43;45;43;40;38;36;35;36;28;45;39
21;49;47;56;40;45;48;36;39;44;44;43;41;38;36;34;36;25;42
22;43;46;45;57;41;41;47;36;38;45;43;44;42;44;36;33;38;22
23;57;41;48;45;55;37;40;45;36;38;44;46;47;43;41;36;34;38
24;35;55;41;48;44;53;35;37;46;36;38;43;46;42;42;41;36;36
25;41;36;54;39;43;45;50;34;35;46;37;38;42;46;44;41;41;37
26;48;42;40;53;39;44;43;50;34;37;47;38;38;42;45;43;39;39
27;54;47;40;40;53;41;42;39;49;32;37;46;39;38;44;46;40;36
28;52;54;50;38;40;53;41;42;41;47;33;36;48;39;39;46;43;40
29;35;51;51;50;40;41;53;42;41;40;47;30;36;48;39;37;46;44
30;48;36;54;51;50;42;42;52;38;38;40;46;29;32;47;38;35;42
31;35;46;38;59;49;49;41;43;54;38;38;40;49;29;34;46;34;36
32;51;38;47;37;55;47;46;41;43;53;38;39;41;51;28;30;47;34
33;44;48;39;46;36;52;43;41;40;40;54;39;39;37;46;26;30;45
34;49;40;46;40;43;32;52;46;38;38;41;54;40;40;36;45;29;30
35;49;46;42;48;42;41;35;50;47;38;37;41;52;39;39;38;45;30
36;48;48;46;44;49;41;43;35;53;49;38;37;43;55;41;37;37;47
37;48;47;48;46;42;45;42;43;34;55;51;39;40;41;52;44;37;36
38;42;48;49;50;45;41;46;43;45;33;52;54;42;41;42;51;47;36
39;51;42;47;50;52;47;43;46;44;50;33;53;54;42;40;40;51;49
40;46;51;41;44;47;52;50;45;48;44;51;34;55;52;43;40;37;52
41;40;47;50;41;46;48;51;53;45;47;45;51;33;52;52;39;40;39
42;53;40;47;51;43;44;51;50;51;46;49;46;50;34;52;52;40;41
43;38;51;38;48;49;42;49;51;49;51;47;48;45;49;35;51;51;42
44;42;37;52;38;47;48;42;46;51;53;51;45;48;45;49;35;51;51
45;47;40;38;53;38;47;49;42;48;51;55;52;48;49;44;48;34;51
46;45;45;42;38;54;38;49;48;43;51;51;56;50;48;47;43;48;34
47;55;44;47;43;40;55;39;47;49;43;47;51;54;49;51;47;44;48
48;37;53;44;43;43;40;54;39;47;49;43;46;50;53;49;51;49;44
49;20;36;52;44;44;42;40;52;40;45;51;43;45;49;54;49;50;49
50;38;21;37;52;41;45;41;39;49;38;47;51;43;45;49;53;47;49
51;40;38;20;37;52;40;45;41;39;49;36;46;52;42;45;48;53;48
52;46;40;36;20;36;52;41;43;44;38;50;36;45;52;42;46;49;52
53;47;45;41;36;22;35;52;41;43;43;38;49;36;44;52;41;46;50
54;34;47;44;41;37;23;34;52;42;43;43;39;49;36;44;48;42;45
55;30;34;48;47;42;36;22;34;52;42;43;43;39;49;37;45;47;44
56;19;30;34;48;48;42;37;22;33;50;42;45;43;39;46;37;44;47
57;26;21;31;34;49;47;42;36;24;33;51;41;45;42;39;44;36;43
58;26;26;21;31;34;49;46;39;35;23;32;51;42;44;42;39;43;38
59;33;25;26;22;32;32;50;46;39;35;23;33;49;41;44;41;38;40
60;25;33;24;25;24;32;32;49;45;39;35;23;33;48;41;44;43;37
61;28;25;35;21;25;24;33;32;49;45;39;35;25;35;47;41;44;42
62;24;27;25;35;22;25;24;33;32;49;45;38;35;24;35;47;41;45
63;30;21;27;25;35;19;25;24;33;32;49;44;37;35;24;35;48;43
64;30;28;21;29;25;36;21;25;23;31;32;46;44;37;35;24;35;46
65;35;29;28;23;27;25;34;21;22;23;32;32;47;46;38;34;23;36
66;29;36;30;28;21;28;26;33;18;23;23;32;30;47;44;38;34;23
67;24;28;37;29;29;20;29;25;33;18;23;23;31;29;46;44;37;33
68;38;23;27;35;26;27;19;29;25;33;17;24;21;31;29;46;41;36
69;21;38;23;23;33;23;27;19;26;25;33;17;23;21;28;29;47;40
70;33;21;35;22;22;34;23;26;19;26;24;33;16;23;20;28;30;46
71;42;31;20;35;21;22;30;24;27;19;25;23;34;16;23;20;28;29
72;27;39;32;19;35;19;21;31;23;26;20;23;23;34;17;23;17;28
73;31;25;34;32;19;35;18;21;30;24;26;20;21;22;30;16;23;17
74;28;30;23;33;33;18;34;17;20;31;24;26;17;22;22;30;14;22
75;25;26;29;23;32;30;16;31;18;20;29;22;25;18;22;22;30;14
76;16;24;23;24;23;31;29;16;27;18;20;29;21;24;17;22;22;29
77;27;15;21;21;23;22;31;28;16;27;18;20;27;19;24;17;21;20
78;22;25;13;21;19;23;21;31;29;17;27;18;19;27;17;22;17;20
79;15;21;24;14;21;20;19;20;27;25;17;24;16;19;26;17;21;13
80;15;15;20;23;14;19;18;18;16;27;25;17;22;15;18;22;18;19
81;14;10;12;19;18;12;17;16;17;15;25;24;16;22;15;18;21;17
82;15;13;7;12;18;18;9;15;16;17;15;22;20;14;21;14;16;17
83;10;14;12;7;10;16;15;9;13;13;17;14;20;20;13;19;13;15
84;5;11;12;11;6;9;13;16;9;14;11;15;14;17;20;12;16;13
85;7;5;9;11;9;6;8;13;16;10;12;9;10;12;16;18;13;13
86;5;7;5;10;11;9;4;5;10;13;9;11;7;9;8;14;13;12
87;7;5;6;5;7;11;9;4;5;10;13;10;9;6;8;8;11;12
88;7;7;3;6;4;7;9;9;4;4;8;11;7;8;5;8;7;10
89;3;5;7;3;5;3;6;8;5;3;4;8;11;7;7;4;6;6
90;4;1;3;4;3;6;1;6;8;3;2;4;6;8;5;7;2;5
91;4;4;1;2;2;3;3;1;5;8;3;2;3;2;8;5;6;2
92;4;3;3;1;1;1;2;3;1;5;8;3;2;2;1;6;2;5
93;3;2;3;3;0;0;0;1;3;1;3;6;3;2;2;1;5;2
94;1;3;1;3;0;0;0;0;1;2;1;2;4;2;1;1;1;4
95;0;1;3;1;3;0;0;0;0;1;2;1;0;2;2;0;0;0
96;0;0;1;2;1;1;0;0;0;0;1;2;0;0;2;2;0;0
97;1;0;0;0;2;1;0;0;0;0;0;1;1;0;0;2;2;0
98;0;0;0;0;0;0;1;0;0;1;0;0;0;0;0;0;1;1
99;0;0;0;0;0;0;0;1;0;0;0;0;0;0;0;0;0;1
100 e oltre;0;0;0;0;0;0;0;0;1;1;1;0;0;0;0;0;0;0
Totale;3129;3099;3099;3109;3101;3083;3084;3067;3071;3109;3143;3148;3146;3132;3115;3076;3068;3062
Età/Anno;2002;2003;2004;2005;2006;2007;2008;2009;2010;2011;2012;2013;2014;2015;2016;2017;2018;2019
Età;Femmine
0;28;20;26;27;35;25;22;21;24;30;22;25;31;19;16;28;23;19
1;32;31;20;26;28;35;27;23;19;24;30;21;25;33;19;16;28;22
2;34;33;31;21;27;28;34;26;22;20;24;34;21;26;33;21;16;28
3;28;35;34;31;22;28;29;33;26;22;19;24;34;22;26;33;20;16
4;27;28;35;35;31;22;27;28;34;26;21;20;24;33;21;26;29;20
5;32;26;28;36;31;32;22;28;27;35;25;21;21;23;35;22;26;28
6;26;31;26;30;37;31;33;22;30;26;35;26;20;23;23;34;23;26
7;37;27;33;26;30;38;31;32;24;32;26;36;29;20;23;23;32;23
8;35;38;27;34;26;29;37;29;32;24;33;24;37;27;19;24;27;30
9;37;35;39;27;35;26;28;34;30;32;24;34;26;36;26;19;25;27
10;41;37;35;38;29;34;26;28;35;31;32;24;32;27;35;27;19;26
11;30;40;37;35;37;29;35;27;28;37;31;32;23;32;27;37;24;19
12;45;30;40;37;35;35;29;34;27;28;37;31;32;24;32;25;37;26
13;31;46;30;39;37;35;34;29;35;27;28;37;31;32;24;31;25;39
14;40;32;44;30;38;37;35;35;30;35;27;27;37;32;32;24;31;25
15;36;40;34;44;31;38;37;35;37;30;33;27;27;36;31;33;24;31
16;35;36;41;35;46;30;37;37;37;39;30;34;30;27;35;31;31;21
17;50;34;34;41;35;47;30;37;37;38;38;30;35;27;27;32;31;30
18;44;49;35;35;43;34;47;31;36;38;37;39;32;35;27;28;31;31
19;47;46;49;34;35;39;35;48;30;36;39;39;39;34;36;26;29;30
20;44;48;44;48;33;36;38;34;48;31;36;41;41;37;32;35;26;29
21;54;43;48;42;48;33;35;39;35;50;33;34;41;38;37;33;32;28
22;37;54;36;47;40;48;34;37;37;34;50;34;34;41;39;37;33;31
23;50;36;55;37;44;44;48;35;36;36;34;50;35;36;40;39;35;34
24;50;49;39;54;39;46;43;50;31;33;35;33;49;33;34;38;37;36
25;57;49;45;38;51;36;44;42;46;38;33;36;35;50;34;35;38;38
26;31;52;51;47;37;50;37;40;42;50;37;32;40;37;50;31;33;39
27;48;31;49;50;42;36;47;36;41;40;48;37;35;41;36;52;28;31
28;33;47;33;49;49;44;34;47;38;41;40;46;37;31;40;33;51;29
29;46;30;47;39;51;46;44;36;46;39;40;37;49;37;33;36;34;51
30;47;44;32;48;40;49;48;47;30;42;39;38;36;47;34;33;36;33
31;45;44;45;32;45;39;52;47;48;31;42;36;37;38;44;34;32;33
32;48;43;45;48;30;47;40;46;45;50;33;40;35;35;39;43;36;32
33;40;47;42;46;44;32;51;36;46;45;51;32;41;35;35;39;43;32
34;49;39;48;42;45;42;31;50;36;45;44;46;35;37;33;34;39;42
35;49;48;36;47;37;45;43;32;52;38;43;43;47;35;37;33;31;37
36;50;48;48;39;48;34;49;42;32;54;39;44;42;47;38;38;34;31
37;49;46;46;48;40;48;34;50;43;35;50;38;46;37;50;36;37;35
38;56;50;44;46;52;40;51;34;52;43;35;50;36;47;38;45;35;36
39;44;56;52;44;48;52;40;48;37;52;41;34;48;36;47;40;47;34
40;49;44;57;51;41;49;54;42;45;34;53;40;32;48;36;47;39;46
41;40;48;43;58;51;40;51;53;43;46;33;52;39;33;47;36;48;37
42;56;40;48;43;57;51;41;50;55;42;45;32;54;43;34;48;36;49
43;58;56;39;49;44;56;55;41;49;53;41;44;29;56;42;34;44;37
44;44;59;56;39;49;44;55;55;39;49;53;39;43;28;56;43;34;46
45;42;46;59;56;39;50;42;55;55;40;49;53;39;44;28;54;41;33
46;44;43;44;60;57;42;48;39;53;56;42;47;52;38;46;29;55;41
47;38;44;45;44;60;57;42;48;41;53;57;42;46;51;37;45;31;54
48;39;39;44;43;44;61;57;43;48;43;56;57;41;46;50;37;46;35
49;35;40;39;44;42;43;61;57;43;48;42;54;56;42;46;48;37;46
50;35;35;41;40;44;40;42;63;57;43;48;43;55;53;44;47;48;37
51;37;36;36;41;41;44;40;40;63;60;45;46;40;56;54;44;47;46
52;23;36;36;35;42;41;44;41;40;63;61;43;47;39;57;54;44;45
53;30;21;35;36;36;41;41;44;41;41;63;56;45;47;38;57;53;44
54;39;32;23;35;36;36;41;39;44;41;41;64;56;46;48;38;58;53
55;34;39;32;23;35;34;36;39;44;44;39;41;63;58;45;48;40;58
56;20;35;41;34;23;34;34;37;39;45;44;37;42;66;56;45;48;40
57;27;20;35;40;34;21;36;34;38;41;45;46;36;43;67;54;45;48
58;28;27;20;35;40;32;21;36;33;37;40;45;45;36;42;67;54;44
59;29;27;27;21;37;41;34;21;36;33;37;39;44;45;38;39;66;52
60;29;30;28;28;21;36;40;34;19;34;32;37;39;43;43;38;41;65
61;33;28;31;27;27;21;33;39;33;19;35;31;36;41;44;44;38;40
62;36;32;24;32;28;27;21;33;38;32;19;33;30;35;41;43;44;38
63;25;31;32;24;31;28;27;19;30;37;33;20;33;30;35;40;41;44
64;31;25;31;32;24;31;28;27;19;29;37;33;20;33;30;35;40;39
65;35;33;25;31;32;26;30;28;27;19;29;37;31;18;33;30;34;41
66;32;34;33;25;31;32;25;29;28;27;19;29;37;31;17;33;30;33
67;41;33;33;35;26;30;31;27;29;28;27;18;28;36;29;17;34;30
68;40;40;33;32;35;26;28;31;27;29;28;27;19;27;36;30;17;33
69;34;39;39;33;32;35;26;27;30;26;29;27;28;19;28;36;29;18
70;38;33;37;38;32;32;35;25;27;29;24;27;28;28;19;28;36;29
71;36;37;31;36;40;31;32;34;22;26;28;23;26;26;28;18;28;35
72;39;37;37;29;37;40;32;33;34;22;26;28;22;26;26;27;18;27
73;42;39;37;37;28;36;39;34;32;33;21;26;27;22;26;24;26;18
74;37;41;39;35;36;28;36;36;33;32;32;21;25;26;21;25;24;25
75;29;36;41;39;37;34;28;35;37;32;32;31;21;25;25;22;27;24
76;29;30;36;41;38;35;33;27;35;37;29;32;31;21;23;25;22;27
77;28;25;31;32;40;36;36;33;27;33;35;29;30;30;20;22;24;22
78;33;29;23;29;33;40;36;37;33;26;31;33;27;30;29;20;22;22
79;25;30;27;21;26;30;38;32;37;32;26;30;30;28;30;30;20;21
80;32;25;30;26;20;25;32;35;31;33;32;25;28;29;26;28;28;20
81;18;31;25;28;26;20;26;30;32;30;32;31;24;28;29;26;25;29
82;16;16;31;24;30;28;19;27;28;28;30;32;31;23;28;29;23;24
83;12;15;16;29;21;30;26;20;25;28;28;29;30;29;23;28;25;22
84;12;12;16;14;27;21;25;26;18;24;27;26;28;29;27;22;26;24
85;13;10;11;16;15;27;18;25;23;17;21;24;26;26;24;26;20;26
86;18;10;9;10;15;16;24;16;21;21;14;19;23;25;20;22;21;19
87;7;14;11;8;10;14;13;18;14;20;21;12;17;22;25;17;20;21
88;13;4;15;10;8;9;13;13;19;14;19;17;12;15;22;22;16;18
89;10;11;5;14;8;8;8;12;12;16;11;17;14;11;13;18;20;14
90;9;8;11;3;12;9;6;8;13;9;14;11;15;10;9;13;18;18
91;6;7;8;9;4;10;8;4;8;11;9;12;7;13;7;7;10;16
92;3;5;6;7;9;5;10;7;4;6;11;7;10;5;9;6;5;3
93;8;2;3;4;5;7;2;9;6;2;6;10;6;10;3;8;4;6
94;0;5;1;3;3;4;4;3;4;5;1;4;8;6;9;2;8;4
95;3;0;3;1;2;2;2;3;2;3;5;0;4;5;5;7;2;6
96;1;1;0;3;0;1;0;2;2;3;1;3;0;2;4;5;8;1
97;2;1;1;0;3;0;2;1;0;1;3;0;2;0;1;4;4;5
98;2;2;1;1;0;2;0;2;2;0;1;1;0;2;0;1;4;4
99;2;2;2;1;0;0;2;0;1;1;0;0;1;0;2;1;1;2
100 e oltre;1;2;3;4;1;1;1;3;2;1;0;0;0;1;0;1;1;2
Totale;3249;3210;3219;3230;3236;3229;3228;3206;3191;3204;3186;3138;3143;3127;3097;3078;3046;3014

"Ricostruzione della popolazione intercensuaria - Popolazione al 1° gennaio per età"
"Cittadinanza italiana - Comune: Ascoli Satriano"
Età/Anno;2002;2003;2004;2005;2006;2007;2008;2009;2010;2011;2012;2013;2014;2015;2016;2017;2018;2019
Età;Totale
0;57;48;60;53;67;58;52;42;49;65;54;45;57;42;31;43;50;38
1;67;60;48;60;53;68;61;53;40;50;68;51;44;61;42;31;43;49
2;59;68;61;49;60;52;67;61;55;41;50;64;52;45;60;43;30;43
3;65;62;70;62;49;62;52;67;60;58;44;50;64;52;47;59;43;33
4;67;65;63;70;62;49;59;52;67;61;57;45;48;64;52;45;57;42
5;54;65;66;65;68;63;49;60;51;67;62;58;44;48;69;53;45;55
6;69;55;66;67;66;67;64;50;63;53;68;63;58;44;47;69;57;45
7;71;69;56;67;67;67;64;62;50;65;54;68;62;56;42;45;70;57
8;75;71;69;57;68;66;67;61;61;49;65;52;67;62;55;45;48;67
9;72;78;72;68;60;70;64;64;63;62;49;65;54;67;60;54;46;49
10;87;71;77;72;70;60;69;64;63;63;62;48;64;54;66;62;54;46
11;65;85;72;77;69;69;61;70;64;63;63;59;49;64;52;67;57;54
12;91;66;82;72;75;67;69;60;71;64;63;63;60;50;64;51;65;57
13;72;92;65;81;73;74;68;68;60;71;65;63;64;60;50;63;53;66
14;81;73;88;65;80;73;72;68;66;60;72;65;67;62;60;48;62;52
15;74;81;73;88;66;80;72;71;71;66;58;72;64;66;61;60;48;62
16;84;74;81;77;87;65;77;73;73;71;67;58;72;64;65;61;56;47
17;93;82;72;81;77;87;66;77;73;74;71;66;58;70;64;60;62;56
18;90;94;82;73;85;76;88;67;76;74;73;71;66;58;68;65;59;63
19;99;92;92;81;70;81;76;88;68;74;74;74;71;65;57;66;66;59
20;92;101;88;89;79;72;74;76;87;71;75;74;74;70;64;54;65;66
21;103;90;103;82;92;79;71;76;77;86;71;74;73;72;68;64;50;64
22;80;100;81;103;81;88;77;71;74;77;85;71;75;74;73;66;66;47
23;107;77;103;82;98;81;88;75;71;73;76;84;73;75;70;73;64;66
24;85;104;80;102;83;98;78;85;71;68;72;72;84;65;73;68;71;63
25;98;85;99;77;94;81;91;76;80;73;67;70;72;83;70;72;68;71
26;79;94;87;100;76;93;79;88;74;80;74;66;70;72;84;67;68;65
27;100;77;89;85;95;77;89;75;86;68;75;73;67;69;70;86;62;65
28;85;98;77;86;84;97;75;87;77;81;68;72;74;63;69;68;83;63
29;79;81;93;80;90;81;97;77;82;76;80;61;74;74;64;66;69;81
30;94;77;85;92;80;88;84;99;68;76;75;77;59;67;72;62;64;66
31;78;89;78;85;88;79;85;86;100;66;74;71;78;60;67;73;58;61
32;99;79;88;81;80;88;76;82;84;98;70;74;70;77;60;63;76;58
33;84;95;80;89;77;79;84;69;82;80;98;68;73;66;73;59;63;70
34;97;79;94;82;84;70;76;83;67;79;79;92;71;72;63;72;60;61
35;97;93;77;94;79;83;73;75;85;69;80;75;90;71;72;63;69;58
36;97;95;92;81;94;75;87;72;76;84;68;80;76;91;71;70;63;70
37;97;93;93;91;81;90;76;90;70;82;86;66;85;70;89;72;68;63
38;95;98;93;95;94;80;90;76;92;70;82;87;67;86;71;83;73;65
39;95;96;98;94;99;95;80;89;79;93;68;81;89;66;83;70;84;72
40;95;95;96;94;88;100;95;83;89;76;94;67;80;87;67;82;69;84
41;80;95;92;98;96;88;102;95;84;89;77;93;65;78;86;64;82;69
42;108;80;95;92;99;94;92;100;95;84;91;77;92;67;79;87;64;82
43;96;105;77;96;92;98;98;92;98;95;85;88;72;91;67;78;83;65
44;86;95;105;77;95;91;97;95;89;102;95;81;87;71;91;67;77;85
45;89;86;95;106;77;97;90;97;96;89;104;96;81;87;69;90;65;76
46;89;88;86;96;106;80;96;86;96;97;90;102;94;81;87;68;91;65
47;93;88;91;87;99;107;81;93;86;96;93;90;100;91;83;86;69;90
48;76;92;87;86;87;100;105;82;93;88;98;92;88;99;89;83;87;71
49;55;76;91;87;86;85;100;103;82;91;88;96;91;88;99;89;82;87
50;73;56;78;92;85;85;83;102;100;80;92;88;95;89;88;99;87;82
51;77;74;55;78;93;84;85;81;102;101;79;90;87;95;91;87;99;86
52;69;76;71;55;78;93;84;83;83;100;100;77;89;87;96;92;88;96
53;77;66;76;71;58;76;93;84;83;82;99;95;77;88;86;95;91;87
54;73;79;66;76;72;59;75;91;85;82;82;100;96;77;89;83;96;90
55;64;73;80;68;77;69;58;73;93;85;81;82;98;96;77;90;84;97
56;39;65;75;80;69;76;70;58;72;92;85;81;83;98;92;77;89;83
57;53;41;66;74;81;67;78;69;61;73;92;85;81;82;99;90;76;88
58;54;53;41;66;74;80;66;75;67;58;71;92;85;80;81;99;89;77
59;62;52;53;43;69;73;84;66;75;67;58;71;90;84;81;77;97;86
60;54;63;52;53;45;68;71;83;63;73;67;58;71;87;84;81;80;95
61;61;53;66;48;52;45;66;70;82;63;74;66;59;74;87;84;81;78
62;60;59;49;67;50;52;45;66;69;81;63;71;65;56;74;86;84;82
63;55;52;59;49;66;47;52;43;63;68;82;62;70;65;56;73;85;86
64;61;53;52;61;49;67;49;52;42;60;68;79;62;69;65;56;73;84
65;70;62;53;54;59;51;64;49;49;42;61;68;77;62;69;64;55;74
66;61;70;63;53;52;60;51;62;46;50;42;61;66;77;60;69;64;54
67;65;61;70;64;54;50;60;52;62;46;50;41;59;64;74;60;69;63
68;78;63;60;67;61;52;47;60;52;61;45;51;40;58;64;75;57;67
69;55;77;62;56;65;58;52;46;56;51;61;44;51;40;56;64;75;57
70;71;54;72;60;54;66;58;50;46;55;48;59;44;51;39;56;65;74
71;78;68;50;71;61;53;62;58;48;45;53;46;59;42;51;38;56;63
72;66;76;69;47;72;59;53;64;57;48;46;51;45;59;43;50;35;55
73;73;64;71;69;46;71;57;55;62;57;47;46;48;44;56;40;49;35
74;65;71;62;68;69;45;70;53;53;63;56;47;42;48;43;55;38;47
75;54;62;70;62;69;64;43;66;55;52;61;53;46;43;47;44;57;38
76;45;54;59;65;61;66;62;42;62;55;49;61;52;45;40;47;44;56
77;55;40;52;53;63;58;67;61;42;60;53;49;57;49;44;39;45;42
78;55;54;36;50;52;63;57;68;62;42;58;50;46;57;46;42;39;42
79;40;51;51;35;47;50;57;52;64;57;42;54;46;47;56;47;41;34
80;47;40;50;49;34;44;50;53;47;60;57;41;50;44;44;50;46;39
81;32;41;37;47;44;32;43;46;49;45;57;55;39;50;44;44;46;46
82;31;29;38;36;48;46;28;42;44;45;45;54;51;37;49;43;39;41
83;22;29;28;36;31;46;41;29;38;41;45;43;50;49;36;47;38;37
84;17;23;28;25;33;30;38;42;27;38;38;41;42;46;47;34;42;37
85;20;15;20;27;24;33;26;38;39;27;33;33;36;38;40;44;33;39
86;23;17;14;20;26;25;28;21;31;34;23;30;30;34;28;36;34;31
87;14;19;17;13;17;25;22;22;19;30;34;22;26;28;33;25;31;33
88;20;11;18;16;12;16;22;22;23;18;27;28;19;23;27;30;23;28
89;13;16;12;17;13;11;14;20;17;19;15;25;25;18;20;22;26;20
90;13;9;14;7;15;15;7;14;21;12;16;15;21;18;14;20;20;23
91;10;11;9;11;6;13;11;5;13;19;12;14;10;15;15;12;16;18
92;7;8;9;8;10;6;12;10;5;11;19;10;12;7;10;12;7;8
93;11;4;6;7;5;7;2;10;9;3;9;16;9;12;5;9;9;8
94;1;8;2;6;3;4;4;3;5;7;2;6;12;8;10;3;9;8
95;3;1;6;2;5;2;2;3;2;4;7;1;4;7;7;7;2;6
96;1;1;1;5;1;2;0;2;2;3;2;5;0;2;6;7;8;1
97;3;1;1;0;5;1;2;1;0;1;3;1;3;0;1;6;6;5
98;2;2;1;1;0;2;1;2;2;1;1;1;0;2;0;1;5;5
99;2;2;2;1;0;0;2;1;1;1;0;0;1;0;2;1;1;3
100 e oltre;1;2;3;4;1;1;1;3;3;2;1;0;0;1;0;1;1;2
Totale;6356;6283;6263;6267;6261;6236;6178;6134;6087;6078;6088;5989;5955;5889;5827;5768;5714;5645
Età/Anno;2002;2003;2004;2005;2006;2007;2008;2009;2010;2011;2012;2013;2014;2015;2016;2017;2018;2019
Età;Maschi
0;29;29;34;26;33;33;32;23;25;38;32;21;28;24;19;20;28;22
1;35;29;29;34;26;34;35;32;22;28;40;30;20;30;24;19;20;28
2;25;35;30;29;33;25;34;35;34;23;27;36;32;20;29;23;18;20
3;37;27;36;31;28;34;24;35;34;36;26;27;36;32;22;28;24;21
4;40;37;28;35;32;28;32;25;34;35;36;28;27;37;33;20;29;23
5;22;39;38;29;37;32;28;32;25;34;37;37;28;27;39;33;20;28
6;44;24;40;37;30;36;32;29;33;27;35;37;38;27;26;38;36;20
7;34;43;23;41;37;30;34;31;29;34;28;35;36;36;26;24;40;36
8;40;34;43;23;42;37;31;33;30;28;33;28;34;37;36;26;24;39
9;35;43;34;42;25;44;36;31;34;31;28;33;29;34;36;35;26;25
10;46;34;42;34;42;26;43;36;30;33;31;27;33;29;34;37;35;26
11;35;45;35;42;32;41;26;43;36;30;33;28;28;33;27;34;35;35
12;46;36;42;35;40;32;41;26;44;36;30;33;29;29;33;28;32;33
13;41;46;35;42;36;39;34;40;26;45;37;30;33;29;29;33;30;32
14;41;41;44;35;42;36;37;34;37;26;46;38;32;31;30;27;32;29
15;38;41;39;44;35;42;35;36;35;37;26;46;37;32;31;29;27;32
16;50;38;40;42;41;35;40;36;36;35;38;26;45;37;32;31;27;27
17;44;49;38;40;42;40;36;40;36;37;35;37;26;45;37;30;32;28
18;47;45;48;38;42;42;41;36;40;38;37;35;36;25;43;37;30;33
19;53;46;43;48;35;42;42;40;38;38;38;37;35;35;24;42;37;31
20;48;54;44;41;47;36;38;42;39;41;39;38;36;35;35;24;41;37
21;49;47;56;40;44;48;36;39;43;38;41;40;38;35;34;35;23;38
22;43;46;45;57;41;40;46;36;38;44;37;41;41;39;35;32;37;21
23;57;41;48;45;55;37;40;44;36;38;43;37;43;41;36;35;32;37
24;35;55;41;48;44;53;35;37;44;36;38;41;38;39;40;36;35;32
25;41;36;54;39;43;45;49;34;35;43;35;37;40;38;41;39;36;35
26;48;42;37;53;39;43;42;50;33;35;44;35;37;39;38;40;37;34
27;54;47;40;37;53;41;42;39;48;31;34;43;34;37;38;38;36;35
28;52;54;47;38;37;53;41;41;41;45;32;33;44;34;37;39;36;36
29;35;51;49;45;40;37;53;42;38;40;45;28;33;44;34;35;40;34
30;48;36;53;48;46;41;38;52;38;36;40;44;26;29;43;32;33;38
31;33;46;37;55;46;46;38;40;52;36;35;40;46;26;30;42;28;33
32;51;36;46;37;52;44;44;39;40;50;37;36;40;46;25;26;42;28
33;44;48;38;46;36;50;40;40;38;38;50;37;35;36;42;23;26;40
34;49;40;46;40;43;32;49;41;37;36;38;49;38;36;35;42;24;26
35;48;46;41;47;42;41;33;47;42;36;37;36;47;38;36;35;42;24
36;48;47;46;43;46;41;41;33;49;41;36;36;38;48;38;34;34;43
37;48;47;47;45;42;42;42;42;32;52;43;36;39;36;44;40;33;33
38;40;48;49;49;44;41;42;43;43;31;52;44;38;39;36;44;42;32
39;51;40;47;50;51;45;42;43;44;45;31;52;46;37;37;34;43;42
40;46;51;39;44;47;51;45;44;45;43;46;31;53;45;38;36;33;44
41;40;47;50;40;46;48;51;46;44;45;44;46;30;51;45;35;36;35
42;52;40;47;50;42;44;51;50;44;45;47;45;46;30;51;45;35;36
43;38;50;38;47;49;42;48;51;49;46;47;45;43;45;30;50;43;36
44;42;37;50;38;46;48;42;45;51;53;46;45;45;43;45;30;50;43
45;47;40;37;51;38;47;49;42;46;51;55;47;46;45;42;45;29;49
46;45;45;42;37;51;38;48;48;43;47;51;55;46;45;44;41;45;29
47;55;44;46;43;39;52;39;45;48;43;43;51;54;44;48;44;41;44
48;37;53;43;43;43;39;50;39;45;48;43;42;50;53;44;48;44;41
49;20;36;52;43;44;42;39;48;39;43;49;43;41;49;53;44;47;44
50;38;21;37;52;41;45;41;39;45;37;44;48;43;40;49;52;42;46
51;40;38;20;37;52;40;45;41;39;45;36;44;49;42;40;48;52;43
52;46;40;36;20;36;52;40;43;43;38;45;36;43;49;42;42;49;51
53;47;45;41;36;22;35;52;40;43;42;38;44;36;42;49;41;42;48
54;34;47;44;41;37;23;34;52;41;43;42;38;45;36;42;46;42;41
55;30;34;48;46;42;36;22;34;52;41;43;42;38;45;36;43;45;44
56;19;30;34;48;47;42;37;22;33;50;41;45;42;38;43;36;42;44
57;26;21;31;34;49;47;42;36;24;33;50;40;45;41;38;41;35;41
58;26;26;21;31;34;49;46;39;35;23;32;50;41;44;41;38;40;37
59;33;25;26;22;32;32;50;46;39;35;23;33;48;40;44;40;37;39
60;25;33;24;25;24;32;32;49;45;39;35;23;33;46;41;44;41;36
61;28;25;35;21;25;24;33;32;49;45;39;35;25;34;45;40;44;40
62;24;27;25;35;22;25;24;33;32;49;45;38;35;23;34;45;40;45
63;30;21;27;25;35;19;25;24;33;32;49;44;37;35;23;34;46;42
64;30;28;21;29;25;36;21;25;23;31;32;46;44;36;35;23;34;46
65;35;29;28;23;27;25;34;21;22;23;32;32;46;46;37;34;23;35
66;29;36;30;28;21;28;26;33;18;23;23;32;30;46;44;37;34;23
67;24;28;37;29;28;20;29;25;33;18;23;23;31;29;45;44;36;33
68;38;23;27;35;26;26;19;29;25;32;17;24;21;31;29;45;41;35
69;21;38;23;23;33;23;26;19;26;25;32;17;23;21;28;29;46;40
70;33;21;35;22;22;34;23;25;19;26;24;32;16;23;20;28;30;45
71;42;31;19;35;21;22;30;24;26;19;25;23;33;16;23;20;28;29
72;27;39;32;18;35;19;21;31;23;26;20;23;23;33;17;23;17;28
73;31;25;34;32;18;35;18;21;30;24;26;20;21;22;30;16;23;17
74;28;30;23;33;33;17;34;17;20;31;24;26;17;22;22;30;14;22
75;25;26;29;23;32;30;15;31;18;20;29;22;25;18;22;22;30;14
76;16;24;23;24;23;31;29;15;27;18;20;29;21;24;17;22;22;29
77;27;15;21;21;23;22;31;28;15;27;18;20;27;19;24;17;21;20
78;22;25;13;21;19;23;21;31;29;16;27;17;19;27;17;22;17;20
79;15;21;24;14;21;20;19;20;27;25;16;24;16;19;26;17;21;13
80;15;15;20;23;14;19;18;18;16;27;25;16;22;15;18;22;18;19
81;14;10;12;19;18;12;17;16;17;15;25;24;15;22;15;18;21;17
82;15;13;7;12;18;18;9;15;16;17;15;22;20;14;21;14;16;17
83;10;14;12;7;10;16;15;9;13;13;17;14;20;20;13;19;13;15
84;5;11;12;11;6;9;13;16;9;14;11;15;14;17;20;12;16;13
85;7;5;9;11;9;6;8;13;16;10;12;9;10;12;16;18;13;13
86;5;7;5;10;11;9;4;5;10;13;9;11;7;9;8;14;13;12
87;7;5;6;5;7;11;9;4;5;10;13;10;9;6;8;8;11;12
88;7;7;3;6;4;7;9;9;4;4;8;11;7;8;5;8;7;10
89;3;5;7;3;5;3;6;8;5;3;4;8;11;7;7;4;6;6
90;4;1;3;4;3;6;1;6;8;3;2;4;6;8;5;7;2;5
91;4;4;1;2;2;3;3;1;5;8;3;2;3;2;8;5;6;2
92;4;3;3;1;1;1;2;3;1;5;8;3;2;2;1;6;2;5
93;3;2;3;3;0;0;0;1;3;1;3;6;3;2;2;1;5;2
94;1;3;1;3;0;0;0;0;1;2;1;2;4;2;1;1;1;4
95;0;1;3;1;3;0;0;0;0;1;2;1;0;2;2;0;0;0
96;0;0;1;2;1;1;0;0;0;0;1;2;0;0;2;2;0;0
97;1;0;0;0;2;1;0;0;0;0;0;1;1;0;0;2;2;0
98;0;0;0;0;0;0;1;0;0;1;0;0;0;0;0;0;1;1
99;0;0;0;0;0;0;0;1;0;0;0;0;0;0;0;0;0;1
100 e oltre;0;0;0;0;0;0;0;0;1;1;1;0;0;0;0;0;0;0
Totale;3120;3089;3072;3072;3065;3049;3020;3005;2986;3009;3041;3013;3000;2966;2939;2897;2872;2847
Età/Anno;2002;2003;2004;2005;2006;2007;2008;2009;2010;2011;2012;2013;2014;2015;2016;2017;2018;2019
Età;Femmine
0;28;19;26;27;34;25;20;19;24;27;22;24;29;18;12;23;22;16
1;32;31;19;26;27;34;26;21;18;22;28;21;24;31;18;12;23;21
2;34;33;31;20;27;27;33;26;21;18;23;28;20;25;31;20;12;23
3;28;35;34;31;21;28;28;32;26;22;18;23;28;20;25;31;19;12
4;27;28;35;35;30;21;27;27;33;26;21;17;21;27;19;25;28;19
5;32;26;28;36;31;31;21;28;26;33;25;21;16;21;30;20;25;27
6;25;31;26;30;36;31;32;21;30;26;33;26;20;17;21;31;21;25
7;37;26;33;26;30;37;30;31;21;31;26;33;26;20;16;21;30;21
8;35;37;26;34;26;29;36;28;31;21;32;24;33;25;19;19;24;28
9;37;35;38;26;35;26;28;33;29;31;21;32;25;33;24;19;20;24
10;41;37;35;38;28;34;26;28;33;30;31;21;31;25;32;25;19;20
11;30;40;37;35;37;28;35;27;28;33;30;31;21;31;25;33;22;19
12;45;30;40;37;35;35;28;34;27;28;33;30;31;21;31;23;33;24
13;31;46;30;39;37;35;34;28;34;26;28;33;31;31;21;30;23;34
14;40;32;44;30;38;37;35;34;29;34;26;27;35;31;30;21;30;23
15;36;40;34;44;31;38;37;35;36;29;32;26;27;34;30;31;21;30
16;34;36;41;35;46;30;37;37;37;36;29;32;27;27;33;30;29;20
17;49;33;34;41;35;47;30;37;37;37;36;29;32;25;27;30;30;28
18;43;49;34;35;43;34;47;31;36;36;36;36;30;33;25;28;29;30
19;46;46;49;33;35;39;34;48;30;36;36;37;36;30;33;24;29;28
20;44;47;44;48;32;36;36;34;48;30;36;36;38;35;29;30;24;29
21;54;43;47;42;48;31;35;37;34;48;30;34;35;37;34;29;27;26
22;37;54;36;46;40;48;31;35;36;33;48;30;34;35;38;34;29;26
23;50;36;55;37;43;44;48;31;35;35;33;47;30;34;34;38;32;29
24;50;49;39;54;39;45;43;48;27;32;34;31;46;26;33;32;36;31
25;57;49;45;38;51;36;42;42;45;30;32;33;32;45;29;33;32;36
26;31;52;50;47;37;50;37;38;41;45;30;31;33;33;46;27;31;31
27;46;30;49;48;42;36;47;36;38;37;41;30;33;32;32;48;26;30
28;33;44;30;48;47;44;34;46;36;36;36;39;30;29;32;29;47;27
29;44;30;44;35;50;44;44;35;44;36;35;33;41;30;30;31;29;47
30;46;41;32;44;34;47;46;47;30;40;35;33;33;38;29;30;31;28
31;45;43;41;30;42;33;47;46;48;30;39;31;32;34;37;31;30;28
32;48;43;42;44;28;44;32;43;44;48;33;38;30;31;35;37;34;30
33;40;47;42;43;41;29;44;29;44;42;48;31;38;30;31;36;37;30
34;48;39;48;42;41;38;27;42;30;43;41;43;33;36;28;30;36;35
35;49;47;36;47;37;42;40;28;43;33;43;39;43;33;36;28;27;34
36;49;48;46;38;48;34;46;39;27;43;32;44;38;43;33;36;29;27
37;49;46;46;46;39;48;34;48;38;30;43;30;46;34;45;32;35;30
38;55;50;44;46;50;39;48;33;49;39;30;43;29;47;35;39;31;33
39;44;56;51;44;48;50;38;46;35;48;37;29;43;29;46;36;41;30
40;49;44;57;50;41;49;50;39;44;33;48;36;27;42;29;46;36;40
41;40;48;42;58;50;40;51;49;40;44;33;47;35;27;41;29;46;34
42;56;40;48;42;57;50;41;50;51;39;44;32;46;37;28;42;29;46
43;58;55;39;49;43;56;50;41;49;49;38;43;29;46;37;28;40;29
44;44;58;55;39;49;43;55;50;38;49;49;36;42;28;46;37;27;42
45;42;46;58;55;39;50;41;55;50;38;49;49;35;42;27;45;36;27
46;44;43;44;59;55;42;48;38;53;50;39;47;48;36;43;27;46;36
47;38;44;45;44;60;55;42;48;38;53;50;39;46;47;35;42;28;46
48;39;39;44;43;44;61;55;43;48;40;55;50;38;46;45;35;43;30
49;35;40;39;44;42;43;61;55;43;48;39;53;50;39;46;45;35;43
50;35;35;41;40;44;40;42;63;55;43;48;40;52;49;39;47;45;36
51;37;36;35;41;41;44;40;40;63;56;43;46;38;53;51;39;47;43
52;23;36;35;35;42;41;44;40;40;62;55;41;46;38;54;50;39;45
53;30;21;35;35;36;41;41;44;40;40;61;51;41;46;37;54;49;39
54;39;32;22;35;35;36;41;39;44;39;40;62;51;41;47;37;54;49
55;34;39;32;22;35;33;36;39;41;44;38;40;60;51;41;47;39;53
56;20;35;41;32;22;34;33;36;39;42;44;36;41;60;49;41;47;39
57;27;20;35;40;32;20;36;33;37;40;42;45;36;41;61;49;41;47
58;28;27;20;35;40;31;20;36;32;35;39;42;44;36;40;61;49;40
59;29;27;27;21;37;41;34;20;36;32;35;38;42;44;37;37;60;47
60;29;30;28;28;21;36;39;34;18;34;32;35;38;41;43;37;39;59
61;33;28;31;27;27;21;33;38;33;18;35;31;34;40;42;44;37;38
62;36;32;24;32;28;27;21;33;37;32;18;33;30;33;40;41;44;37
63;25;31;32;24;31;28;27;19;30;36;33;18;33;30;33;39;39;44
64;31;25;31;32;24;31;28;27;19;29;36;33;18;33;30;33;39;38
65;35;33;25;31;32;26;30;28;27;19;29;36;31;16;32;30;32;39
66;32;34;33;25;31;32;25;29;28;27;19;29;36;31;16;32;30;31
67;41;33;33;35;26;30;31;27;29;28;27;18;28;35;29;16;33;30
68;40;40;33;32;35;26;28;31;27;29;28;27;19;27;35;30;16;32
69;34;39;39;33;32;35;26;27;30;26;29;27;28;19;28;35;29;17
70;38;33;37;38;32;32;35;25;27;29;24;27;28;28;19;28;35;29
71;36;37;31;36;40;31;32;34;22;26;28;23;26;26;28;18;28;34
72;39;37;37;29;37;40;32;33;34;22;26;28;22;26;26;27;18;27
73;42;39;37;37;28;36;39;34;32;33;21;26;27;22;26;24;26;18
74;37;41;39;35;36;28;36;36;33;32;32;21;25;26;21;25;24;25
75;29;36;41;39;37;34;28;35;37;32;32;31;21;25;25;22;27;24
76;29;30;36;41;38;35;33;27;35;37;29;32;31;21;23;25;22;27
77;28;25;31;32;40;36;36;33;27;33;35;29;30;30;20;22;24;22
78;33;29;23;29;33;40;36;37;33;26;31;33;27;30;29;20;22;22
79;25;30;27;21;26;30;38;32;37;32;26;30;30;28;30;30;20;21
80;32;25;30;26;20;25;32;35;31;33;32;25;28;29;26;28;28;20
81;18;31;25;28;26;20;26;30;32;30;32;31;24;28;29;26;25;29
82;16;16;31;24;30;28;19;27;28;28;30;32;31;23;28;29;23;24
83;12;15;16;29;21;30;26;20;25;28;28;29;30;29;23;28;25;22
84;12;12;16;14;27;21;25;26;18;24;27;26;28;29;27;22;26;24
85;13;10;11;16;15;27;18;25;23;17;21;24;26;26;24;26;20;26
86;18;10;9;10;15;16;24;16;21;21;14;19;23;25;20;22;21;19
87;7;14;11;8;10;14;13;18;14;20;21;12;17;22;25;17;20;21
88;13;4;15;10;8;9;13;13;19;14;19;17;12;15;22;22;16;18
89;10;11;5;14;8;8;8;12;12;16;11;17;14;11;13;18;20;14
90;9;8;11;3;12;9;6;8;13;9;14;11;15;10;9;13;18;18
91;6;7;8;9;4;10;8;4;8;11;9;12;7;13;7;7;10;16
92;3;5;6;7;9;5;10;7;4;6;11;7;10;5;9;6;5;3
93;8;2;3;4;5;7;2;9;6;2;6;10;6;10;3;8;4;6
94;0;5;1;3;3;4;4;3;4;5;1;4;8;6;9;2;8;4
95;3;0;3;1;2;2;2;3;2;3;5;0;4;5;5;7;2;6
96;1;1;0;3;0;1;0;2;2;3;1;3;0;2;4;5;8;1
97;2;1;1;0;3;0;2;1;0;1;3;0;2;0;1;4;4;5
98;2;2;1;1;0;2;0;2;2;0;1;1;0;2;0;1;4;4
99;2;2;2;1;0;0;2;0;1;1;0;0;1;0;2;1;1;2
100 e oltre;1;2;3;4;1;1;1;3;2;1;0;0;0;1;0;1;1;2
Totale;3236;3194;3191;3195;3196;3187;3158;3129;3101;3069;3047;2976;2955;2923;2888;2871;2842;2798

"Ricostruzione della popolazione intercensuaria - Popolazione al 1° gennaio per età"
"Cittadinanza straniera - Comune: Ascoli Satriano"
Età/Anno;2002;2003;2004;2005;2006;2007;2008;2009;2010;2011;2012;2013;2014;2015;2016;2017;2018;2019
Età;Totale
0;1;1;0;2;1;0;4;5;2;4;1;9;5;2;5;6;3;6
1;0;1;1;0;3;1;1;2;3;5;3;1;10;5;2;5;6;4
2;0;0;1;1;0;3;1;0;1;4;4;6;2;10;4;2;6;6
3;0;1;1;1;1;0;3;1;1;0;3;5;6;4;9;5;3;6
4;0;0;1;1;2;1;0;3;1;0;0;5;6;6;5;8;5;3
5;0;0;0;1;1;2;4;0;4;2;0;0;6;5;5;4;9;5
6;1;0;0;0;2;1;4;4;1;3;2;0;1;8;6;3;4;9
7;0;1;0;0;0;1;3;4;7;3;4;3;6;1;9;6;2;4
8;0;1;1;0;0;0;1;2;6;7;3;4;5;4;1;7;7;4
9;0;0;1;1;0;0;2;2;2;6;7;4;3;4;5;2;7;7
10;0;0;0;0;1;0;0;2;3;2;4;7;4;4;4;4;2;8
11;1;0;0;0;0;1;0;0;2;5;2;4;5;4;4;5;4;2
12;1;1;0;0;0;0;1;0;0;2;5;2;2;5;4;4;5;5
13;0;1;1;0;0;0;1;1;2;1;1;5;2;2;5;4;5;6
14;0;0;1;1;0;0;0;1;1;4;1;2;3;3;3;6;4;6
15;0;0;0;2;1;0;0;0;1;1;4;3;4;3;3;3;8;4
16;1;0;0;0;2;1;0;0;0;3;1;5;5;3;3;3;2;6
17;1;1;0;0;0;2;1;0;0;1;2;1;5;5;3;3;3;2
18;1;0;1;0;0;0;5;1;0;2;1;3;2;5;5;2;4;4
19;1;0;0;1;0;0;2;5;2;0;3;2;3;4;7;5;2;4
20;0;1;0;1;1;0;2;1;6;3;1;5;3;2;4;9;6;2
21;0;0;1;0;1;2;0;2;2;8;5;1;6;2;3;5;7;6
22;0;0;0;1;0;1;4;2;1;2;8;7;1;11;2;4;5;6
23;0;0;0;0;1;0;0;5;1;1;2;12;9;4;11;2;5;6
24;0;0;0;0;0;1;0;2;6;1;1;4;11;10;3;11;2;9
25;0;0;0;0;0;0;3;0;1;11;3;4;5;13;8;4;11;4
26;0;0;4;0;0;1;1;2;2;7;10;4;8;7;11;7;4;13
27;2;1;0;5;0;0;0;0;4;4;10;10;7;10;10;12;6;2
28;0;3;6;1;5;0;0;2;2;7;5;10;11;7;10;11;11;6
29;2;0;5;9;1;6;0;1;5;3;7;6;11;11;8;7;11;14
30;1;3;1;7;10;3;6;0;0;4;4;7;6;12;9;9;7;9
31;2;1;5;6;6;9;8;4;2;3;6;5;8;7;11;7;8;8
32;0;2;4;4;5;6;10;5;4;5;1;5;6;9;7;10;7;8
33;0;0;1;3;3;5;10;8;4;5;7;3;7;6;8;6;10;7
34;1;0;0;0;4;4;7;13;7;4;6;8;4;5;6;7;8;11
35;1;1;1;1;0;3;5;7;14;7;0;9;9;3;4;8;7;9
36;1;1;2;2;3;0;5;5;9;19;9;1;9;11;8;5;8;8
37;0;0;1;3;1;3;0;3;7;8;15;11;1;8;13;8;6;8
38;3;0;0;1;3;1;7;1;5;6;5;17;11;2;9;13;9;7
39;0;2;1;0;1;4;3;5;2;9;6;6;13;12;4;10;14;11
40;0;0;2;1;0;1;9;4;4;2;10;7;7;13;12;5;7;14
41;0;0;1;1;1;0;0;11;4;4;1;10;7;7;13;11;6;7
42;1;0;0;2;1;1;0;0;11;4;3;1;12;10;7;13;12;8
43;0;2;0;1;1;0;6;0;0;9;3;4;2;14;10;7;12;14
44;0;1;3;0;1;1;0;6;1;0;9;3;4;2;14;11;8;12
45;0;0;2;3;0;0;1;0;7;2;0;9;6;6;3;12;10;8
46;0;0;0;2;5;0;1;1;0;10;3;1;8;5;6;4;12;10
47;0;0;1;0;1;5;0;2;4;0;11;3;0;9;5;6;6;12
48;0;0;1;0;0;1;6;0;2;4;1;11;3;0;10;5;8;8
49;0;0;0;1;0;0;1;6;1;2;5;1;10;3;1;8;5;8
50;0;0;0;0;0;0;0;0;6;1;3;6;3;9;5;1;8;4
51;0;0;1;0;0;0;0;0;0;8;2;2;5;3;8;5;1;8
52;0;0;1;0;0;0;1;1;1;1;11;2;3;4;3;8;5;1
53;0;0;0;1;0;0;0;1;1;2;2;10;4;3;4;3;8;7
54;0;0;1;0;1;0;0;0;1;2;2;3;9;5;3;3;4;8
55;0;0;0;2;0;1;0;0;3;1;1;2;4;11;5;3;3;5
56;0;0;0;2;2;0;1;1;0;3;1;1;2;7;10;5;3;4
57;0;0;0;0;2;1;0;1;1;1;4;2;0;3;7;8;5;3
58;0;0;0;0;0;1;1;0;1;2;1;4;2;0;3;7;8;5
59;0;0;0;0;0;0;0;1;0;1;2;1;3;2;1;3;7;6
60;0;0;0;0;0;0;1;0;1;0;0;2;1;4;0;1;4;7
61;0;0;0;0;0;0;0;1;0;1;0;0;2;2;4;1;1;4
62;0;0;0;0;0;0;0;0;1;0;1;0;0;3;2;4;1;1
63;0;0;0;0;0;0;0;0;0;1;0;2;0;0;3;2;4;1
64;0;0;0;0;0;0;0;0;0;0;1;0;2;1;0;3;2;1
65;0;0;0;0;0;0;0;0;0;0;0;1;1;2;2;0;2;3
66;0;0;0;0;0;0;0;0;0;0;0;0;1;1;1;2;0;2
67;0;0;0;0;1;0;0;0;0;0;0;0;0;1;1;1;2;0
68;0;0;0;0;0;1;0;0;0;1;0;0;0;0;1;1;1;2
69;0;0;0;0;0;0;1;0;0;0;1;0;0;0;0;1;1;1
70;0;0;0;0;0;0;0;1;0;0;0;1;0;0;0;0;1;1
71;0;0;1;0;0;0;0;0;1;0;0;0;1;0;0;0;0;1
72;0;0;0;1;0;0;0;0;0;0;0;0;0;1;0;0;0;0
73;0;0;0;0;1;0;0;0;0;0;0;0;0;0;0;0;0;0
74;0;0;0;0;0;1;0;0;0;0;0;0;0;0;0;0;0;0
75;0;0;0;0;0;0;1;0;0;0;0;0;0;0;0;0;0;0
76;0;0;0;0;0;0;0;1;0;0;0;0;0;0;0;0;0;0
77;0;0;0;0;0;0;0;0;1;0;0;0;0;0;0;0;0;0
78;0;0;0;0;0;0;0;0;0;1;0;1;0;0;0;0;0;0
79;0;0;0;0;0;0;0;0;0;0;1;0;0;0;0;0;0;0
80;0;0;0;0;0;0;0;0;0;0;0;1;0;0;0;0;0;0
81;0;0;0;0;0;0;0;0;0;0;0;0;1;0;0;0;0;0
82;0;0;0;0;0;0;0;0;0;0;0;0;0;0;0;0;0;0
83;0;0;0;0;0;0;0;0;0;0;0;0;0;0;0;0;0;0
84;0;0;0;0;0;0;0;0;0;0;0;0;0;0;0;0;0;0
85;0;0;0;0;0;0;0;0;0;0;0;0;0;0;0;0;0;0
86;0;0;0;0;0;0;0;0;0;0;0;0;0;0;0;0;0;0
87;0;0;0;0;0;0;0;0;0;0;0;0;0;0;0;0;0;0
88;0;0;0;0;0;0;0;0;0;0;0;0;0;0;0;0;0;0
89;0;0;0;0;0;0;0;0;0;0;0;0;0;0;0;0;0;0
90;0;0;0;0;0;0;0;0;0;0;0;0;0;0;0;0;0;0
91;0;0;0;0;0;0;0;0;0;0;0;0;0;0;0;0;0;0
92;0;0;0;0;0;0;0;0;0;0;0;0;0;0;0;0;0;0
93;0;0;0;0;0;0;0;0;0;0;0;0;0;0;0;0;0;0
94;0;0;0;0;0;0;0;0;0;0;0;0;0;0;0;0;0;0
95;0;0;0;0;0;0;0;0;0;0;0;0;0;0;0;0;0;0
96;0;0;0;0;0;0;0;0;0;0;0;0;0;0;0;0;0;0
97;0;0;0;0;0;0;0;0;0;0;0;0;0;0;0;0;0;0
98;0;0;0;0;0;0;0;0;0;0;0;0;0;0;0;0;0;0
99;0;0;0;0;0;0;0;0;0;0;0;0;0;0;0;0;0;0
100 e oltre;0;0;0;0;0;0;0;0;0;0;0;0;0;0;0;0;0;0
Totale;22;26;55;72;76;76;134;139;175;235;241;297;334;370;385;386;400;431
Età/Anno;2002;2003;2004;2005;2006;2007;2008;2009;2010;2011;2012;2013;2014;2015;2016;2017;2018;2019
Età;Maschi
0;1;0;0;2;0;0;2;3;2;1;1;8;3;1;1;1;2;3
1;0;1;0;0;2;0;0;0;2;3;1;1;9;3;1;1;1;3
2;0;0;1;0;0;2;0;0;0;2;3;0;1;9;2;1;2;1
3;0;1;1;1;0;0;2;0;1;0;2;4;0;2;8;3;2;2
4;0;0;1;1;1;0;0;2;0;0;0;2;3;0;3;7;4;2
5;0;0;0;1;1;1;3;0;3;0;0;0;1;3;0;2;8;4
6;0;0;0;0;1;1;3;3;1;3;0;0;1;2;4;0;2;8
7;0;0;0;0;0;0;2;3;4;2;4;0;3;1;2;4;0;2
8;0;0;0;0;0;0;0;1;5;4;2;4;1;2;1;2;4;2
9;0;0;0;0;0;0;2;1;1;5;4;2;2;1;3;2;2;4
10;0;0;0;0;0;0;0;2;1;1;3;4;3;2;1;2;2;2
11;1;0;0;0;0;0;0;0;2;1;1;3;3;3;2;1;2;2
12;1;1;0;0;0;0;0;0;0;2;1;1;1;2;3;2;1;3
13;0;1;1;0;0;0;1;0;1;0;1;1;2;1;2;3;3;1
14;0;0;1;1;0;0;0;0;0;3;0;2;1;2;1;3;3;4
15;0;0;0;2;1;0;0;0;0;0;3;2;4;1;2;1;5;3
16;0;0;0;0;2;1;0;0;0;0;0;3;2;3;1;2;0;5
17;0;0;0;0;0;2;1;0;0;0;0;0;2;3;3;1;2;0
18;0;0;0;0;0;0;5;1;0;0;0;0;0;3;3;2;2;3
19;0;0;0;0;0;0;1;5;2;0;0;0;0;0;4;3;2;2
20;0;0;0;1;0;0;0;1;6;2;1;0;0;0;1;4;4;2
21;0;0;0;0;1;0;0;0;1;6;2;1;0;1;0;1;2;4
22;0;0;0;0;0;1;1;0;0;1;6;3;1;5;1;1;1;1
23;0;0;0;0;0;0;0;1;0;0;1;9;4;2;5;1;2;1
24;0;0;0;0;0;0;0;0;2;0;0;2;8;3;2;5;1;4
25;0;0;0;0;0;0;1;0;0;3;2;1;2;8;3;2;5;2
26;0;0;3;0;0;1;1;0;1;2;3;3;1;3;7;3;2;5
27;0;0;0;3;0;0;0;0;1;1;3;3;5;1;6;8;4;1
28;0;0;3;0;3;0;0;1;0;2;1;3;4;5;2;7;7;4
29;0;0;2;5;0;4;0;0;3;0;2;2;3;4;5;2;6;10
30;0;0;1;3;4;1;4;0;0;2;0;2;3;3;4;6;2;4
31;2;0;1;4;3;3;3;3;2;2;3;0;3;3;4;4;6;3
32;0;2;1;0;3;3;2;2;3;3;1;3;1;5;3;4;5;6
33;0;0;1;0;0;2;3;1;2;2;4;2;4;1;4;3;4;5
34;0;0;0;0;0;0;3;5;1;2;3;5;2;4;1;3;5;4
35;1;0;1;1;0;0;2;3;5;2;0;5;5;1;3;3;3;6
36;0;1;0;1;3;0;2;2;4;8;2;1;5;7;3;3;3;4
37;0;0;1;1;0;3;0;1;2;3;8;3;1;5;8;4;4;3
38;2;0;0;1;1;0;4;0;2;2;0;10;4;2;6;7;5;4
39;0;2;0;0;1;2;1;3;0;5;2;1;8;5;3;6;8;7
40;0;0;2;0;0;1;5;1;3;1;5;3;2;7;5;4;4;8
41;0;0;0;1;0;0;0;7;1;2;1;5;3;1;7;4;4;4
42;1;0;0;1;1;0;0;0;7;1;2;1;4;4;1;7;5;5
43;0;1;0;1;0;0;1;0;0;5;0;3;2;4;5;1;8;6
44;0;0;2;0;1;0;0;1;0;0;5;0;3;2;4;5;1;8
45;0;0;1;2;0;0;0;0;2;0;0;5;2;4;2;3;5;2
46;0;0;0;1;3;0;1;0;0;4;0;1;4;3;3;2;3;5
47;0;0;1;0;1;3;0;2;1;0;4;0;0;5;3;3;3;4
48;0;0;1;0;0;1;4;0;2;1;0;4;0;0;5;3;5;3
49;0;0;0;1;0;0;1;4;1;2;2;0;4;0;1;5;3;5
50;0;0;0;0;0;0;0;0;4;1;3;3;0;5;0;1;5;3
51;0;0;0;0;0;0;0;0;0;4;0;2;3;0;5;0;1;5
52;0;0;0;0;0;0;1;0;1;0;5;0;2;3;0;4;0;1
53;0;0;0;0;0;0;0;1;0;1;0;5;0;2;3;0;4;2
54;0;0;0;0;0;0;0;0;1;0;1;1;4;0;2;2;0;4
55;0;0;0;1;0;0;0;0;0;1;0;1;1;4;1;2;2;0
56;0;0;0;0;1;0;0;0;0;0;1;0;1;1;3;1;2;3
57;0;0;0;0;0;0;0;0;0;0;1;1;0;1;1;3;1;2
58;0;0;0;0;0;0;0;0;0;0;0;1;1;0;1;1;3;1
59;0;0;0;0;0;0;0;0;0;0;0;0;1;1;0;1;1;1
60;0;0;0;0;0;0;0;0;0;0;0;0;0;2;0;0;2;1
61;0;0;0;0;0;0;0;0;0;0;0;0;0;1;2;1;0;2
62;0;0;0;0;0;0;0;0;0;0;0;0;0;1;1;2;1;0
63;0;0;0;0;0;0;0;0;0;0;0;0;0;0;1;1;2;1
64;0;0;0;0;0;0;0;0;0;0;0;0;0;1;0;1;1;0
65;0;0;0;0;0;0;0;0;0;0;0;0;1;0;1;0;0;1
66;0;0;0;0;0;0;0;0;0;0;0;0;0;1;0;1;0;0
67;0;0;0;0;1;0;0;0;0;0;0;0;0;0;1;0;1;0
68;0;0;0;0;0;1;0;0;0;1;0;0;0;0;0;1;0;1
69;0;0;0;0;0;0;1;0;0;0;1;0;0;0;0;0;1;0
70;0;0;0;0;0;0;0;1;0;0;0;1;0;0;0;0;0;1
71;0;0;1;0;0;0;0;0;1;0;0;0;1;0;0;0;0;0
72;0;0;0;1;0;0;0;0;0;0;0;0;0;1;0;0;0;0
73;0;0;0;0;1;0;0;0;0;0;0;0;0;0;0;0;0;0
74;0;0;0;0;0;1;0;0;0;0;0;0;0;0;0;0;0;0
75;0;0;0;0;0;0;1;0;0;0;0;0;0;0;0;0;0;0
76;0;0;0;0;0;0;0;1;0;0;0;0;0;0;0;0;0;0
77;0;0;0;0;0;0;0;0;1;0;0;0;0;0;0;0;0;0
78;0;0;0;0;0;0;0;0;0;1;0;1;0;0;0;0;0;0
79;0;0;0;0;0;0;0;0;0;0;1;0;0;0;0;0;0;0
80;0;0;0;0;0;0;0;0;0;0;0;1;0;0;0;0;0;0
81;0;0;0;0;0;0;0;0;0;0;0;0;1;0;0;0;0;0
82;0;0;0;0;0;0;0;0;0;0;0;0;0;0;0;0;0;0
83;0;0;0;0;0;0;0;0;0;0;0;0;0;0;0;0;0;0
84;0;0;0;0;0;0;0;0;0;0;0;0;0;0;0;0;0;0
85;0;0;0;0;0;0;0;0;0;0;0;0;0;0;0;0;0;0
86;0;0;0;0;0;0;0;0;0;0;0;0;0;0;0;0;0;0
87;0;0;0;0;0;0;0;0;0;0;0;0;0;0;0;0;0;0
88;0;0;0;0;0;0;0;0;0;0;0;0;0;0;0;0;0;0
89;0;0;0;0;0;0;0;0;0;0;0;0;0;0;0;0;0;0
90;0;0;0;0;0;0;0;0;0;0;0;0;0;0;0;0;0;0
91;0;0;0;0;0;0;0;0;0;0;0;0;0;0;0;0;0;0
92;0;0;0;0;0;0;0;0;0;0;0;0;0;0;0;0;0;0
93;0;0;0;0;0;0;0;0;0;0;0;0;0;0;0;0;0;0
94;0;0;0;0;0;0;0;0;0;0;0;0;0;0;0;0;0;0
95;0;0;0;0;0;0;0;0;0;0;0;0;0;0;0;0;0;0
96;0;0;0;0;0;0;0;0;0;0;0;0;0;0;0;0;0;0
97;0;0;0;0;0;0;0;0;0;0;0;0;0;0;0;0;0;0
98;0;0;0;0;0;0;0;0;0;0;0;0;0;0;0;0;0;0
99;0;0;0;0;0;0;0;0;0;0;0;0;0;0;0;0;0;0
100 e oltre;0;0;0;0;0;0;0;0;0;0;0;0;0;0;0;0;0;0
Totale;9;10;27;37;36;34;64;62;85;100;102;135;146;166;176;179;196;215
Età/Anno;2002;2003;2004;2005;2006;2007;2008;2009;2010;2011;2012;2013;2014;2015;2016;2017;2018;2019
Età;Femmine
0;0;1;0;0;1;0;2;2;0;3;0;1;2;1;4;5;1;3
1;0;0;1;0;1;1;1;2;1;2;2;0;1;2;1;4;5;1
2;0;0;0;1;0;1;1;0;1;2;1;6;1;1;2;1;4;5
3;0;0;0;0;1;0;1;1;0;0;1;1;6;2;1;2;1;4
4;0;0;0;0;1;1;0;1;1;0;0;3;3;6;2;1;1;1
5;0;0;0;0;0;1;1;0;1;2;0;0;5;2;5;2;1;1
6;1;0;0;0;1;0;1;1;0;0;2;0;0;6;2;3;2;1
7;0;1;0;0;0;1;1;1;3;1;0;3;3;0;7;2;2;2
8;0;1;1;0;0;0;1;1;1;3;1;0;4;2;0;5;3;2
9;0;0;1;1;0;0;0;1;1;1;3;2;1;3;2;0;5;3
10;0;0;0;0;1;0;0;0;2;1;1;3;1;2;3;2;0;6
11;0;0;0;0;0;1;0;0;0;4;1;1;2;1;2;4;2;0
12;0;0;0;0;0;0;1;0;0;0;4;1;1;3;1;2;4;2
13;0;0;0;0;0;0;0;1;1;1;0;4;0;1;3;1;2;5
14;0;0;0;0;0;0;0;1;1;1;1;0;2;1;2;3;1;2
15;0;0;0;0;0;0;0;0;1;1;1;1;0;2;1;2;3;1
16;1;0;0;0;0;0;0;0;0;3;1;2;3;0;2;1;2;1
17;1;1;0;0;0;0;0;0;0;1;2;1;3;2;0;2;1;2
18;1;0;1;0;0;0;0;0;0;2;1;3;2;2;2;0;2;1
19;1;0;0;1;0;0;1;0;0;0;3;2;3;4;3;2;0;2
20;0;1;0;0;1;0;2;0;0;1;0;5;3;2;3;5;2;0
21;0;0;1;0;0;2;0;2;1;2;3;0;6;1;3;4;5;2
22;0;0;0;1;0;0;3;2;1;1;2;4;0;6;1;3;4;5
23;0;0;0;0;1;0;0;4;1;1;1;3;5;2;6;1;3;5
24;0;0;0;0;0;1;0;2;4;1;1;2;3;7;1;6;1;5
25;0;0;0;0;0;0;2;0;1;8;1;3;3;5;5;2;6;2
26;0;0;1;0;0;0;0;2;1;5;7;1;7;4;4;4;2;8
27;2;1;0;2;0;0;0;0;3;3;7;7;2;9;4;4;2;1
28;0;3;3;1;2;0;0;1;2;5;4;7;7;2;8;4;4;2
29;2;0;3;4;1;2;0;1;2;3;5;4;8;7;3;5;5;4
30;1;3;0;4;6;2;2;0;0;2;4;5;3;9;5;3;5;5
31;0;1;4;2;3;6;5;1;0;1;3;5;5;4;7;3;2;5
32;0;0;3;4;2;3;8;3;1;2;0;2;5;4;4;6;2;2
33;0;0;0;3;3;3;7;7;2;3;3;1;3;5;4;3;6;2
34;1;0;0;0;4;4;4;8;6;2;3;3;2;1;5;4;3;7
35;0;1;0;0;0;3;3;4;9;5;0;4;4;2;1;5;4;3
36;1;0;2;1;0;0;3;3;5;11;7;0;4;4;5;2;5;4
37;0;0;0;2;1;0;0;2;5;5;7;8;0;3;5;4;2;5
38;1;0;0;0;2;1;3;1;3;4;5;7;7;0;3;6;4;3
39;0;0;1;0;0;2;2;2;2;4;4;5;5;7;1;4;6;4
40;0;0;0;1;0;0;4;3;1;1;5;4;5;6;7;1;3;6
41;0;0;1;0;1;0;0;4;3;2;0;5;4;6;6;7;2;3
42;0;0;0;1;0;1;0;0;4;3;1;0;8;6;6;6;7;3
43;0;1;0;0;1;0;5;0;0;4;3;1;0;10;5;6;4;8
44;0;1;1;0;0;1;0;5;1;0;4;3;1;0;10;6;7;4
45;0;0;1;1;0;0;1;0;5;2;0;4;4;2;1;9;5;6
46;0;0;0;1;2;0;0;1;0;6;3;0;4;2;3;2;9;5
47;0;0;0;0;0;2;0;0;3;0;7;3;0;4;2;3;3;8
48;0;0;0;0;0;0;2;0;0;3;1;7;3;0;5;2;3;5
49;0;0;0;0;0;0;0;2;0;0;3;1;6;3;0;3;2;3
50;0;0;0;0;0;0;0;0;2;0;0;3;3;4;5;0;3;1
51;0;0;1;0;0;0;0;0;0;4;2;0;2;3;3;5;0;3
52;0;0;1;0;0;0;0;1;0;1;6;2;1;1;3;4;5;0
53;0;0;0;1;0;0;0;0;1;1;2;5;4;1;1;3;4;5
54;0;0;1;0;1;0;0;0;0;2;1;2;5;5;1;1;4;4
55;0;0;0;1;0;1;0;0;3;0;1;1;3;7;4;1;1;5
56;0;0;0;2;1;0;1;1;0;3;0;1;1;6;7;4;1;1
57;0;0;0;0;2;1;0;1;1;1;3;1;0;2;6;5;4;1
58;0;0;0;0;0;1;1;0;1;2;1;3;1;0;2;6;5;4
59;0;0;0;0;0;0;0;1;0;1;2;1;2;1;1;2;6;5
60;0;0;0;0;0;0;1;0;1;0;0;2;1;2;0;1;2;6
61;0;0;0;0;0;0;0;1;0;1;0;0;2;1;2;0;1;2
62;0;0;0;0;0;0;0;0;1;0;1;0;0;2;1;2;0;1
63;0;0;0;0;0;0;0;0;0;1;0;2;0;0;2;1;2;0
64;0;0;0;0;0;0;0;0;0;0;1;0;2;0;0;2;1;1
65;0;0;0;0;0;0;0;0;0;0;0;1;0;2;1;0;2;2
66;0;0;0;0;0;0;0;0;0;0;0;0;1;0;1;1;0;2
67;0;0;0;0;0;0;0;0;0;0;0;0;0;1;0;1;1;0
68;0;0;0;0;0;0;0;0;0;0;0;0;0;0;1;0;1;1
69;0;0;0;0;0;0;0;0;0;0;0;0;0;0;0;1;0;1
70;0;0;0;0;0;0;0;0;0;0;0;0;0;0;0;0;1;0
71;0;0;0;0;0;0;0;0;0;0;0;0;0;0;0;0;0;1
72;0;0;0;0;0;0;0;0;0;0;0;0;0;0;0;0;0;0
73;0;0;0;0;0;0;0;0;0;0;0;0;0;0;0;0;0;0
74;0;0;0;0;0;0;0;0;0;0;0;0;0;0;0;0;0;0
75;0;0;0;0;0;0;0;0;0;0;0;0;0;0;0;0;0;0
76;0;0;0;0;0;0;0;0;0;0;0;0;0;0;0;0;0;0
77;0;0;0;0;0;0;0;0;0;0;0;0;0;0;0;0;0;0
78;0;0;0;0;0;0;0;0;0;0;0;0;0;0;0;0;0;0
79;0;0;0;0;0;0;0;0;0;0;0;0;0;0;0;0;0;0
80;0;0;0;0;0;0;0;0;0;0;0;0;0;0;0;0;0;0
81;0;0;0;0;0;0;0;0;0;0;0;0;0;0;0;0;0;0
82;0;0;0;0;0;0;0;0;0;0;0;0;0;0;0;0;0;0
83;0;0;0;0;0;0;0;0;0;0;0;0;0;0;0;0;0;0
84;0;0;0;0;0;0;0;0;0;0;0;0;0;0;0;0;0;0
85;0;0;0;0;0;0;0;0;0;0;0;0;0;0;0;0;0;0
86;0;0;0;0;0;0;0;0;0;0;0;0;0;0;0;0;0;0
87;0;0;0;0;0;0;0;0;0;0;0;0;0;0;0;0;0;0
88;0;0;0;0;0;0;0;0;0;0;0;0;0;0;0;0;0;0
89;0;0;0;0;0;0;0;0;0;0;0;0;0;0;0;0;0;0
90;0;0;0;0;0;0;0;0;0;0;0;0;0;0;0;0;0;0
91;0;0;0;0;0;0;0;0;0;0;0;0;0;0;0;0;0;0
92;0;0;0;0;0;0;0;0;0;0;0;0;0;0;0;0;0;0
93;0;0;0;0;0;0;0;0;0;0;0;0;0;0;0;0;0;0
94;0;0;0;0;0;0;0;0;0;0;0;0;0;0;0;0;0;0
95;0;0;0;0;0;0;0;0;0;0;0;0;0;0;0;0;0;0
96;0;0;0;0;0;0;0;0;0;0;0;0;0;0;0;0;0;0
97;0;0;0;0;0;0;0;0;0;0;0;0;0;0;0;0;0;0
98;0;0;0;0;0;0;0;0;0;0;0;0;0;0;0;0;0;0
99;0;0;0;0;0;0;0;0;0;0;0;0;0;0;0;0;0;0
100 e oltre;0;0;0;0;0;0;0;0;0;0;0;0;0;0;0;0;0;0
Totale;13;16;28;35;40;42;70;77;90;135;139;162;188;204;209;207;204;216
