"Popolazione per età, vista per singola area - Comune: 004203 - Saluzzo"

"Ricostruzione della popolazione intercensuaria - Popolazione al 1° gennaio per età"
"Tutte le cittadinanze - Comune: Saluzzo"
Età/Anno;2002;2003;2004;2005;2006;2007;2008;2009;2010;2011;2012;2013;2014;2015;2016;2017;2018;2019
Età;Totale
0;148;116;157;135;158;163;163;161;143;164;171;119;156;155;151;126;156;113
1;128;149;113;166;138;158;161;160;169;140;165;168;117;154;151;151;120;151
2;123;137;147;115;161;142;160;169;159;165;136;164;165;118;162;155;143;120
3;123;129;136;148;125;153;142;160;165;159;166;136;157;161;124;161;149;146
4;126;120;135;134;154;127;160;139;166;168;158;169;133;164;155;129;162;149
5;125;135;120;137;141;151;126;163;134;168;165;149;173;134;163;151;127;163
6;136;131;138;121;137;136;152;126;162;136;170;163;142;172;133;166;153;135
7;128;146;134;140;129;139;139;156;129;168;137;163;164;148;169;126;168;150
8;147;128;147;131;138;133;142;141;158;128;167;139;161;162;149;171;127;169
9;150;153;131;143;134;140;130;140;143;152;128;167;138;165;163;153;168;128
10;140;149;154;133;145;135;139;133;141;141;151;130;170;138;166;169;159;168
11;145;146;148;157;134;148;138;137;141;141;143;150;135;172;138;167;178;156
12;138;141;142;151;158;136;150;137;141;144;141;143;151;135;169;142;164;183
13;138;142;143;143;153;155;141;154;136;146;146;140;148;153;129;169;142;170
14;118;141;144;154;144;155;155;146;157;137;147;145;141;146;152;136;167;151
15;136;125;141;144;158;144;157;160;152;161;142;143;141;141;145;155;134;161
16;125;136;126;141;144;163;142;161;167;155;162;139;140;144;148;147;160;139
17;131;131;135;132;154;145;163;147;164;173;152;167;139;140;146;159;155;159
18;143;140;129;139;140;155;148;167;154;169;174;157;162;145;142;149;156;154
19;142;144;143;133;138;134;159;154;168;160;173;178;160;162;144;146;152;168
20;136;140;144;149;139;138;140;165;161;178;159;172;176;160;155;142;146;144
21;164;141;147;150;149;131;147;146;165;166;174;167;176;180;160;160;148;152
22;153;163;147;161;153;153;138;146;152;159;167;188;176;179;174;157;162;149
23;157;151;169;149;158;156;161;144;152;160;177;164;190;179;181;174;168;165
24;193;159;163;180;159;163;167;173;151;162;174;167;166;197;185;189;171;172
25;173;192;171;166;199;156;172;177;170;168;159;172;177;173;194;196;175;170
26;223;175;196;184;185;195;165;183;175;172;172;169;176;184;185;193;202;182
27;200;244;192;200;184;183;207;167;198;185;176;182;182;173;186;203;194;201
28;232;210;256;204;200;200;196;204;171;211;195;185;179;194;174;189;194;185
29;228;235;220;257;211;202;208;203;202;176;216;194;193;177;195;177;190;193
30;220;231;245;225;267;211;210;205;206;197;181;212;192;191;176;182;179;187
31;223;228;244;247;240;261;214;212;209;204;211;184;220;200;185;174;177;181
32;263;215;224;259;256;236;264;212;215;215;201;202;187;220;196;184;172;164
33;252;264;218;237;267;269;257;278;212;216;222;199;202;191;218;195;176;165
34;243;254;267;229;239;275;264;255;274;230;213;220;203;210;184;216;192;182
35;226;248;258;262;229;237;269;263;255;268;237;208;208;202;203;183;212;202
36;242;236;254;247;263;235;248;270;266;268;268;243;209;209;200;195;175;210
37;266;250;247;254;260;275;245;261;266;270;272;262;226;220;209;198;190;181
38;237;274;251;241;255;253;290;254;258;261;272;262;260;226;223;214;197;200
39;245;243;283;249;251;252;260;282;253;260;274;273;270;259;231;227;217;190
40;218;256;256;285;254;257;265;267;281;264;264;281;259;268;258;231;231;210
41;229;221;267;259;291;253;259;258;270;287;267;257;275;273;261;255;233;235
42;216;232;224;273;259;290;261;260;265;278;283;258;261;277;274;264;257;232
43;218;226;236;224;274;265;298;263;271;267;285;279;260;265;269;275;259;258
44;219;221;229;236;224;271;272;302;264;268;276;287;285;260;267;259;278;261
45;223;224;228;224;246;224;274;275;300;269;274;266;281;284;253;273;253;287
46;218;225;226;225;228;247;231;276;270;297;269;277;271;278;280;250;269;251
47;204;221;232;227;237;229;250;240;278;265;304;268;276;275;265;279;252;262
48;209;213;223;228;235;234;236;257;241;278;276;300;263;274;268;265;272;256
49;217;209;215;224;228;237;249;246;257;247;280;268;309;260;269;264;274;274
50;205;216;210;213;233;233;237;252;241;254;254;279;268;303;258;269;262;277
51;234;205;216;212;217;233;230;242;252;244;257;250;287;267;297;258;268;264
52;206;239;205;215;213;218;232;235;236;248;247;255;250;292;269;299;254;269
53;245;209;243;202;218;214;214;233;239;229;253;239;256;243;284;271;308;257
54;200;246;210;243;204;217;214;214;230;235;227;250;237;254;246;278;269;306
55;202;200;241;207;246;207;219;214;217;231;238;224;244;241;254;250;277;275
56;181;207;209;236;207;246;219;218;214;222;234;238;222;235;237;248;249;269
57;188;177;205;207;235;207;246;218;221;216;218;228;234;223;236;237;248;245
58;210;190;180;202;207;230;211;240;217;218;216;219;233;230;218;235;240;243
59;218;209;188;177;197;212;232;213;240;213;218;213;214;230;231;222;236;236
60;215;217;205;184;180;190;210;230;209;238;215;216;211;211;230;226;224;230
61;204;213;213;204;183;177;194;207;236;209;237;209;213;208;207;229;224;223
62;194;202;214;210;208;178;178;195;207;232;206;244;209;207;210;206;226;229
63;215;194;205;207;212;208;180;174;192;209;230;206;239;203;211;205;204;218
64;182;215;199;207;205;207;203;176;178;191;208;229;202;232;202;211;203;200
65;186;182;218;196;201;208;209;199;173;184;193;204;228;201;228;204;209;202
66;179;186;181;214;197;202;207;210;194;171;183;194;202;225;198;227;203;205
67;206;178;185;177;216;195;198;203;210;194;172;177;193;193;225;196;226;204
68;179;204;174;183;176;210;194;199;191;210;195;172;176;196;193;223;197;220
69;188;173;204;172;189;177;209;196;200;187;207;194;168;176;193;191;218;198
70;202;184;171;199;171;185;180;206;191;196;179;204;192;166;176;192;189;216
71;209;203;179;168;203;164;180;180;199;191;194;181;203;192;158;169;191;186
72;191;205;196;175;165;202;163;180;173;193;190;185;177;200;189;156;167;188
73;197;190;199;189;171;163;201;159;179;170;186;185;177;178;191;185;157;163
74;188;195;188;195;180;167;158;192;151;176;167;186;186;177;165;188;181;156
75;165;187;184;184;187;174;162;147;187;146;174;166;182;186;175;170;183;175
76;164;162;183;177;177;183;171;162;142;188;144;168;166;177;183;173;167;178
77;167;159;159;180;168;175;178;169;162;144;175;141;168;166;172;181;167;162
78;154;156;153;151;175;166;172;175;171;155;137;172;144;166;154;172;173;160
79;171;147;148;151;145;169;154;166;167;164;148;132;165;143;158;151;165;165
80;115;158;132;144;145;139;162;148;161;161;154;140;127;162;138;155;149;162
81;114;110;148;126;136;136;133;154;143;153;157;147;133;117;151;129;144;141
82;86;105;103;141;117;136;130;119;148;132;146;149;139;124;108;143;121;139
83;55;83;97;99;129;106;125;122;113;138;122;135;131;131;117;101;139;115
84;60;52;80;88;90;123;98;114;107;106;129;108;129;121;119;109;95;128
85;77;50;51;72;79;86;115;89;106;95;100;120;97;119;116;111;96;87
86;78;73;45;47;63;67;75;105;79;99;91;91;110;88;108;103;101;87
87;54;65;63;44;42;55;60;73;93;67;85;83;87;101;77;92;93;92
88;62;50;57;54;42;44;47;55;65;87;55;72;69;77;94;69;84;83
89;42;58;37;53;50;36;38;41;42;62;72;43;60;63;63;71;59;75
90;35;32;50;36;50;37;32;36;34;35;50;59;38;49;56;56;67;53
91;28;30;28;40;31;37;33;27;32;32;30;46;48;33;43;49;47;58
92;26;21;24;18;31;28;31;28;21;27;31;26;39;40;28;38;36;38
93;21;23;16;21;17;24;18;22;21;16;20;24;20;35;30;18;34;28
94;19;15;17;14;14;15;18;17;17;18;10;15;19;13;25;24;15;25
95;12;14;11;12;11;11;9;15;14;14;17;6;13;14;7;21;21;11
96;7;5;10;10;10;9;8;7;13;13;9;11;5;9;13;7;18;11
97;5;5;2;7;8;5;6;6;4;11;8;6;7;4;5;11;6;13
98;3;5;1;2;5;3;3;1;4;1;7;7;5;4;3;3;9;5
99;1;2;2;1;2;5;3;2;0;4;0;4;6;3;3;3;1;5
100 e oltre;2;2;4;5;5;7;6;5;5;6;5;5;5;10;6;5;5;7
Totale;15884;16048;16238;16323;16586;16626;16889;17045;17098;17256;17392;17252;17234;17285;17135;17131;17080;17016
Età/Anno;2002;2003;2004;2005;2006;2007;2008;2009;2010;2011;2012;2013;2014;2015;2016;2017;2018;2019
Età;Maschi
0;72;63;86;67;75;85;77;94;73;83;92;65;82;88;79;63;83;70
1;68;75;62;92;69;77;85;75;103;67;83;86;65;80;84;84;62;84
2;65;74;76;61;86;68;80;87;75;103;67;84;88;66;83;84;82;62
3;69;69;74;76;69;84;65;80;81;72;103;69;81;86;69;85;83;87
4;65;69;73;71;79;68;88;65;80;86;74;105;71;85;81;74;86;83
5;59;70;69;74;76;78;67;89;62;80;84;71;104;71;87;76;73;89
6;76;64;75;68;75;75;79;67;89;65;82;84;71;99;70;90;76;77
7;72;79;68;75;71;74;73;79;66;92;68;81;85;75;97;65;90;75
8;70;75;79;65;73;73;77;75;81;64;93;70;81;86;77;97;68;90
9;69;74;76;76;63;72;71;74;77;80;64;93;71;82;88;78;97;68
10;68;68;77;76;76;62;72;73;73;76;82;65;94;70;83;94;80;96
11;65;68;69;77;75;74;64;71;79;74;75;82;67;94;70;86;98;76
12;65;66;68;71;78;76;75;65;74;81;73;74;82;67;95;72;80;98
13;85;66;67;70;74;76;81;76;64;77;81;73;75;82;63;96;71;86
14;54;86;68;74;69;75;77;83;77;66;78;80;72;75;83;68;96;77
15;75;57;83;66;75;68;78;80;84;80;69;75;79;75;77;87;68;93
16;73;73;59;82;64;78;68;82;86;86;81;68;74;80;79;78;89;70
17;68;77;73;65;87;64;80;69;82;89;85;81;68;74;79;84;84;87
18;60;76;76;75;68;87;64;84;70;85;90;85;78;70;75;81;85;82
19;73;59;77;75;75;65;87;65;81;71;90;92;86;76;70;76;83;86
20;77;71;57;75;78;69;67;89;69;86;72;88;89;88;72;68;76;77
21;88;81;74;59;74;73;72;73;92;75;87;77;88;87;84;76;73;79
22;77;87;81;80;63;76;77;71;74;91;79;89;79;89;83;83;79;70
23;94;74;92;80;81;68;76;80;77;75;99;74;91;80;89;83;90;80
24;92;92;80;97;84;85;74;77;82;84;83;97;74;94;81;92;84;92
25;91;91;95;82;107;84;90;79;73;91;84;79;102;82;96;86;86;86
26;126;95;92;101;90;100;90;91;77;75;91;95;83;106;90;95;92;88
27;97;133;104;95;101;94;112;94;97;78;81;100;101;79;107;98;96;91
28;122;101;138;109;90;108;97;113;88;99;84;94;98;108;75;107;93;86
29;110;123;104;143;111;94;116;102;106;87;110;83;105;96;105;78;110;96
30;112;108;131;105;144;107;105;113;102;103;89;109;84;102;93;98;82;107
31;117;113;115;134;115;147;111;109;118;97;111;85;117;94;100;92;99;83
32;145;113;113;127;137;112;152;113;107;122;97;109;90;116;92;98;92;89
33;120;145;112;119;132;141;122;157;113;107;130;97;112;90;110;95;91;90
34;130;121;144;120;116;136;138;122;156;122;104;130;101;112;87;107;91;89
35;114;133;128;144;114;120;136;135;118;147;126;103;125;99;108;92;100;97
36;125;120;133;122;145;116;128;139;131;124;144;132;106;128;99;104;85;100
37;118;132;126;136;129;155;126;135;132;136;129;137;121;113;125;98;102;87
38;118;123;130;123;142;126;170;131;130;127;140;120;131;119;115;128;98;103
39;115;124;127;127;127;137;129;160;133;131;141;138;121;133;122;117;128;94
40;100;119;130;128;127;128;144;130;160;141;135;143;132;120;133;121;118;122
41;128;102;129;130;136;128;129;138;130;164;144;136;140;140;119;131;125;119
42;106;134;104;133;131;138;130;127;140;136;157;137;131;145;140;120;129;124
43;112;117;132;99;134;136;144;133;133;141;144;157;135;134;138;136;117;129
44;106;115;120;130;100;133;135;146;128;132;146;142;156;135;137;130;132;119
45;100;113;117;116;133;98;133;133;145;130;134;145;136;158;127;139;125;135
46;121;102;113;115;118;133;103;131;132;141;136;134;142;134;156;126;139;122
47;104;125;108;111;120;119;139;107;130;126;147;136;128;144;128;155;126;137
48;103;112;126;107;114;116;123;143;111;135;138;145;132;131;142;129;150;131
49;117;104;114;121;106;113;126;126;145;119;134;130;150;128;130;140;133;157
50;99;118;107;115;127;108;114;127;122;141;124;132;128;148;126;132;138;131
51;110;98;118;107;116;127;110;116;123;123;144;120;137;130;145;121;131;140
52;104;114;96;119;109;119;126;114;113;121;123;144;117;141;131;142;118;130
53;116;106;116;94;121;109;114;128;116;104;125;118;145;115;135;135;146;120
54;102;115;106;118;97;117;111;111;128;111;107;119;114;144;116;129;136;144
55;95;100;114;103;118;98;118;112;113;127;113;107;114;117;145;120;128;139
56;94;98;106;111;103;119;106;119;113;116;129;111;105;110;117;141;116;124
57;97;92;96;106;110;107;119;106;115;115;115;125;109;105;111;119;140;113
58;112;100;95;95;104;105;107;116;105;109;116;112;129;106;103;111;121;134
59;105;109;99;93;92;105;104;107;112;103;110;114;111;127;106;106;112;119
60;109;105;107;94;95;87;100;103;102;114;106;110;114;109;124;104;105;107
61;93;107;102;104;94;92;90;100;106;99;114;99;109;112;108;123;104;103
62;86;93;108;100;106;90;90;91;99;105;98;117;97;108;111;108;119;106
63;91;85;96;105;99;107;93;87;88;102;104;100;116;94;110;107;107;115
64;97;91;91;93;104;97;104;90;89;86;101;107;97;110;96;109;107;104
65;94;98;91;89;89;106;96;100;89;92;87;98;107;96;108;98;104;104
66;82;92;96;89;93;90;106;96;98;88;90;87;96;106;96;108;97;101
67;95;82;90;92;91;91;87;105;98;98;88;86;86;89;103;90;106;97
68;79;94;79;89;89;87;91;87;100;96;100;86;86;88;91;103;91;101
69;84;77;93;78;91;88;89;93;87;97;95;98;84;87;85;89;96;90
70;80;83;75;89;77;88;88;87;89;85;91;90;95;82;87;85;85;97
71;90;79;81;73;91;71;86;90;84;88;84;92;88;94;75;82;86;84
72;72;89;75;80;71;93;70;85;86;80;90;79;89;85;94;74;81;79
73;77;68;87;71;77;70;93;70;87;82;76;86;74;90;83;90;75;77
74;69;78;66;84;66;76;66;89;62;84;82;76;83;75;78;83;90;73
75;61;70;72;63;78;63;73;63;89;60;82;82;74;85;73;80;79;89
76;54;58;69;66;61;77;64;74;60;88;59;77;81;72;85;72;77;73
77;62;50;53;66;62;58;73;62;72;61;80;57;77;81;70;84;69;73
78;76;57;48;48;64;62;58;71;61;72;57;79;60;75;71;68;83;65
79;64;72;55;46;44;58;55;55;70;60;68;54;75;58;70;68;68;79
80;40;60;62;55;44;39;52;52;54;66;55;62;51;74;56;69;66;67
81;48;35;54;57;52;42;38;46;50;49;64;51;60;47;67;50;66;60
82;36;42;30;52;53;52;38;35;43;46;44;60;46;56;44;63;48;63
83;20;34;37;28;46;45;48;34;28;40;42;42;52;42;50;41;60;40
84;15;18;31;32;22;44;43;40;29;26;37;38;40;45;37;45;38;57
85;23;12;16;28;28;19;43;40;35;23;25;34;31;38;42;32;38;35
86;25;22;10;13;24;26;16;41;36;34;20;22;34;27;34;32;30;31
87;18;19;19;9;12;23;23;16;36;29;31;19;23;30;24;28;26;30
88;12;19;17;13;9;13;18;19;14;28;22;28;17;19;27;19;21;19
89;10;13;11;16;11;6;11;13;15;14;23;19;22;15;17;14;17;17
90;7;5;12;11;15;8;5;10;11;11;11;21;18;17;14;14;14;16
91;3;7;4;6;8;11;7;3;10;8;8;12;19;15;14;14;10;13
92;11;2;4;3;5;7;9;5;2;7;9;6;9;15;10;12;11;8
93;4;11;2;3;3;4;2;5;5;2;4;6;6;8;11;7;9;6
94;3;4;6;2;0;2;3;1;5;6;2;4;4;3;6;9;5;5
95;3;3;3;3;2;0;1;2;2;5;6;1;4;1;1;5;9;4
96;0;1;3;3;3;2;0;1;0;3;4;4;1;2;1;1;4;4
97;1;0;0;1;1;1;3;0;1;0;2;2;1;1;2;0;0;2
98;1;1;0;0;0;1;0;1;0;1;0;2;2;1;1;1;0;0
99;0;1;1;0;0;0;1;0;0;0;0;0;2;0;1;1;1;0
100 e oltre;0;0;2;2;2;2;1;1;1;1;0;0;0;2;1;1;1;2
Totale;7585;7718;7835;7841;7955;7981;8165;8249;8239;8305;8477;8419;8413;8462;8385;8379;8364;8305
Età/Anno;2002;2003;2004;2005;2006;2007;2008;2009;2010;2011;2012;2013;2014;2015;2016;2017;2018;2019
Età;Femmine
0;76;53;71;68;83;78;86;67;70;81;79;54;74;67;72;63;73;43
1;60;74;51;74;69;81;76;85;66;73;82;82;52;74;67;67;58;67
2;58;63;71;54;75;74;80;82;84;62;69;80;77;52;79;71;61;58
3;54;60;62;72;56;69;77;80;84;87;63;67;76;75;55;76;66;59
4;61;51;62;63;75;59;72;74;86;82;84;64;62;79;74;55;76;66
5;66;65;51;63;65;73;59;74;72;88;81;78;69;63;76;75;54;74
6;60;67;63;53;62;61;73;59;73;71;88;79;71;73;63;76;77;58
7;56;67;66;65;58;65;66;77;63;76;69;82;79;73;72;61;78;75
8;77;53;68;66;65;60;65;66;77;64;74;69;80;76;72;74;59;79
9;81;79;55;67;71;68;59;66;66;72;64;74;67;83;75;75;71;60
10;72;81;77;57;69;73;67;60;68;65;69;65;76;68;83;75;79;72
11;80;78;79;80;59;74;74;66;62;67;68;68;68;78;68;81;80;80
12;73;75;74;80;80;60;75;72;67;63;68;69;69;68;74;70;84;85
13;53;76;76;73;79;79;60;78;72;69;65;67;73;71;66;73;71;84
14;64;55;76;80;75;80;78;63;80;71;69;65;69;71;69;68;71;74
15;61;68;58;78;83;76;79;80;68;81;73;68;62;66;68;68;66;68
16;52;63;67;59;80;85;74;79;81;69;81;71;66;64;69;69;71;69
17;63;54;62;67;67;81;83;78;82;84;67;86;71;66;67;75;71;72
18;83;64;53;64;72;68;84;83;84;84;84;72;84;75;67;68;71;72
19;69;85;66;58;63;69;72;89;87;89;83;86;74;86;74;70;69;82
20;59;69;87;74;61;69;73;76;92;92;87;84;87;72;83;74;70;67
21;76;60;73;91;75;58;75;73;73;91;87;90;88;93;76;84;75;73
22;76;76;66;81;90;77;61;75;78;68;88;99;97;90;91;74;83;79
23;63;77;77;69;77;88;85;64;75;85;78;90;99;99;92;91;78;85
24;101;67;83;83;75;78;93;96;69;78;91;70;92;103;104;97;87;80
25;82;101;76;84;92;72;82;98;97;77;75;93;75;91;98;110;89;84
26;97;80;104;83;95;95;75;92;98;97;81;74;93;78;95;98;110;94
27;103;111;88;105;83;89;95;73;101;107;95;82;81;94;79;105;98;110
28;110;109;118;95;110;92;99;91;83;112;111;91;81;86;99;82;101;99
29;118;112;116;114;100;108;92;101;96;89;106;111;88;81;90;99;80;97
30;108;123;114;120;123;104;105;92;104;94;92;103;108;89;83;84;97;80
31;106;115;129;113;125;114;103;103;91;107;100;99;103;106;85;82;78;98
32;118;102;111;132;119;124;112;99;108;93;104;93;97;104;104;86;80;75
33;132;119;106;118;135;128;135;121;99;109;92;102;90;101;108;100;85;75
34;113;133;123;109;123;139;126;133;118;108;109;90;102;98;97;109;101;93
35;112;115;130;118;115;117;133;128;137;121;111;105;83;103;95;91;112;105
36;117;116;121;125;118;119;120;131;135;144;124;111;103;81;101;91;90;110
37;148;118;121;118;131;120;119;126;134;134;143;125;105;107;84;100;88;94
38;119;151;121;118;113;127;120;123;128;134;132;142;129;107;108;86;99;97
39;130;119;156;122;124;115;131;122;120;129;133;135;149;126;109;110;89;96
40;118;137;126;157;127;129;121;137;121;123;129;138;127;148;125;110;113;88
41;101;119;138;129;155;125;130;120;140;123;123;121;135;133;142;124;108;116
42;110;98;120;140;128;152;131;133;125;142;126;121;130;132;134;144;128;108
43;106;109;104;125;140;129;154;130;138;126;141;122;125;131;131;139;142;129
44;113;106;109;106;124;138;137;156;136;136;130;145;129;125;130;129;146;142
45;123;111;111;108;113;126;141;142;155;139;140;121;145;126;126;134;128;152
46;97;123;113;110;110;114;128;145;138;156;133;143;129;144;124;124;130;129
47;100;96;124;116;117;110;111;133;148;139;157;132;148;131;137;124;126;125
48;106;101;97;121;121;118;113;114;130;143;138;155;131;143;126;136;122;125
49;100;105;101;103;122;124;123;120;112;128;146;138;159;132;139;124;141;117
50;106;98;103;98;106;125;123;125;119;113;130;147;140;155;132;137;124;146
51;124;107;98;105;101;106;120;126;129;121;113;130;150;137;152;137;137;124
52;102;125;109;96;104;99;106;121;123;127;124;111;133;151;138;157;136;139
53;129;103;127;108;97;105;100;105;123;125;128;121;111;128;149;136;162;137
54;98;131;104;125;107;100;103;103;102;124;120;131;123;110;130;149;133;162
55;107;100;127;104;128;109;101;102;104;104;125;117;130;124;109;130;149;136
56;87;109;103;125;104;127;113;99;101;106;105;127;117;125;120;107;133;145
57;91;85;109;101;125;100;127;112;106;101;103;103;125;118;125;118;108;132
58;98;90;85;107;103;125;104;124;112;109;100;107;104;124;115;124;119;109
59;113;100;89;84;105;107;128;106;128;110;108;99;103;103;125;116;124;117
60;106;112;98;90;85;103;110;127;107;124;109;106;97;102;106;122;119;123
61;111;106;111;100;89;85;104;107;130;110;123;110;104;96;99;106;120;120
62;108;109;106;110;102;88;88;104;108;127;108;127;112;99;99;98;107;123
63;124;109;109;102;113;101;87;87;104;107;126;106;123;109;101;98;97;103
64;85;124;108;114;101;110;99;86;89;105;107;122;105;122;106;102;96;96
65;92;84;127;107;112;102;113;99;84;92;106;106;121;105;120;106;105;98
66;97;94;85;125;104;112;101;114;96;83;93;107;106;119;102;119;106;104
67;111;96;95;85;125;104;111;98;112;96;84;91;107;104;122;106;120;107
68;100;110;95;94;87;123;103;112;91;114;95;86;90;108;102;120;106;119
69;104;96;111;94;98;89;120;103;113;90;112;96;84;89;108;102;122;108
70;122;101;96;110;94;97;92;119;102;111;88;114;97;84;89;107;104;119
71;119;124;98;95;112;93;94;90;115;103;110;89;115;98;83;87;105;102
72;119;116;121;95;94;109;93;95;87;113;100;106;88;115;95;82;86;109
73;120;122;112;118;94;93;108;89;92;88;110;99;103;88;108;95;82;86
74;119;117;122;111;114;91;92;103;89;92;85;110;103;102;87;105;91;83
75;104;117;112;121;109;111;89;84;98;86;92;84;108;101;102;90;104;86
76;110;104;114;111;116;106;107;88;82;100;85;91;85;105;98;101;90;105
77;105;109;106;114;106;117;105;107;90;83;95;84;91;85;102;97;98;89
78;78;99;105;103;111;104;114;104;110;83;80;93;84;91;83;104;90;95
79;107;75;93;105;101;111;99;111;97;104;80;78;90;85;88;83;97;86
80;75;98;70;89;101;100;110;96;107;95;99;78;76;88;82;86;83;95
81;66;75;94;69;84;94;95;108;93;104;93;96;73;70;84;79;78;81
82;50;63;73;89;64;84;92;84;105;86;102;89;93;68;64;80;73;76
83;35;49;60;71;83;61;77;88;85;98;80;93;79;89;67;60;79;75
84;45;34;49;56;68;79;55;74;78;80;92;70;89;76;82;64;57;71
85;54;38;35;44;51;67;72;49;71;72;75;86;66;81;74;79;58;52
86;53;51;35;34;39;41;59;64;43;65;71;69;76;61;74;71;71;56
87;36;46;44;35;30;32;37;57;57;38;54;64;64;71;53;64;67;62
88;50;31;40;41;33;31;29;36;51;59;33;44;52;58;67;50;63;64
89;32;45;26;37;39;30;27;28;27;48;49;24;38;48;46;57;42;58
90;28;27;38;25;35;29;27;26;23;24;39;38;20;32;42;42;53;37
91;25;23;24;34;23;26;26;24;22;24;22;34;29;18;29;35;37;45
92;15;19;20;15;26;21;22;23;19;20;22;20;30;25;18;26;25;30
93;17;12;14;18;14;20;16;17;16;14;16;18;14;27;19;11;25;22
94;16;11;11;12;14;13;15;16;12;12;8;11;15;10;19;15;10;20
95;9;11;8;9;9;11;8;13;12;9;11;5;9;13;6;16;12;7
96;7;4;7;7;7;7;8;6;13;10;5;7;4;7;12;6;14;7
97;4;5;2;6;7;4;3;6;3;11;6;4;6;3;3;11;6;11
98;2;4;1;2;5;2;3;0;4;0;7;5;3;3;2;2;9;5
99;1;1;1;1;2;5;2;2;0;4;0;4;4;3;2;2;0;5
100 e oltre;2;2;2;3;3;5;5;4;4;5;5;5;5;8;5;4;4;5
Totale;8299;8330;8403;8482;8631;8645;8724;8796;8859;8951;8915;8833;8821;8823;8750;8752;8716;8711

"Ricostruzione della popolazione intercensuaria - Popolazione al 1° gennaio per età"
"Cittadinanza italiana - Comune: Saluzzo"
Età/Anno;2002;2003;2004;2005;2006;2007;2008;2009;2010;2011;2012;2013;2014;2015;2016;2017;2018;2019
Età;Totale
0;133;110;135;112;142;129;136;129;110;124;130;94;120;110;116;93;116;82
1;116;132;106;139;114;143;127;132;133;110;129;129;90;118;110;116;87;116
2;115;126;130;108;137;119;144;133;132;131;109;127;128;90;126;115;112;89
3;119;119;124;129;114;130;121;146;130;128;129;109;123;129;99;126;114;112
4;122;117;122;119;132;112;133;118;149;129;125;129;106;128;128;102;128;118
5;118;129;116;125;122;131;111;136;114;149;129;117;132;106;126;124;103;127
6;126;121;130;115;124;118;131;109;137;114;151;127;118;133;108;127;129;111
7;119;132;121;129;117;126;122;134;108;139;115;145;130;121;133;104;131;127
8;139;118;131;117;126;120;124;123;138;109;138;115;145;130;122;138;108;130
9;140;142;120;127;119;127;121;124;128;134;108;137;115;147;130;126;137;108
10;136;140;140;122;131;119;125;122;121;126;132;108;143;118;150;134;132;139
11;140;136;137;140;124;132;122;123;126;120;127;132;114;146;120;150;142;128
12;133;137;133;137;140;123;132;121;124;125;121;126;132;115;145;124;148;144
13;133;134;138;133;139;139;124;135;121;128;126;119;131;132;112;145;128;151
14;112;133;135;140;134;141;138;127;135;124;126;125;121;129;131;116;144;129
15;130;114;139;132;143;130;142;140;130;138;126;123;123;123;131;137;118;142
16;119;129;113;136;130;144;126;146;143;133;138;124;123;125;127;130;142;121
17;124;120;126;115;143;131;144;128;148;144;131;141;125;125;126;134;138;142
18;136;123;119;123;118;142;130;147;130;152;146;132;144;126;130;130;136;139
19;136;135;125;123;122;115;142;134;145;130;151;151;132;143;126;129;131;139
20;127;137;132;126;126;122;113;141;136;149;128;147;148;131;136;121;128;123
21;159;129;137;135;128;120;123;111;140;136;144;130;148;148;132;137;127;129
22;147;158;124;140;140;130;120;121;110;133;135;150;131;147;143;132;136;126
23;151;146;157;126;137;139;132;123;121;110;137;132;147;130;152;146;142;135
24;181;151;146;159;130;140;146;139;125;125;121;130;134;149;132;157;147;138
25;157;179;157;141;170;126;140;147;136;129;120;120;140;133;141;141;146;144
26;218;158;174;161;156;169;125;143;142;134;133;122;123;137;139;138;145;147
27;186;234;160;174;162;155;169;126;150;144;130;136;133;116;147;143;136;146
28;217;194;237;164;175;168;155;163;129;154;147;129;141;142;123;146;143;131
29;212;219;193;230;168;177;168;157;161;132;153;149;124;134;146;127;147;142
30;207;213;218;189;240;166;173;165;160;160;134;156;143;124;134;135;129;143
31;206;209;220;219;205;233;167;171;170;161;164;136;157;151;123;127;129;132
32;245;200;202;230;231;204;237;164;175;171;161;157;131;162;150;125;123;122
33;241;240;201;213;234;246;210;246;164;173;169;158;150;137;170;147;127;119
34;236;239;238;209;214;243;244;210;242;173;170;165;161;153;135;166;146;129
35;217;239;238;232;210;213;237;239;211;237;179;165;160;164;151;134;164;151
36;229;221;242;234;236;216;215;237;238;217;236;186;169;165;162;143;134;162
37;248;236;225;239;246;243;217;220;233;237;217;233;179;174;166;158;148;139
38;225;253;236;222;237;236;251;220;221;231;233;207;228;181;175;167;158;154
39;239;229;256;231;228;230;240;243;221;219;234;234;216;228;186;181;171;153
40;211;245;236;257;232;228;230;244;244;227;223;235;221;215;228;187;188;166
41;224;213;256;238;261;230;228;230;243;246;233;222;229;233;211;225;186;193
42;210;226;216;257;237;261;232;231;235;248;241;226;220;230;235;217;226;187
43;212;216;222;214;258;243;265;235;237;233;251;240;225;222;227;234;220;222
44;213;216;216;219;213;253;247;269;237;238;240;251;241;224;224;226;241;226
45;219;215;222;210;227;211;252;248;267;245;245;238;245;242;220;226;227;243
46;209;220;213;219;212;225;212;250;247;262;245;252;238;241;243;222;226;223
47;200;211;219;213;226;214;226;218;253;244;270;243;250;243;234;247;226;226
48;207;208;212;214;220;222;216;232;224;255;253;269;238;253;240;237;241;230
49;211;206;207;212;214;221;231;225;234;231;252;249;276;239;250;237;245;242
50;203;210;203;207;221;220;220;230;221;232;234;253;249;275;239;249;236;245
51;231;201;211;204;212;223;218;223;230;224;234;229;259;248;269;239;246;238
52;202;235;199;209;205;211;224;224;219;229;226;235;229;264;250;269;237;245
53;240;203;237;196;210;205;206;224;228;213;235;221;239;224;259;251;276;239
54;199;241;204;235;198;209;205;205;220;224;210;228;219;239;229;253;251;276
55;199;200;234;199;237;200;210;204;208;218;224;206;223;224;240;232;256;255
56;180;204;205;231;197;238;211;210;202;209;222;219;204;217;223;234;231;249
57;186;176;202;203;230;198;236;210;209;204;208;217;218;203;218;224;235;228
58;207;188;179;198;203;225;200;229;209;207;204;208;220;212;200;219;226;232
59;217;206;186;176;193;206;227;203;227;201;207;201;203;216;211;206;221;223
60;213;216;201;182;178;186;203;223;198;223;201;208;201;200;215;211;208;216
61;201;211;211;199;181;176;189;201;227;197;223;194;204;197;197;215;213;207
62;193;200;212;208;203;176;175;188;201;223;194;227;192;200;196;198;215;217
63;215;193;203;205;210;202;176;172;184;203;220;193;226;189;202;196;195;207
64;182;212;196;205;203;207;198;173;176;184;202;219;193;221;187;201;195;191
65;185;182;215;193;200;207;207;194;169;182;186;197;219;194;221;188;200;194
66;179;185;180;211;194;200;206;208;191;167;179;187;195;215;190;220;190;198
67;206;178;181;177;213;192;196;202;207;192;169;173;185;186;215;187;220;191
68;179;204;173;178;176;207;191;195;190;206;193;168;172;187;187;212;188;214
69;188;172;203;170;184;176;206;193;193;186;203;192;164;171;185;185;208;189
70;201;184;170;199;169;180;178;203;190;191;178;200;190;162;172;184;184;207
71;209;202;179;167;203;162;175;177;195;190;188;180;198;190;155;165;184;180
72;191;205;195;175;164;202;161;175;171;188;189;180;176;194;187;153;162;182
73;194;190;198;189;171;162;200;157;173;168;181;184;173;178;187;182;153;158
74;188;192;188;194;180;166;157;192;149;170;165;181;185;172;164;183;177;152
75;165;187;181;184;186;174;161;147;187;144;168;164;177;185;171;169;177;172
76;164;162;182;175;177;181;171;161;142;188;142;162;164;174;182;169;167;172
77;166;159;159;180;166;175;177;166;161;144;175;139;163;163;169;180;163;162
78;154;155;153;151;175;164;172;174;167;154;137;172;142;162;152;168;172;157
79;170;147;148;151;145;169;152;165;166;160;147;132;165;141;154;148;162;164
80;115;157;132;144;145;139;162;146;161;160;150;138;127;162;136;151;146;159
81;114;110;147;126;136;136;133;154;141;153;156;144;131;117;151;127;141;138
82;86;105;103;140;117;136;130;119;148;130;146;148;136;122;107;143;120;136
83;55;83;97;99;128;106;125;122;113;138;120;135;130;129;116;100;139;115
84;60;52;79;88;90;122;98;114;107;106;129;106;129;120;117;108;95;128
85;77;50;51;71;79;85;114;89;106;95;100;120;95;119;115;109;95;87
86;78;73;44;47;63;67;74;104;79;99;91;91;110;86;108;103;100;86
87;54;65;63;43;42;55;60;72;92;67;85;83;87;101;76;92;93;91
88;62;50;57;54;41;44;47;55;64;86;55;72;69;77;94;68;84;83
89;42;58;37;53;50;36;38;41;42;61;71;43;60;63;63;71;58;75
90;35;32;50;36;50;37;32;36;34;35;49;58;38;49;56;56;67;52
91;28;30;28;40;31;37;33;27;32;32;30;45;47;33;43;49;47;58
92;26;21;24;18;31;28;31;28;21;27;31;26;38;39;28;38;36;38
93;21;23;16;21;17;24;18;22;21;16;20;24;20;34;29;18;34;28
94;19;15;17;14;14;15;18;17;17;18;10;15;19;13;25;23;15;25
95;12;14;11;12;11;11;9;15;14;14;17;6;13;14;7;21;20;11
96;7;5;10;10;10;9;8;7;13;13;9;11;5;9;13;7;18;11
97;5;5;2;7;8;5;5;6;4;11;8;6;7;4;5;11;6;13
98;3;5;1;2;5;3;3;0;4;1;7;7;5;4;3;3;9;5
99;1;2;2;1;2;5;3;2;0;4;0;4;6;3;3;3;1;5
100 e oltre;2;2;4;5;5;7;6;5;5;6;5;5;5;10;6;5;5;6
Totale;15419;15464;15415;15330;15503;15461;15471;15484;15436;15434;15418;15233;15165;15153;15078;15025;15053;14927
Età/Anno;2002;2003;2004;2005;2006;2007;2008;2009;2010;2011;2012;2013;2014;2015;2016;2017;2018;2019
Età;Maschi
0;61;59;78;57;71;69;65;78;59;62;64;51;64;64;64;47;61;55
1;61;62;57;82;58;73;68;62;83;56;65;63;50;64;62;69;43;64
2;60;67;61;56;77;60;74;69;62;82;56;65;66;52;67;63;67;44
3;66;62;67;60;60;76;59;74;65;59;81;58;62;68;57;69;62;68
4;63;67;64;62;62;57;77;58;75;67;58;81;58;64;67;58;71;64
5;55;66;67;66;65;62;56;78;54;74;69;55;80;57;65;61;58;72
6;71;59;69;66;66;65;64;54;80;55;76;68;58;77;59;66;63;63
7;67;74;58;69;68;66;64;65;54;79;56;76;69;60;77;55;68;62
8;64;69;74;56;68;69;65;66;68;54;79;57;76;69;62;80;58;66
9;66;66;69;70;55;66;68;63;69;67;53;78;58;76;69;63;80;58
10;66;65;67;69;70;54;66;68;62;67;68;53;81;59;78;74;64;80
11;63;65;63;67;69;68;56;65;71;63;67;69;55;81;60;79;76;61
12;61;64;64;64;67;68;67;56;66;71;63;66;68;56;82;63;75;76
13;82;62;65;65;65;67;70;67;55;68;71;62;68;68;54;82;64;79
14;51;81;63;66;64;65;66;71;66;57;67;71;62;68;68;57;82;66
15;71;51;82;61;67;61;67;66;73;67;57;64;71;66;70;73;59;81
16;68;70;51;79;58;67;60;70;70;75;68;57;64;73;68;69;75;60
17;65;69;69;54;81;58;67;60;70;70;74;67;58;66;72;71;74;75
18;57;65;69;67;54;81;58;70;61;74;70;73;67;58;68;74;73;75
19;69;55;67;68;68;54;83;58;68;59;74;74;72;66;58;66;73;73
20;71;69;52;66;72;66;52;83;59;70;59;72;72;72;62;57;66;68
21;85;74;70;54;67;67;66;53;83;61;70;60;73;70;69;65;60;67
22;74;84;69;72;59;68;67;66;50;81;62;70;58;74;68;71;67;58
23;90;73;85;68;73;61;64;69;67;48;79;57;72;57;76;67;77;66
24;87;89;73;84;71;76;64;67;68;72;52;79;58;72;59;76;70;75
25;84;87;89;69;93;70;77;65;67;70;67;51;87;60;68;59;70;72
26;122;85;84;92;75;89;71;77;65;63;68;72;56;87;63;69;64;71
27;89;127;86;85;92;79;91;72;77;62;64;70;76;49;90;67;69;66
28;116;91;128;87;83;91;78;91;70;77;66;71;73;79;52;88;69;64
29;105;117;87;129;90;86;94;80;85;70;80;64;69;69;78;57;88;72
30;104;104;118;85;133;86;90;89;79;85;69;80;63;68;70;75;60;87
31;110;102;106;120;94;134;87;90;94;76;90;67;81;73;69;64;75;59
32;138;110;98;112;126;93;137;87;91;98;76;85;65;84;70;67;63;67
33;113;135;108;103;113;132;94;140;88;90;96;71;81;68;86;73;69;63
34;126;112;131;111;103;118;129;97;138;94;86;95;73;77;66;80;70;67
35;108;126;116;131;106;105;114;122;96;131;95;84;92;76;76;69;73;72
36;118;112;124;112;131;108;106;118;118;99;130;101;85;98;77;73;67;74
37;112;124;113;125;119;141;113;108;114;119;100;127;96;89;96;76;76;69
38;113;116;123;112;129;114;149;113;108;111;121;92;121;95;90;97;77;76
39;112;119;116;118;115;123;116;139;116;109;115;119;95;123;99;94;98;73
40;97;113;121;115;117;115;124;118;140;122;113;113;112;95;124;97;97;95
41;126;97;123;122;121;117;112;123;116;143;129;116;110;119;95;121;95;98
42;102;132;99;124;123;123;116;111;127;119;138;122;114;114;120;99;119;95
43;109;109;128;95;126;126;124;119;114;125;125;138;121;114;112;118;98;117
44;103;112;110;124;94;123;125;126;115;116;129;122;139;121;117;111;118;101
45;99;106;115;106;127;90;120;123;127;119;120;130;117;139;116;117;110;116
46;115;100;104;113;107;125;93;118;123;124;125;122;129;114;139;115;118;108
47;101;118;102;102;114;108;126;97;120;121;131;124;120;132;109;141;114;119
48;102;108;119;101;104;110;110;130;104;125;130;129;121;123;130;112;137;119
49;114;103;108;114;99;103;117;115;133;111;124;124;134;120;123;129;116;140
50;98;115;104;110;121;103;103;117;112;131;112;124;123;134;120;124;128;114
51;109;97;117;104;111;121;105;105;116;114;132;108;127;125;132;115;122;130
52;101;113;95;118;105;112;120;109;102;116;114;133;107;130;126;128;112;121
53;113;103;114;93;119;105;107;121;110;94;118;110;134;106;126;127;130;112
54;101;112;103;115;95;115;107;106;121;106;95;112;107;135;109;121;128;128
55;93;100;109;99;114;95;116;107;108;118;107;94;107;111;136;112;122;130
56;94;96;104;107;98;115;103;117;106;109;121;103;92;105;112;133;110;118
57;96;92;94;104;106;101;114;104;113;107;108;118;102;92;105;115;133;107
58;109;99;95;93;102;101;100;110;103;107;108;106;122;99;92;106;117;129
59;105;106;98;93;90;102;100;101;107;97;108;106;106;120;97;96;107;116
60;107;105;103;93;94;85;97;98;96;107;98;108;107;105;117;98;96;103
61;91;105;102;100;93;92;87;97;100;93;108;91;107;104;105;116;100;94
62;86;91;106;100;102;89;90;87;96;98;92;110;89;106;103;106;114;102
63;91;85;94;103;99;102;90;87;83;99;97;93;109;87;107;102;103;111
64;97;90;89;91;102;97;100;88;88;82;98;100;92;105;88;106;102;100
65;94;98;90;87;88;105;96;97;87;91;83;95;101;93;105;90;102;99
66;82;92;96;88;91;89;105;96;96;86;89;83;93;100;92;105;91;100
67;95;82;89;92;90;89;86;104;98;96;87;85;82;86;97;87;103;91
68;79;94;79;87;89;86;89;86;99;96;98;85;85;83;88;97;88;99
69;84;76;92;78;89;88;88;91;84;96;95;96;83;85;81;86;92;87
70;80;83;74;89;77;86;88;86;88;82;90;90;93;81;85;81;83;93
71;90;79;81;72;91;71;84;89;83;87;80;91;88;92;74;80;82;81
72;72;89;75;80;70;93;70;82;86;79;89;76;88;85;92;73;79;76
73;76;68;87;71;77;69;92;70;83;82;75;85;72;90;83;88;73;75
74;69;77;66;84;66;75;65;89;62;80;82;75;82;72;78;82;88;71
75;61;70;71;63;78;63;72;63;89;60;78;82;73;84;71;80;78;87
76;54;58;68;65;61;76;64;73;60;88;59;73;81;71;84;70;77;72
77;62;50;53;66;61;58;73;61;71;61;80;57;74;81;69;83;67;73
78;76;57;48;48;64;61;58;71;59;71;57;79;60;72;71;66;82;63
79;63;72;55;46;44;58;54;54;70;58;67;54;75;58;67;68;66;78
80;40;59;62;55;44;39;52;51;54;66;53;61;51;74;56;66;66;65
81;48;35;53;57;52;42;38;46;49;49;64;50;59;47;67;50;63;60
82;36;42;30;51;53;52;38;35;43;45;44;60;45;55;43;63;48;60
83;20;34;37;28;45;45;48;34;28;40;41;42;52;41;50;40;60;40
84;15;18;31;32;22;43;43;40;29;26;37;37;40;45;36;45;38;57
85;23;12;16;28;28;19;42;40;35;23;25;34;30;38;42;31;38;35
86;25;22;10;13;24;26;16;40;36;34;20;22;34;26;34;32;30;31
87;18;19;19;9;12;23;23;16;35;29;31;19;23;30;23;28;26;30
88;12;19;17;13;9;13;18;19;14;27;22;28;17;19;27;18;21;19
89;10;13;11;16;11;6;11;13;15;14;22;19;22;15;17;14;16;17
90;7;5;12;11;15;8;5;10;11;11;11;20;18;17;14;14;14;15
91;3;7;4;6;8;11;7;3;10;8;8;12;18;15;14;14;10;13
92;11;2;4;3;5;7;9;5;2;7;9;6;9;14;10;12;11;8
93;4;11;2;3;3;4;2;5;5;2;4;6;6;8;10;7;9;6
94;3;4;6;2;0;2;3;1;5;6;2;4;4;3;6;8;5;5
95;3;3;3;3;2;0;1;2;2;5;6;1;4;1;1;5;8;4
96;0;1;3;3;3;2;0;1;0;3;4;4;1;2;1;1;4;4
97;1;0;0;1;1;1;2;0;1;0;2;2;1;1;2;0;0;2
98;1;1;0;0;0;1;0;0;0;1;0;2;2;1;1;1;0;0
99;0;1;1;0;0;0;1;0;0;0;0;0;2;0;1;1;1;0
100 e oltre;0;0;2;2;2;2;1;1;1;1;0;0;0;2;1;1;1;2
Totale;7340;7414;7403;7330;7415;7401;7429;7452;7434;7425;7475;7386;7369;7394;7364;7335;7340;7269
Età/Anno;2002;2003;2004;2005;2006;2007;2008;2009;2010;2011;2012;2013;2014;2015;2016;2017;2018;2019
Età;Femmine
0;72;51;57;55;71;60;71;51;51;62;66;43;56;46;52;46;55;27
1;55;70;49;57;56;70;59;70;50;54;64;66;40;54;48;47;44;52
2;55;59;69;52;60;59;70;64;70;49;53;62;62;38;59;52;45;45
3;53;57;57;69;54;54;62;72;65;69;48;51;61;61;42;57;52;44
4;59;50;58;57;70;55;56;60;74;62;67;48;48;64;61;44;57;54
5;63;63;49;59;57;69;55;58;60;75;60;62;52;49;61;63;45;55
6;55;62;61;49;58;53;67;55;57;59;75;59;60;56;49;61;66;48
7;52;58;63;60;49;60;58;69;54;60;59;69;61;61;56;49;63;65
8;75;49;57;61;58;51;59;57;70;55;59;58;69;61;60;58;50;64
9;74;76;51;57;64;61;53;61;59;67;55;59;57;71;61;63;57;50
10;70;75;73;53;61;65;59;54;59;59;64;55;62;59;72;60;68;59
11;77;71;74;73;55;64;66;58;55;57;60;63;59;65;60;71;66;67
12;72;73;69;73;73;55;65;65;58;54;58;60;64;59;63;61;73;68
13;51;72;73;68;74;72;54;68;66;60;55;57;63;64;58;63;64;72
14;61;52;72;74;70;76;72;56;69;67;59;54;59;61;63;59;62;63
15;59;63;57;71;76;69;75;74;57;71;69;59;52;57;61;64;59;61
16;51;59;62;57;72;77;66;76;73;58;70;67;59;52;59;61;67;61
17;59;51;57;61;62;73;77;68;78;74;57;74;67;59;54;63;64;67
18;79;58;50;56;64;61;72;77;69;78;76;59;77;68;62;56;63;64
19;67;80;58;55;54;61;59;76;77;71;77;77;60;77;68;63;58;66
20;56;68;80;60;54;56;61;58;77;79;69;75;76;59;74;64;62;55
21;74;55;67;81;61;53;57;58;57;75;74;70;75;78;63;72;67;62
22;73;74;55;68;81;62;53;55;60;52;73;80;73;73;75;61;69;68
23;61;73;72;58;64;78;68;54;54;62;58;75;75;73;76;79;65;69
24;94;62;73;75;59;64;82;72;57;53;69;51;76;77;73;81;77;63
25;73;92;68;72;77;56;63;82;69;59;53;69;53;73;73;82;76;72
26;96;73;90;69;81;80;54;66;77;71;65;50;67;50;76;69;81;76
27;97;107;74;89;70;76;78;54;73;82;66;66;57;67;57;76;67;80
28;101;103;109;77;92;77;77;72;59;77;81;58;68;63;71;58;74;67
29;107;102;106;101;78;91;74;77;76;62;73;85;55;65;68;70;59;70
30;103;109;100;104;107;80;83;76;81;75;65;76;80;56;64;60;69;56
31;96;107;114;99;111;99;80;81;76;85;74;69;76;78;54;63;54;73
32;107;90;104;118;105;111;100;77;84;73;85;72;66;78;80;58;60;55
33;128;105;93;110;121;114;116;106;76;83;73;87;69;69;84;74;58;56
34;110;127;107;98;111;125;115;113;104;79;84;70;88;76;69;86;76;62
35;109;113;122;101;104;108;123;117;115;106;84;81;68;88;75;65;91;79
36;111;109;118;122;105;108;109;119;120;118;106;85;84;67;85;70;67;88
37;136;112;112;114;127;102;104;112;119;118;117;106;83;85;70;82;72;70
38;112;137;113;110;108;122;102;107;113;120;112;115;107;86;85;70;81;78
39;127;110;140;113;113;107;124;104;105;110;119;115;121;105;87;87;73;80
40;114;132;115;142;115;113;106;126;104;105;110;122;109;120;104;90;91;71
41;98;116;133;116;140;113;116;107;127;103;104;106;119;114;116;104;91;95
42;108;94;117;133;114;138;116;120;108;129;103;104;106;116;115;118;107;92
43;103;107;94;119;132;117;141;116;123;108;126;102;104;108;115;116;122;105
44;110;104;106;95;119;130;122;143;122;122;111;129;102;103;107;115;123;125
45;120;109;107;104;100;121;132;125;140;126;125;108;128;103;104;109;117;127
46;94;120;109;106;105;100;119;132;124;138;120;130;109;127;104;107;108;115
47;99;93;117;111;112;106;100;121;133;123;139;119;130;111;125;106;112;107
48;105;100;93;113;116;112;106;102;120;130;123;140;117;130;110;125;104;111
49;97;103;99;98;115;118;114;110;101;120;128;125;142;119;127;108;129;102
50;105;95;99;97;100;117;117;113;109;101;122;129;126;141;119;125;108;131
51;122;104;94;100;101;102;113;118;114;110;102;121;132;123;137;124;124;108
52;101;122;104;91;100;99;104;115;117;113;112;102;122;134;124;141;125;124
53;127;100;123;103;91;100;99;103;118;119;117;111;105;118;133;124;146;127
54;98;129;101;120;103;94;98;99;99;118;115;116;112;104;120;132;123;148
55;106;100;125;100;123;105;94;97;100;100;117;112;116;113;104;120;134;125
56;86;108;101;124;99;123;108;93;96;100;101;116;112;112;111;101;121;131
57;90;84;108;99;124;97;122;106;96;97;100;99;116;111;113;109;102;121
58;98;89;84;105;101;124;100;119;106;100;96;102;98;113;108;113;109;103
59;112;100;88;83;103;104;127;102;120;104;99;95;97;96;114;110;114;107
60;106;111;98;89;84;101;106;125;102;116;103;100;94;95;98;113;112;113
61;110;106;109;99;88;84;102;104;127;104;115;103;97;93;92;99;113;113
62;107;109;106;108;101;87;85;101;105;125;102;117;103;94;93;92;101;115
63;124;108;109;102;111;100;86;85;101;104;123;100;117;102;95;94;92;96
64;85;122;107;114;101;110;98;85;88;102;104;119;101;116;99;95;93;91
65;91;84;125;106;112;102;111;97;82;91;103;102;118;101;116;98;98;95
66;97;93;84;123;103;111;101;112;95;81;90;104;102;115;98;115;99;98
67;111;96;92;85;123;103;110;98;109;96;82;88;103;100;118;100;117;100
68;100;110;94;91;87;121;102;109;91;110;95;83;87;104;99;115;100;115
69;104;96;111;92;95;88;118;102;109;90;108;96;81;86;104;99;116;102
70;121;101;96;110;92;94;90;117;102;109;88;110;97;81;87;103;101;114
71;119;123;98;95;112;91;91;88;112;103;108;89;110;98;81;85;102;99
72;119;116;120;95;94;109;91;93;85;109;100;104;88;109;95;80;83;106
73;118;122;111;118;94;93;108;87;90;86;106;99;101;88;104;94;80;83
74;119;115;122;110;114;91;92;103;87;90;83;106;103;100;86;101;89;81
75;104;117;110;121;108;111;89;84;98;84;90;82;104;101;100;89;99;85
76;110;104;114;110;116;105;107;88;82;100;83;89;83;103;98;99;90;100
77;104;109;106;114;105;117;104;105;90;83;95;82;89;82;100;97;96;89
78;78;98;105;103;111;103;114;103;108;83;80;93;82;90;81;102;90;94
79;107;75;93;105;101;111;98;111;96;102;80;78;90;83;87;80;96;86
80;75;98;70;89;101;100;110;95;107;94;97;77;76;88;80;85;80;94
81;66;75;94;69;84;94;95;108;92;104;92;94;72;70;84;77;78;78
82;50;63;73;89;64;84;92;84;105;85;102;88;91;67;64;80;72;76
83;35;49;60;71;83;61;77;88;85;98;79;93;78;88;66;60;79;75
84;45;34;48;56;68;79;55;74;78;80;92;69;89;75;81;63;57;71
85;54;38;35;43;51;66;72;49;71;72;75;86;65;81;73;78;57;52
86;53;51;34;34;39;41;58;64;43;65;71;69;76;60;74;71;70;55
87;36;46;44;34;30;32;37;56;57;38;54;64;64;71;53;64;67;61
88;50;31;40;41;32;31;29;36;50;59;33;44;52;58;67;50;63;64
89;32;45;26;37;39;30;27;28;27;47;49;24;38;48;46;57;42;58
90;28;27;38;25;35;29;27;26;23;24;38;38;20;32;42;42;53;37
91;25;23;24;34;23;26;26;24;22;24;22;33;29;18;29;35;37;45
92;15;19;20;15;26;21;22;23;19;20;22;20;29;25;18;26;25;30
93;17;12;14;18;14;20;16;17;16;14;16;18;14;26;19;11;25;22
94;16;11;11;12;14;13;15;16;12;12;8;11;15;10;19;15;10;20
95;9;11;8;9;9;11;8;13;12;9;11;5;9;13;6;16;12;7
96;7;4;7;7;7;7;8;6;13;10;5;7;4;7;12;6;14;7
97;4;5;2;6;7;4;3;6;3;11;6;4;6;3;3;11;6;11
98;2;4;1;2;5;2;3;0;4;0;7;5;3;3;2;2;9;5
99;1;1;1;1;2;5;2;2;0;4;0;4;4;3;2;2;0;5
100 e oltre;2;2;2;3;3;5;5;4;4;5;5;5;5;8;5;4;4;4
Totale;8079;8050;8012;8000;8088;8060;8042;8032;8002;8009;7943;7847;7796;7759;7714;7690;7713;7658

"Ricostruzione della popolazione intercensuaria - Popolazione al 1° gennaio per età"
"Cittadinanza straniera - Comune: Saluzzo"
Età/Anno;2002;2003;2004;2005;2006;2007;2008;2009;2010;2011;2012;2013;2014;2015;2016;2017;2018;2019
Età;Totale
0;15;6;22;23;16;34;27;32;33;40;41;25;36;45;35;33;40;31
1;12;17;7;27;24;15;34;28;36;30;36;39;27;36;41;35;33;35
2;8;11;17;7;24;23;16;36;27;34;27;37;37;28;36;40;31;31
3;4;10;12;19;11;23;21;14;35;31;37;27;34;32;25;35;35;34
4;4;3;13;15;22;15;27;21;17;39;33;40;27;36;27;27;34;31
5;7;6;4;12;19;20;15;27;20;19;36;32;41;28;37;27;24;36
6;10;10;8;6;13;18;21;17;25;22;19;36;24;39;25;39;24;24
7;9;14;13;11;12;13;17;22;21;29;22;18;34;27;36;22;37;23
8;8;10;16;14;12;13;18;18;20;19;29;24;16;32;27;33;19;39
9;10;11;11;16;15;13;9;16;15;18;20;30;23;18;33;27;31;20
10;4;9;14;11;14;16;14;11;20;15;19;22;27;20;16;35;27;29
11;5;10;11;17;10;16;16;14;15;21;16;18;21;26;18;17;36;28
12;5;4;9;14;18;13;18;16;17;19;20;17;19;20;24;18;16;39
13;5;8;5;10;14;16;17;19;15;18;20;21;17;21;17;24;14;19
14;6;8;9;14;10;14;17;19;22;13;21;20;20;17;21;20;23;22
15;6;11;2;12;15;14;15;20;22;23;16;20;18;18;14;18;16;19
16;6;7;13;5;14;19;16;15;24;22;24;15;17;19;21;17;18;18
17;7;11;9;17;11;14;19;19;16;29;21;26;14;15;20;25;17;17
18;7;17;10;16;22;13;18;20;24;17;28;25;18;19;12;19;20;15
19;6;9;18;10;16;19;17;20;23;30;22;27;28;19;18;17;21;29
20;9;3;12;23;13;16;27;24;25;29;31;25;28;29;19;21;18;21
21;5;12;10;15;21;11;24;35;25;30;30;37;28;32;28;23;21;23
22;6;5;23;21;13;23;18;25;42;26;32;38;45;32;31;25;26;23
23;6;5;12;23;21;17;29;21;31;50;40;32;43;49;29;28;26;30
24;12;8;17;21;29;23;21;34;26;37;53;37;32;48;53;32;24;34
25;16;13;14;25;29;30;32;30;34;39;39;52;37;40;53;55;29;26
26;5;17;22;23;29;26;40;40;33;38;39;47;53;47;46;55;57;35
27;14;10;32;26;22;28;38;41;48;41;46;46;49;57;39;60;58;55
28;15;16;19;40;25;32;41;41;42;57;48;56;38;52;51;43;51;54
29;16;16;27;27;43;25;40;46;41;44;63;45;69;43;49;50;43;51
30;13;18;27;36;27;45;37;40;46;37;47;56;49;67;42;47;50;44
31;17;19;24;28;35;28;47;41;39;43;47;48;63;49;62;47;48;49
32;18;15;22;29;25;32;27;48;40;44;40;45;56;58;46;59;49;42
33;11;24;17;24;33;23;47;32;48;43;53;41;52;54;48;48;49;46
34;7;15;29;20;25;32;20;45;32;57;43;55;42;57;49;50;46;53
35;9;9;20;30;19;24;32;24;44;31;58;43;48;38;52;49;48;51
36;13;15;12;13;27;19;33;33;28;51;32;57;40;44;38;52;41;48
37;18;14;22;15;14;32;28;41;33;33;55;29;47;46;43;40;42;42
38;12;21;15;19;18;17;39;34;37;30;39;55;32;45;48;47;39;46
39;6;14;27;18;23;22;20;39;32;41;40;39;54;31;45;46;46;37
40;7;11;20;28;22;29;35;23;37;37;41;46;38;53;30;44;43;44
41;5;8;11;21;30;23;31;28;27;41;34;35;46;40;50;30;47;42
42;6;6;8;16;22;29;29;29;30;30;42;32;41;47;39;47;31;45
43;6;10;14;10;16;22;33;28;34;34;34;39;35;43;42;41;39;36
44;6;5;13;17;11;18;25;33;27;30;36;36;44;36;43;33;37;35
45;4;9;6;14;19;13;22;27;33;24;29;28;36;42;33;47;26;44
46;9;5;13;6;16;22;19;26;23;35;24;25;33;37;37;28;43;28
47;4;10;13;14;11;15;24;22;25;21;34;25;26;32;31;32;26;36
48;2;5;11;14;15;12;20;25;17;23;23;31;25;21;28;28;31;26
49;6;3;8;12;14;16;18;21;23;16;28;19;33;21;19;27;29;32
50;2;6;7;6;12;13;17;22;20;22;20;26;19;28;19;20;26;32
51;3;4;5;8;5;10;12;19;22;20;23;21;28;19;28;19;22;26
52;4;4;6;6;8;7;8;11;17;19;21;20;21;28;19;30;17;24
53;5;6;6;6;8;9;8;9;11;16;18;18;17;19;25;20;32;18
54;1;5;6;8;6;8;9;9;10;11;17;22;18;15;17;25;18;30
55;3;0;7;8;9;7;9;10;9;13;14;18;21;17;14;18;21;20
56;1;3;4;5;10;8;8;8;12;13;12;19;18;18;14;14;18;20
57;2;1;3;4;5;9;10;8;12;12;10;11;16;20;18;13;13;17
58;3;2;1;4;4;5;11;11;8;11;12;11;13;18;18;16;14;11
59;1;3;2;1;4;6;5;10;13;12;11;12;11;14;20;16;15;13
60;2;1;4;2;2;4;7;7;11;15;14;8;10;11;15;15;16;14
61;3;2;2;5;2;1;5;6;9;12;14;15;9;11;10;14;11;16
62;1;2;2;2;5;2;3;7;6;9;12;17;17;7;14;8;11;12
63;0;1;2;2;2;6;4;2;8;6;10;13;13;14;9;9;9;11
64;0;3;3;2;2;0;5;3;2;7;6;10;9;11;15;10;8;9
65;1;0;3;3;1;1;2;5;4;2;7;7;9;7;7;16;9;8
66;0;1;1;3;3;2;1;2;3;4;4;7;7;10;8;7;13;7
67;0;0;4;0;3;3;2;1;3;2;3;4;8;7;10;9;6;13
68;0;0;1;5;0;3;3;4;1;4;2;4;4;9;6;11;9;6
69;0;1;1;2;5;1;3;3;7;1;4;2;4;5;8;6;10;9
70;1;0;1;0;2;5;2;3;1;5;1;4;2;4;4;8;5;9
71;0;1;0;1;0;2;5;3;4;1;6;1;5;2;3;4;7;6
72;0;0;1;0;1;0;2;5;2;5;1;5;1;6;2;3;5;6
73;3;0;1;0;0;1;1;2;6;2;5;1;4;0;4;3;4;5
74;0;3;0;1;0;1;1;0;2;6;2;5;1;5;1;5;4;4
75;0;0;3;0;1;0;1;0;0;2;6;2;5;1;4;1;6;3
76;0;0;1;2;0;2;0;1;0;0;2;6;2;3;1;4;0;6
77;1;0;0;0;2;0;1;3;1;0;0;2;5;3;3;1;4;0
78;0;1;0;0;0;2;0;1;4;1;0;0;2;4;2;4;1;3
79;1;0;0;0;0;0;2;1;1;4;1;0;0;2;4;3;3;1
80;0;1;0;0;0;0;0;2;0;1;4;2;0;0;2;4;3;3
81;0;0;1;0;0;0;0;0;2;0;1;3;2;0;0;2;3;3
82;0;0;0;1;0;0;0;0;0;2;0;1;3;2;1;0;1;3
83;0;0;0;0;1;0;0;0;0;0;2;0;1;2;1;1;0;0
84;0;0;1;0;0;1;0;0;0;0;0;2;0;1;2;1;0;0
85;0;0;0;1;0;1;1;0;0;0;0;0;2;0;1;2;1;0
86;0;0;1;0;0;0;1;1;0;0;0;0;0;2;0;0;1;1
87;0;0;0;1;0;0;0;1;1;0;0;0;0;0;1;0;0;1
88;0;0;0;0;1;0;0;0;1;1;0;0;0;0;0;1;0;0
89;0;0;0;0;0;0;0;0;0;1;1;0;0;0;0;0;1;0
90;0;0;0;0;0;0;0;0;0;0;1;1;0;0;0;0;0;1
91;0;0;0;0;0;0;0;0;0;0;0;1;1;0;0;0;0;0
92;0;0;0;0;0;0;0;0;0;0;0;0;1;1;0;0;0;0
93;0;0;0;0;0;0;0;0;0;0;0;0;0;1;1;0;0;0
94;0;0;0;0;0;0;0;0;0;0;0;0;0;0;0;1;0;0
95;0;0;0;0;0;0;0;0;0;0;0;0;0;0;0;0;1;0
96;0;0;0;0;0;0;0;0;0;0;0;0;0;0;0;0;0;0
97;0;0;0;0;0;0;1;0;0;0;0;0;0;0;0;0;0;0
98;0;0;0;0;0;0;0;1;0;0;0;0;0;0;0;0;0;0
99;0;0;0;0;0;0;0;0;0;0;0;0;0;0;0;0;0;0
100 e oltre;0;0;0;0;0;0;0;0;0;0;0;0;0;0;0;0;0;1
Totale;465;584;823;993;1083;1165;1418;1561;1662;1822;1974;2019;2069;2132;2057;2106;2027;2089
Età/Anno;2002;2003;2004;2005;2006;2007;2008;2009;2010;2011;2012;2013;2014;2015;2016;2017;2018;2019
Età;Maschi
0;11;4;8;10;4;16;12;16;14;21;28;14;18;24;15;16;22;15
1;7;13;5;10;11;4;17;13;20;11;18;23;15;16;22;15;19;20
2;5;7;15;5;9;8;6;18;13;21;11;19;22;14;16;21;15;18
3;3;7;7;16;9;8;6;6;16;13;22;11;19;18;12;16;21;19
4;2;2;9;9;17;11;11;7;5;19;16;24;13;21;14;16;15;19
5;4;4;2;8;11;16;11;11;8;6;15;16;24;14;22;15;15;17
6;5;5;6;2;9;10;15;13;9;10;6;16;13;22;11;24;13;14
7;5;5;10;6;3;8;9;14;12;13;12;5;16;15;20;10;22;13
8;6;6;5;9;5;4;12;9;13;10;14;13;5;17;15;17;10;24
9;3;8;7;6;8;6;3;11;8;13;11;15;13;6;19;15;17;10
10;2;3;10;7;6;8;6;5;11;9;14;12;13;11;5;20;16;16
11;2;3;6;10;6;6;8;6;8;11;8;13;12;13;10;7;22;15
12;4;2;4;7;11;8;8;9;8;10;10;8;14;11;13;9;5;22
13;3;4;2;5;9;9;11;9;9;9;10;11;7;14;9;14;7;7
14;3;5;5;8;5;10;11;12;11;9;11;9;10;7;15;11;14;11
15;4;6;1;5;8;7;11;14;11;13;12;11;8;9;7;14;9;12
16;5;3;8;3;6;11;8;12;16;11;13;11;10;7;11;9;14;10
17;3;8;4;11;6;6;13;9;12;19;11;14;10;8;7;13;10;12
18;3;11;7;8;14;6;6;14;9;11;20;12;11;12;7;7;12;7
19;4;4;10;7;7;11;4;7;13;12;16;18;14;10;12;10;10;13
20;6;2;5;9;6;3;15;6;10;16;13;16;17;16;10;11;10;9
21;3;7;4;5;7;6;6;20;9;14;17;17;15;17;15;11;13;12
22;3;3;12;8;4;8;10;5;24;10;17;19;21;15;15;12;12;12
23;4;1;7;12;8;7;12;11;10;27;20;17;19;23;13;16;13;14
24;5;3;7;13;13;9;10;10;14;12;31;18;16;22;22;16;14;17
25;7;4;6;13;14;14;13;14;6;21;17;28;15;22;28;27;16;14
26;4;10;8;9;15;11;19;14;12;12;23;23;27;19;27;26;28;17
27;8;6;18;10;9;15;21;22;20;16;17;30;25;30;17;31;27;25
28;6;10;10;22;7;17;19;22;18;22;18;23;25;29;23;19;24;22
29;5;6;17;14;21;8;22;22;21;17;30;19;36;27;27;21;22;24
30;8;4;13;20;11;21;15;24;23;18;20;29;21;34;23;23;22;20
31;7;11;9;14;21;13;24;19;24;21;21;18;36;21;31;28;24;24
32;7;3;15;15;11;19;15;26;16;24;21;24;25;32;22;31;29;22
33;7;10;4;16;19;9;28;17;25;17;34;26;31;22;24;22;22;27
34;4;9;13;9;13;18;9;25;18;28;18;35;28;35;21;27;21;22
35;6;7;12;13;8;15;22;13;22;16;31;19;33;23;32;23;27;25
36;7;8;9;10;14;8;22;21;13;25;14;31;21;30;22;31;18;26
37;6;8;13;11;10;14;13;27;18;17;29;10;25;24;29;22;26;18
38;5;7;7;11;13;12;21;18;22;16;19;28;10;24;25;31;21;27
39;3;5;11;9;12;14;13;21;17;22;26;19;26;10;23;23;30;21
40;3;6;9;13;10;13;20;12;20;19;22;30;20;25;9;24;21;27
41;2;5;6;8;15;11;17;15;14;21;15;20;30;21;24;10;30;21
42;4;2;5;9;8;15;14;16;13;17;19;15;17;31;20;21;10;29
43;3;8;4;4;8;10;20;14;19;16;19;19;14;20;26;18;19;12
44;3;3;10;6;6;10;10;20;13;16;17;20;17;14;20;19;14;18
45;1;7;2;10;6;8;13;10;18;11;14;15;19;19;11;22;15;19
46;6;2;9;2;11;8;10;13;9;17;11;12;13;20;17;11;21;14
47;3;7;6;9;6;11;13;10;10;5;16;12;8;12;19;14;12;18
48;1;4;7;6;10;6;13;13;7;10;8;16;11;8;12;17;13;12
49;3;1;6;7;7;10;9;11;12;8;10;6;16;8;7;11;17;17
50;1;3;3;5;6;5;11;10;10;10;12;8;5;14;6;8;10;17
51;1;1;1;3;5;6;5;11;7;9;12;12;10;5;13;6;9;10
52;3;1;1;1;4;7;6;5;11;5;9;11;10;11;5;14;6;9
53;3;3;2;1;2;4;7;7;6;10;7;8;11;9;9;8;16;8
54;1;3;3;3;2;2;4;5;7;5;12;7;7;9;7;8;8;16
55;2;0;5;4;4;3;2;5;5;9;6;13;7;6;9;8;6;9
56;0;2;2;4;5;4;3;2;7;7;8;8;13;5;5;8;6;6
57;1;0;2;2;4;6;5;2;2;8;7;7;7;13;6;4;7;6
58;3;1;0;2;2;4;7;6;2;2;8;6;7;7;11;5;4;5
59;0;3;1;0;2;3;4;6;5;6;2;8;5;7;9;10;5;3
60;2;0;4;1;1;2;3;5;6;7;8;2;7;4;7;6;9;4
61;2;2;0;4;1;0;3;3;6;6;6;8;2;8;3;7;4;9
62;0;2;2;0;4;1;0;4;3;7;6;7;8;2;8;2;5;4
63;0;0;2;2;0;5;3;0;5;3;7;7;7;7;3;5;4;4
64;0;1;2;2;2;0;4;2;1;4;3;7;5;5;8;3;5;4
65;0;0;1;2;1;1;0;3;2;1;4;3;6;3;3;8;2;5
66;0;0;0;1;2;1;1;0;2;2;1;4;3;6;4;3;6;1
67;0;0;1;0;1;2;1;1;0;2;1;1;4;3;6;3;3;6
68;0;0;0;2;0;1;2;1;1;0;2;1;1;5;3;6;3;2
69;0;1;1;0;2;0;1;2;3;1;0;2;1;2;4;3;4;3
70;0;0;1;0;0;2;0;1;1;3;1;0;2;1;2;4;2;4
71;0;0;0;1;0;0;2;1;1;1;4;1;0;2;1;2;4;3
72;0;0;0;0;1;0;0;3;0;1;1;3;1;0;2;1;2;3
73;1;0;0;0;0;1;1;0;4;0;1;1;2;0;0;2;2;2
74;0;1;0;0;0;1;1;0;0;4;0;1;1;3;0;1;2;2
75;0;0;1;0;0;0;1;0;0;0;4;0;1;1;2;0;1;2
76;0;0;1;1;0;1;0;1;0;0;0;4;0;1;1;2;0;1
77;0;0;0;0;1;0;0;1;1;0;0;0;3;0;1;1;2;0
78;0;0;0;0;0;1;0;0;2;1;0;0;0;3;0;2;1;2
79;1;0;0;0;0;0;1;1;0;2;1;0;0;0;3;0;2;1
80;0;1;0;0;0;0;0;1;0;0;2;1;0;0;0;3;0;2
81;0;0;1;0;0;0;0;0;1;0;0;1;1;0;0;0;3;0
82;0;0;0;1;0;0;0;0;0;1;0;0;1;1;1;0;0;3
83;0;0;0;0;1;0;0;0;0;0;1;0;0;1;0;1;0;0
84;0;0;0;0;0;1;0;0;0;0;0;1;0;0;1;0;0;0
85;0;0;0;0;0;0;1;0;0;0;0;0;1;0;0;1;0;0
86;0;0;0;0;0;0;0;1;0;0;0;0;0;1;0;0;0;0
87;0;0;0;0;0;0;0;0;1;0;0;0;0;0;1;0;0;0
88;0;0;0;0;0;0;0;0;0;1;0;0;0;0;0;1;0;0
89;0;0;0;0;0;0;0;0;0;0;1;0;0;0;0;0;1;0
90;0;0;0;0;0;0;0;0;0;0;0;1;0;0;0;0;0;1
91;0;0;0;0;0;0;0;0;0;0;0;0;1;0;0;0;0;0
92;0;0;0;0;0;0;0;0;0;0;0;0;0;1;0;0;0;0
93;0;0;0;0;0;0;0;0;0;0;0;0;0;0;1;0;0;0
94;0;0;0;0;0;0;0;0;0;0;0;0;0;0;0;1;0;0
95;0;0;0;0;0;0;0;0;0;0;0;0;0;0;0;0;1;0
96;0;0;0;0;0;0;0;0;0;0;0;0;0;0;0;0;0;0
97;0;0;0;0;0;0;1;0;0;0;0;0;0;0;0;0;0;0
98;0;0;0;0;0;0;0;1;0;0;0;0;0;0;0;0;0;0
99;0;0;0;0;0;0;0;0;0;0;0;0;0;0;0;0;0;0
100 e oltre;0;0;0;0;0;0;0;0;0;0;0;0;0;0;0;0;0;0
Totale;245;304;432;511;540;580;736;797;805;880;1002;1033;1044;1068;1021;1044;1024;1036
Età/Anno;2002;2003;2004;2005;2006;2007;2008;2009;2010;2011;2012;2013;2014;2015;2016;2017;2018;2019
Età;Femmine
0;4;2;14;13;12;18;15;16;19;19;13;11;18;21;20;17;18;16
1;5;4;2;17;13;11;17;15;16;19;18;16;12;20;19;20;14;15
2;3;4;2;2;15;15;10;18;14;13;16;18;15;14;20;19;16;13
3;1;3;5;3;2;15;15;8;19;18;15;16;15;14;13;19;14;15
4;2;1;4;6;5;4;16;14;12;20;17;16;14;15;13;11;19;12
5;3;2;2;4;8;4;4;16;12;13;21;16;17;14;15;12;9;19
6;5;5;2;4;4;8;6;4;16;12;13;20;11;17;14;15;11;10
7;4;9;3;5;9;5;8;8;9;16;10;13;18;12;16;12;15;10
8;2;4;11;5;7;9;6;9;7;9;15;11;11;15;12;16;9;15
9;7;3;4;10;7;7;6;5;7;5;9;15;10;12;14;12;14;10
10;2;6;4;4;8;8;8;6;9;6;5;10;14;9;11;15;11;13
11;3;7;5;7;4;10;8;8;7;10;8;5;9;13;8;10;14;13
12;1;2;5;7;7;5;10;7;9;9;10;9;5;9;11;9;11;17
13;2;4;3;5;5;7;6;10;6;9;10;10;10;7;8;10;7;12
14;3;3;4;6;5;4;6;7;11;4;10;11;10;10;6;9;9;11
15;2;5;1;7;7;7;4;6;11;10;4;9;10;9;7;4;7;7
16;1;4;5;2;8;8;8;3;8;11;11;4;7;12;10;8;4;8
17;4;3;5;6;5;8;6;10;4;10;10;12;4;7;13;12;7;5
18;4;6;3;8;8;7;12;6;15;6;8;13;7;7;5;12;8;8
19;2;5;8;3;9;8;13;13;10;18;6;9;14;9;6;7;11;16
20;3;1;7;14;7;13;12;18;15;13;18;9;11;13;9;10;8;12
21;2;5;6;10;14;5;18;15;16;16;13;20;13;15;13;12;8;11
22;3;2;11;13;9;15;8;20;18;16;15;19;24;17;16;13;14;11
23;2;4;5;11;13;10;17;10;21;23;20;15;24;26;16;12;13;16
24;7;5;10;8;16;14;11;24;12;25;22;19;16;26;31;16;10;17
25;9;9;8;12;15;16;19;16;28;18;22;24;22;18;25;28;13;12
26;1;7;14;14;14;15;21;26;21;26;16;24;26;28;19;29;29;18
27;6;4;14;16;13;13;17;19;28;25;29;16;24;27;22;29;31;30
28;9;6;9;18;18;15;22;19;24;35;30;33;13;23;28;24;27;32
29;11;10;10;13;22;17;18;24;20;27;33;26;33;16;22;29;21;27
30;5;14;14;16;16;24;22;16;23;19;27;27;28;33;19;24;28;24
31;10;8;15;14;14;15;23;22;15;22;26;30;27;28;31;19;24;25
32;11;12;7;14;14;13;12;22;24;20;19;21;31;26;24;28;20;20
33;4;14;13;8;14;14;19;15;23;26;19;15;21;32;24;26;27;19
34;3;6;16;11;12;14;11;20;14;29;25;20;14;22;28;23;25;31
35;3;2;8;17;11;9;10;11;22;15;27;24;15;15;20;26;21;26
36;6;7;3;3;13;11;11;12;15;26;18;26;19;14;16;21;23;22
37;12;6;9;4;4;18;15;14;15;16;26;19;22;22;14;18;16;24
38;7;14;8;8;5;5;18;16;15;14;20;27;22;21;23;16;18;19
39;3;9;16;9;11;8;7;18;15;19;14;20;28;21;22;23;16;16
40;4;5;11;15;12;16;15;11;17;18;19;16;18;28;21;20;22;17
41;3;3;5;13;15;12;14;13;13;20;19;15;16;19;26;20;17;21
42;2;4;3;7;14;14;15;13;17;13;23;17;24;16;19;26;21;16
43;3;2;10;6;8;12;13;14;15;18;15;20;21;23;16;23;20;24
44;3;2;3;11;5;8;15;13;14;14;19;16;27;22;23;14;23;17
45;3;2;4;4;13;5;9;17;15;13;15;13;17;23;22;25;11;25
46;3;3;4;4;5;14;9;13;14;18;13;13;20;17;20;17;22;14
47;1;3;7;5;5;4;11;12;15;16;18;13;18;20;12;18;14;18
48;1;1;4;8;5;6;7;12;10;13;15;15;14;13;16;11;18;14
49;3;2;2;5;7;6;9;10;11;8;18;13;17;13;12;16;12;15
50;1;3;4;1;6;8;6;12;10;12;8;18;14;14;13;12;16;15
51;2;3;4;5;0;4;7;8;15;11;11;9;18;14;15;13;13;16
52;1;3;5;5;4;0;2;6;6;14;12;9;11;17;14;16;11;15
53;2;3;4;5;6;5;1;2;5;6;11;10;6;10;16;12;16;10
54;0;2;3;5;4;6;5;4;3;6;5;15;11;6;10;17;10;14
55;1;0;2;4;5;4;7;5;4;4;8;5;14;11;5;10;15;11
56;1;1;2;1;5;4;5;6;5;6;4;11;5;13;9;6;12;14
57;1;1;1;2;1;3;5;6;10;4;3;4;9;7;12;9;6;11
58;0;1;1;2;2;1;4;5;6;9;4;5;6;11;7;11;10;6
59;1;0;1;1;2;3;1;4;8;6;9;4;6;7;11;6;10;10
60;0;1;0;1;1;2;4;2;5;8;6;6;3;7;8;9;7;10
61;1;0;2;1;1;1;2;3;3;6;8;7;7;3;7;7;7;7
62;1;0;0;2;1;1;3;3;3;2;6;10;9;5;6;6;6;8
63;0;1;0;0;2;1;1;2;3;3;3;6;6;7;6;4;5;7
64;0;2;1;0;0;0;1;1;1;3;3;3;4;6;7;7;3;5
65;1;0;2;1;0;0;2;2;2;1;3;4;3;4;4;8;7;3
66;0;1;1;2;1;1;0;2;1;2;3;3;4;4;4;4;7;6
67;0;0;3;0;2;1;1;0;3;0;2;3;4;4;4;6;3;7
68;0;0;1;3;0;2;1;3;0;4;0;3;3;4;3;5;6;4
69;0;0;0;2;3;1;2;1;4;0;4;0;3;3;4;3;6;6
70;1;0;0;0;2;3;2;2;0;2;0;4;0;3;2;4;3;5
71;0;1;0;0;0;2;3;2;3;0;2;0;5;0;2;2;3;3
72;0;0;1;0;0;0;2;2;2;4;0;2;0;6;0;2;3;3
73;2;0;1;0;0;0;0;2;2;2;4;0;2;0;4;1;2;3
74;0;2;0;1;0;0;0;0;2;2;2;4;0;2;1;4;2;2
75;0;0;2;0;1;0;0;0;0;2;2;2;4;0;2;1;5;1
76;0;0;0;1;0;1;0;0;0;0;2;2;2;2;0;2;0;5
77;1;0;0;0;1;0;1;2;0;0;0;2;2;3;2;0;2;0
78;0;1;0;0;0;1;0;1;2;0;0;0;2;1;2;2;0;1
79;0;0;0;0;0;0;1;0;1;2;0;0;0;2;1;3;1;0
80;0;0;0;0;0;0;0;1;0;1;2;1;0;0;2;1;3;1
81;0;0;0;0;0;0;0;0;1;0;1;2;1;0;0;2;0;3
82;0;0;0;0;0;0;0;0;0;1;0;1;2;1;0;0;1;0
83;0;0;0;0;0;0;0;0;0;0;1;0;1;1;1;0;0;0
84;0;0;1;0;0;0;0;0;0;0;0;1;0;1;1;1;0;0
85;0;0;0;1;0;1;0;0;0;0;0;0;1;0;1;1;1;0
86;0;0;1;0;0;0;1;0;0;0;0;0;0;1;0;0;1;1
87;0;0;0;1;0;0;0;1;0;0;0;0;0;0;0;0;0;1
88;0;0;0;0;1;0;0;0;1;0;0;0;0;0;0;0;0;0
89;0;0;0;0;0;0;0;0;0;1;0;0;0;0;0;0;0;0
90;0;0;0;0;0;0;0;0;0;0;1;0;0;0;0;0;0;0
91;0;0;0;0;0;0;0;0;0;0;0;1;0;0;0;0;0;0
92;0;0;0;0;0;0;0;0;0;0;0;0;1;0;0;0;0;0
93;0;0;0;0;0;0;0;0;0;0;0;0;0;1;0;0;0;0
94;0;0;0;0;0;0;0;0;0;0;0;0;0;0;0;0;0;0
95;0;0;0;0;0;0;0;0;0;0;0;0;0;0;0;0;0;0
96;0;0;0;0;0;0;0;0;0;0;0;0;0;0;0;0;0;0
97;0;0;0;0;0;0;0;0;0;0;0;0;0;0;0;0;0;0
98;0;0;0;0;0;0;0;0;0;0;0;0;0;0;0;0;0;0
99;0;0;0;0;0;0;0;0;0;0;0;0;0;0;0;0;0;0
100 e oltre;0;0;0;0;0;0;0;0;0;0;0;0;0;0;0;0;0;1
Totale;220;280;391;482;543;585;682;764;857;942;972;986;1025;1064;1036;1062;1003;1053
