"Popolazione per età, vista per singola area - Comune: 091091 - Tiana"

"Ricostruzione della popolazione intercensuaria - Popolazione al 1° gennaio per età"
"Tutte le cittadinanze - Comune: Tiana"
Età/Anno;2002;2003;2004;2005;2006;2007;2008;2009;2010;2011;2012;2013;2014;2015;2016;2017;2018;2019
Età;Totale
0;5;2;5;6;5;2;5;5;5;2;1;3;4;2;3;0;2;1
1;6;5;2;4;6;5;2;3;5;6;3;1;3;5;1;3;0;3
2;6;6;5;1;4;6;5;2;4;5;6;3;1;3;5;1;3;0
3;2;6;6;7;1;3;6;4;2;4;5;6;2;1;3;5;1;3
4;5;2;6;5;6;1;3;6;2;2;4;5;6;2;1;2;5;1
5;2;5;2;6;5;6;1;3;6;3;2;3;5;6;2;1;2;5
6;5;2;5;2;6;5;6;1;3;6;3;2;3;5;6;2;1;2
7;7;5;2;5;2;6;6;6;1;3;6;2;2;3;5;6;2;1
8;5;7;5;2;5;2;6;6;6;1;3;6;2;2;3;5;6;2
9;1;6;7;4;2;5;2;6;6;6;1;3;6;2;2;3;5;6
10;12;1;5;8;4;2;5;2;6;6;6;2;3;6;2;2;3;5
11;2;12;1;5;8;4;2;5;2;6;6;5;2;3;6;2;2;3
12;5;2;12;1;4;8;4;2;5;2;6;6;5;2;3;6;2;2
13;11;7;2;12;1;3;8;4;2;5;2;6;6;5;1;3;6;2
14;7;12;7;2;12;1;3;8;4;2;5;2;7;6;5;1;3;6
15;6;7;12;8;2;12;1;3;8;4;2;5;2;8;5;5;1;3
16;4;6;6;11;8;2;12;1;4;8;4;2;5;2;8;5;5;1
17;9;4;6;6;11;8;2;12;1;3;8;4;2;5;2;8;5;5
18;4;9;4;5;6;11;6;2;12;1;3;8;4;2;5;2;8;5
19;5;4;7;4;4;6;10;5;2;13;1;3;7;4;1;5;2;8
20;8;4;3;8;5;5;6;9;5;2;13;1;3;7;4;1;5;2
21;1;8;3;3;7;5;5;7;9;5;2;12;1;3;7;4;1;5
22;5;2;8;3;3;7;6;5;7;10;4;2;12;1;3;7;4;1
23;6;4;2;8;4;3;7;6;5;7;10;5;2;13;1;3;6;4
24;9;6;4;2;8;5;3;7;6;5;7;10;6;2;13;1;5;6
25;9;10;5;3;4;7;5;3;7;5;5;8;8;5;2;14;0;5
26;7;9;10;4;3;4;7;4;2;7;6;5;8;9;5;2;15;0
27;11;10;9;9;4;3;4;6;4;2;7;6;5;8;7;5;2;15
28;4;11;10;10;8;4;3;4;7;4;3;6;7;5;8;8;4;2
29;7;4;10;9;10;9;4;3;4;7;4;3;6;7;5;8;7;3
30;7;8;4;11;8;11;9;3;3;4;7;3;4;6;7;5;8;7
31;11;7;10;4;10;8;12;8;4;5;5;6;3;4;6;7;5;8
32;1;12;7;6;4;11;7;11;7;3;4;5;6;3;4;6;7;5
33;9;1;10;5;6;4;9;6;11;7;3;3;5;6;3;2;6;7
34;9;10;1;9;6;5;4;9;6;8;7;3;3;5;5;3;2;5
35;13;9;9;0;9;6;5;4;9;5;7;7;3;4;5;5;3;2
36;12;13;9;8;1;8;5;7;4;9;5;6;7;3;4;5;5;3
37;18;13;12;9;7;1;8;6;5;4;9;5;4;8;3;4;4;3
38;10;17;14;13;9;7;1;9;6;5;4;9;6;6;7;3;4;4
39;9;10;17;14;12;9;8;1;9;6;5;4;8;5;3;7;3;4
40;15;9;11;16;14;12;9;8;1;8;6;5;4;8;5;4;7;3
41;10;14;10;10;16;14;12;9;7;1;9;6;4;3;7;5;4;6
42;4;10;13;9;10;16;14;12;9;6;1;9;6;4;3;7;5;4
43;10;4;10;14;9;11;16;13;13;9;7;1;10;6;4;3;7;5
44;6;10;3;10;12;9;11;16;14;13;8;7;2;8;6;4;3;6
45;6;6;10;3;10;12;11;10;17;14;13;9;7;2;7;6;4;3
46;5;6;6;8;3;10;12;11;10;17;14;13;8;7;1;7;6;4
47;6;5;6;6;8;3;11;12;11;11;16;14;13;8;9;1;7;6
48;4;6;5;6;6;8;3;11;11;11;12;16;15;13;9;7;1;7
49;5;4;6;5;6;6;8;3;11;12;11;12;16;15;12;9;7;1
50;3;6;4;6;5;6;6;8;3;11;12;11;13;16;14;12;9;7
51;7;3;5;3;6;5;6;6;7;3;11;12;11;13;16;13;12;8
52;4;7;3;5;3;6;5;6;6;8;4;11;12;12;13;16;13;12
53;6;4;7;3;5;3;6;5;6;6;7;4;11;11;12;13;16;13
54;8;6;4;6;2;5;3;6;5;5;6;7;4;11;10;12;13;15
55;7;8;6;3;6;2;5;3;6;5;5;6;7;5;11;10;12;12
56;2;8;9;4;3;6;2;5;3;6;5;5;7;6;5;11;10;12
57;6;2;8;9;4;3;6;2;5;3;5;5;5;7;8;5;11;9
58;7;6;1;8;9;5;2;6;2;5;3;4;5;5;8;8;5;11
59;3;7;7;1;8;8;6;2;6;2;4;3;4;5;5;6;8;5
60;7;3;7;7;1;8;8;5;2;6;2;4;3;4;4;5;6;8
61;8;7;4;7;7;3;8;8;6;2;6;2;4;3;4;4;5;6
62;8;8;7;4;7;6;3;8;8;5;2;6;2;4;3;4;4;5
63;7;8;8;7;4;7;6;2;9;9;5;3;5;2;6;3;4;4
64;6;6;7;7;7;4;7;6;2;8;9;6;3;5;2;6;3;4
65;8;6;6;7;7;6;4;7;6;2;8;9;6;3;5;2;6;3
66;9;8;6;6;7;7;7;3;7;6;2;8;9;6;4;4;2;6
67;4;9;8;6;6;7;7;7;4;7;6;3;9;9;6;4;3;2
68;12;4;9;8;6;6;8;7;8;4;7;7;3;9;8;6;4;3
69;6;12;3;9;8;6;6;8;7;8;4;7;7;3;9;9;6;4
70;5;5;12;3;9;8;6;7;7;7;8;3;7;7;2;9;8;6
71;13;5;5;11;3;9;7;6;7;7;7;8;3;7;6;2;9;8
72;2;12;5;5;11;3;9;8;8;7;7;7;7;3;7;6;2;9
73;8;2;12;5;5;11;3;9;8;8;7;7;7;7;3;6;6;2
74;8;8;2;11;5;6;11;3;9;8;9;7;7;7;7;3;5;6
75;8;7;9;2;11;5;6;11;3;9;8;8;7;7;6;7;3;5
76;3;8;7;7;2;9;5;6;11;3;9;8;8;6;7;6;7;3
77;5;3;8;7;7;2;8;5;6;11;2;8;8;6;6;7;6;7
78;5;3;3;7;6;7;2;8;5;6;11;2;8;8;6;6;7;6
79;2;5;4;3;7;6;7;2;8;5;6;11;2;9;8;6;6;7
80;6;2;3;3;3;7;6;6;2;8;5;5;11;2;8;8;4;6
81;7;5;2;3;3;3;7;6;6;1;7;5;5;9;2;8;7;4
82;2;6;5;2;3;3;2;7;5;6;0;7;5;5;9;2;8;5
83;3;2;6;4;2;2;3;1;7;5;6;0;7;4;5;9;2;8
84;1;3;2;5;5;2;2;3;1;6;5;5;0;6;4;6;8;2
85;4;1;3;2;4;3;2;1;3;1;5;4;5;1;6;4;6;8
86;3;4;1;3;1;4;2;2;1;3;1;5;4;5;1;6;4;5
87;5;3;3;1;3;1;2;2;2;1;3;2;4;4;5;1;4;4
88;2;4;3;3;1;3;1;2;2;2;1;3;1;4;2;5;1;4
89;3;2;4;2;3;1;3;1;3;3;1;0;3;1;4;2;4;1
90;1;3;2;3;1;3;0;3;1;2;3;1;0;3;1;3;2;3
91;3;1;1;2;2;1;3;0;3;1;2;2;1;0;3;1;2;2
92;1;2;0;1;2;1;0;2;0;3;1;2;2;1;0;3;1;2
93;0;1;1;0;1;2;1;0;1;0;3;1;2;2;1;0;3;1
94;0;0;1;1;0;0;2;0;0;1;0;3;1;2;2;1;0;1
95;0;0;0;0;1;0;0;2;0;0;1;0;3;1;1;1;1;0
96;3;0;0;0;0;0;0;0;1;0;0;1;0;2;0;1;1;1
97;1;2;0;0;0;0;0;0;0;1;0;0;1;0;2;0;1;1
98;0;0;0;0;0;0;0;0;0;0;0;0;0;0;0;2;0;1
99;0;0;0;0;0;0;0;0;0;0;0;0;0;0;0;0;2;0
100 e oltre;1;1;0;1;1;1;1;1;1;0;0;0;0;0;0;0;0;1
Totale;579;580;567;542;537;533;532;523;529;526;522;516;518;516;501;494;483;468
Età/Anno;2002;2003;2004;2005;2006;2007;2008;2009;2010;2011;2012;2013;2014;2015;2016;2017;2018;2019
Età;Maschi
0;4;1;2;3;3;1;4;1;2;1;0;1;2;2;1;0;0;1
1;1;4;1;2;3;3;1;2;1;2;2;0;1;3;1;1;0;0
2;3;1;4;1;2;3;3;1;3;1;2;2;0;1;3;1;1;0
3;2;3;1;5;1;1;3;2;1;3;1;2;1;0;1;3;1;1
4;1;2;3;1;4;1;1;3;1;1;3;1;2;1;0;1;3;1
5;2;1;2;3;1;4;1;1;3;1;1;3;1;2;1;0;1;3
6;3;2;1;2;3;1;4;1;1;3;1;1;3;1;2;1;0;1
7;1;3;2;1;2;3;2;4;1;1;3;1;1;3;1;2;1;0
8;3;1;3;2;1;2;3;2;4;1;1;3;1;1;3;1;2;1
9;0;4;1;2;2;1;2;3;2;4;1;1;3;1;1;3;1;2
10;10;0;3;1;2;2;1;2;3;2;4;1;1;3;1;1;3;1
11;1;10;0;3;1;2;2;1;2;3;2;3;1;1;3;1;1;3
12;3;1;10;0;2;1;2;2;1;2;3;2;3;1;1;3;1;1
13;5;4;1;10;0;1;1;2;2;1;2;3;2;3;1;1;3;1
14;5;5;4;1;10;0;1;1;2;2;1;2;4;2;3;1;1;3
15;4;5;5;4;1;10;0;1;1;2;2;1;2;5;2;3;1;1
16;3;4;5;4;4;1;10;0;2;1;2;2;1;2;5;2;3;1
17;5;3;4;5;4;4;1;10;0;2;1;2;2;1;2;5;2;3
18;3;5;3;3;5;5;3;1;10;0;1;1;2;2;1;2;5;2
19;4;3;4;3;2;5;4;3;1;10;0;1;1;2;1;1;2;5
20;5;3;2;4;4;2;5;3;3;1;10;0;1;1;2;1;1;2
21;1;4;3;2;4;4;2;5;3;3;1;9;0;1;1;2;1;1
22;3;1;4;3;2;4;4;2;5;3;2;1;9;0;1;1;2;1
23;1;2;1;4;4;2;4;4;2;5;3;2;1;10;0;1;0;2
24;5;1;2;1;4;4;2;4;4;2;5;3;3;1;10;0;3;0
25;4;5;0;1;1;5;4;2;4;3;2;5;3;2;1;10;0;3
26;2;4;5;0;1;1;5;3;2;4;4;2;5;4;2;1;10;0
27;3;4;4;5;0;1;1;5;3;2;4;4;2;5;3;2;1;10
28;2;3;4;5;5;0;1;1;5;3;2;3;4;2;5;4;2;1
29;6;2;3;4;6;6;0;1;2;5;3;2;3;4;2;5;4;1
30;4;7;2;3;3;7;6;0;1;2;5;2;3;3;4;2;5;3
31;6;4;7;1;3;3;8;5;0;3;2;5;2;3;3;4;2;5
32;1;6;4;5;1;3;3;8;4;0;3;2;5;2;3;3;4;2
33;4;1;4;3;5;1;2;2;8;4;0;2;2;5;2;2;3;4
34;4;5;1;4;4;4;1;2;1;6;4;0;2;3;5;2;2;3
35;6;4;5;0;4;3;4;1;2;1;5;4;0;2;3;5;2;2
36;8;6;4;5;1;4;3;4;1;2;1;5;4;0;2;3;5;2
37;9;8;6;4;4;1;4;4;3;1;2;1;3;4;0;2;2;3
38;3;9;9;7;4;4;1;4;4;3;1;2;2;5;4;0;2;2
39;6;3;9;9;6;4;4;1;4;4;3;1;2;2;3;4;0;2
40;12;6;3;9;9;6;4;4;1;4;4;3;1;2;2;3;4;0
41;6;11;7;3;9;9;6;4;3;1;4;4;3;1;2;2;3;4
42;1;6;10;6;3;8;9;6;4;3;1;4;4;3;1;2;2;3
43;4;1;6;11;6;3;8;9;6;4;3;1;4;4;3;1;2;2
44;4;4;1;6;11;6;3;8;9;6;4;3;2;4;4;3;1;2
45;3;4;4;1;6;11;6;3;9;9;6;4;3;2;3;4;3;1
46;4;3;4;4;1;6;11;6;3;9;9;6;4;3;1;3;4;3
47;4;4;3;4;4;1;7;10;6;3;9;9;6;4;3;1;3;4
48;2;4;4;3;4;4;1;7;10;6;4;9;9;6;4;3;1;3
49;2;2;4;4;3;4;4;1;7;10;6;4;9;9;6;4;3;1
50;2;2;2;4;4;3;4;4;1;7;10;6;5;9;8;6;4;3
51;2;2;2;1;4;4;3;4;3;1;7;10;6;5;9;7;6;4
52;3;2;2;2;1;4;4;3;4;4;1;7;10;7;5;9;7;6
53;3;3;2;2;2;1;4;4;3;4;4;1;7;10;7;5;9;7
54;3;3;3;2;1;2;1;4;4;3;4;4;1;7;9;7;5;8
55;3;3;3;2;2;1;2;1;4;4;3;4;4;1;7;9;7;4
56;0;4;3;2;2;2;1;2;1;4;4;3;4;4;1;7;9;7
57;5;0;4;3;2;2;2;1;2;1;3;4;3;4;5;1;7;8
58;4;5;0;4;3;3;1;2;1;2;1;2;4;3;5;5;1;7
59;1;4;5;0;4;3;3;1;2;1;2;1;2;4;3;3;5;1
60;3;1;4;5;0;4;3;2;1;2;1;2;1;2;3;3;3;5
61;3;3;2;4;5;0;4;3;3;1;2;1;2;1;2;3;3;3
62;5;3;3;2;4;5;0;4;3;2;1;2;1;2;1;2;3;3
63;2;5;3;3;2;4;5;0;4;4;2;2;2;1;2;1;2;3
64;2;2;5;2;3;2;4;5;0;3;4;2;2;2;1;2;1;2
65;3;2;2;5;2;2;2;4;5;0;3;4;2;2;2;1;2;1
66;6;3;2;2;5;2;3;1;4;5;0;3;4;2;3;1;1;2
67;1;6;3;2;2;5;2;3;1;4;5;1;3;4;2;3;1;1
68;7;1;6;3;2;2;5;2;4;1;4;6;1;3;3;2;3;1
69;2;7;1;5;3;2;2;5;2;4;1;4;6;1;3;4;2;3
70;2;1;7;1;5;3;2;3;4;2;4;1;4;6;0;3;3;2
71;6;2;1;7;1;5;3;2;3;4;2;4;1;4;5;0;3;3
72;1;6;2;1;7;1;5;3;3;3;4;2;3;1;4;5;0;3
73;4;1;6;2;1;7;1;5;3;3;3;4;2;3;1;4;5;0
74;4;4;1;5;2;1;7;1;5;3;3;3;4;2;3;1;4;5
75;3;3;5;1;5;2;2;7;1;5;3;3;3;4;1;3;1;4
76;2;3;3;4;0;5;2;2;7;1;5;3;3;2;4;1;3;1
77;3;2;3;3;4;0;5;2;2;7;1;4;3;3;2;4;1;3
78;1;2;2;2;3;4;0;5;2;2;7;1;4;3;3;2;4;1
79;1;1;3;2;2;3;4;0;4;2;2;8;1;4;3;3;2;4
80;4;1;1;2;2;2;3;3;0;4;2;2;8;1;3;3;2;2
81;2;3;1;1;2;2;2;3;3;1;4;2;2;6;1;3;3;2
82;1;2;3;1;1;2;0;2;2;3;0;4;2;2;6;1;3;3
83;2;1;2;3;1;0;2;0;2;2;3;0;4;1;2;6;1;3
84;0;2;1;2;3;1;0;2;0;1;2;2;0;4;1;2;6;1
85;2;0;2;1;2;2;1;0;2;0;1;1;2;0;4;1;2;6
86;2;2;0;2;1;1;2;1;0;2;0;1;1;2;0;4;1;2
87;2;2;1;0;2;1;0;2;1;0;2;1;1;1;2;0;2;1
88;1;2;2;1;0;2;1;0;2;1;0;2;0;1;1;2;0;2
89;1;1;2;2;1;0;2;1;1;2;1;0;2;0;1;1;1;0
90;0;1;1;1;1;1;0;2;1;1;2;1;0;2;0;1;1;1
91;2;0;1;1;1;1;1;0;2;1;1;1;1;0;2;0;1;1
92;0;1;0;1;1;1;0;0;0;2;1;1;1;1;0;2;0;1
93;0;0;0;0;1;1;1;0;0;0;2;1;1;1;1;0;2;0
94;0;0;0;0;0;0;1;0;0;0;0;2;1;1;1;1;0;0
95;0;0;0;0;0;0;0;1;0;0;0;0;2;1;1;0;1;0
96;0;0;0;0;0;0;0;0;1;0;0;0;0;1;0;1;0;1
97;0;0;0;0;0;0;0;0;0;1;0;0;0;0;1;0;1;0
98;0;0;0;0;0;0;0;0;0;0;0;0;0;0;0;1;0;1
99;0;0;0;0;0;0;0;0;0;0;0;0;0;0;0;0;1;0
100 e oltre;0;0;0;0;0;0;0;0;0;0;0;0;0;0;0;0;0;1
Totale;294;293;291;278;277;273;274;264;265;265;262;258;261;265;253;249;244;236
Età/Anno;2002;2003;2004;2005;2006;2007;2008;2009;2010;2011;2012;2013;2014;2015;2016;2017;2018;2019
Età;Femmine
0;1;1;3;3;2;1;1;4;3;1;1;2;2;0;2;0;2;0
1;5;1;1;2;3;2;1;1;4;4;1;1;2;2;0;2;0;3
2;3;5;1;0;2;3;2;1;1;4;4;1;1;2;2;0;2;0
3;0;3;5;2;0;2;3;2;1;1;4;4;1;1;2;2;0;2
4;4;0;3;4;2;0;2;3;1;1;1;4;4;1;1;1;2;0
5;0;4;0;3;4;2;0;2;3;2;1;0;4;4;1;1;1;2
6;2;0;4;0;3;4;2;0;2;3;2;1;0;4;4;1;1;1
7;6;2;0;4;0;3;4;2;0;2;3;1;1;0;4;4;1;1
8;2;6;2;0;4;0;3;4;2;0;2;3;1;1;0;4;4;1
9;1;2;6;2;0;4;0;3;4;2;0;2;3;1;1;0;4;4
10;2;1;2;7;2;0;4;0;3;4;2;1;2;3;1;1;0;4
11;1;2;1;2;7;2;0;4;0;3;4;2;1;2;3;1;1;0
12;2;1;2;1;2;7;2;0;4;0;3;4;2;1;2;3;1;1
13;6;3;1;2;1;2;7;2;0;4;0;3;4;2;0;2;3;1
14;2;7;3;1;2;1;2;7;2;0;4;0;3;4;2;0;2;3
15;2;2;7;4;1;2;1;2;7;2;0;4;0;3;3;2;0;2
16;1;2;1;7;4;1;2;1;2;7;2;0;4;0;3;3;2;0
17;4;1;2;1;7;4;1;2;1;1;7;2;0;4;0;3;3;2
18;1;4;1;2;1;6;3;1;2;1;2;7;2;0;4;0;3;3
19;1;1;3;1;2;1;6;2;1;3;1;2;6;2;0;4;0;3
20;3;1;1;4;1;3;1;6;2;1;3;1;2;6;2;0;4;0
21;0;4;0;1;3;1;3;2;6;2;1;3;1;2;6;2;0;4
22;2;1;4;0;1;3;2;3;2;7;2;1;3;1;2;6;2;0
23;5;2;1;4;0;1;3;2;3;2;7;3;1;3;1;2;6;2
24;4;5;2;1;4;1;1;3;2;3;2;7;3;1;3;1;2;6
25;5;5;5;2;3;2;1;1;3;2;3;3;5;3;1;4;0;2
26;5;5;5;4;2;3;2;1;0;3;2;3;3;5;3;1;5;0
27;8;6;5;4;4;2;3;1;1;0;3;2;3;3;4;3;1;5
28;2;8;6;5;3;4;2;3;2;1;1;3;3;3;3;4;2;1
29;1;2;7;5;4;3;4;2;2;2;1;1;3;3;3;3;3;2
30;3;1;2;8;5;4;3;3;2;2;2;1;1;3;3;3;3;4
31;5;3;3;3;7;5;4;3;4;2;3;1;1;1;3;3;3;3
32;0;6;3;1;3;8;4;3;3;3;1;3;1;1;1;3;3;3
33;5;0;6;2;1;3;7;4;3;3;3;1;3;1;1;0;3;3
34;5;5;0;5;2;1;3;7;5;2;3;3;1;2;0;1;0;2
35;7;5;4;0;5;3;1;3;7;4;2;3;3;2;2;0;1;0
36;4;7;5;3;0;4;2;3;3;7;4;1;3;3;2;2;0;1
37;9;5;6;5;3;0;4;2;2;3;7;4;1;4;3;2;2;0
38;7;8;5;6;5;3;0;5;2;2;3;7;4;1;3;3;2;2
39;3;7;8;5;6;5;4;0;5;2;2;3;6;3;0;3;3;2
40;3;3;8;7;5;6;5;4;0;4;2;2;3;6;3;1;3;3
41;4;3;3;7;7;5;6;5;4;0;5;2;1;2;5;3;1;2
42;3;4;3;3;7;8;5;6;5;3;0;5;2;1;2;5;3;1
43;6;3;4;3;3;8;8;4;7;5;4;0;6;2;1;2;5;3
44;2;6;2;4;1;3;8;8;5;7;4;4;0;4;2;1;2;4
45;3;2;6;2;4;1;5;7;8;5;7;5;4;0;4;2;1;2
46;1;3;2;4;2;4;1;5;7;8;5;7;4;4;0;4;2;1
47;2;1;3;2;4;2;4;2;5;8;7;5;7;4;6;0;4;2
48;2;2;1;3;2;4;2;4;1;5;8;7;6;7;5;4;0;4
49;3;2;2;1;3;2;4;2;4;2;5;8;7;6;6;5;4;0
50;1;4;2;2;1;3;2;4;2;4;2;5;8;7;6;6;5;4
51;5;1;3;2;2;1;3;2;4;2;4;2;5;8;7;6;6;4
52;1;5;1;3;2;2;1;3;2;4;3;4;2;5;8;7;6;6
53;3;1;5;1;3;2;2;1;3;2;3;3;4;1;5;8;7;6
54;5;3;1;4;1;3;2;2;1;2;2;3;3;4;1;5;8;7
55;4;5;3;1;4;1;3;2;2;1;2;2;3;4;4;1;5;8
56;2;4;6;2;1;4;1;3;2;2;1;2;3;2;4;4;1;5
57;1;2;4;6;2;1;4;1;3;2;2;1;2;3;3;4;4;1
58;3;1;1;4;6;2;1;4;1;3;2;2;1;2;3;3;4;4
59;2;3;2;1;4;5;3;1;4;1;2;2;2;1;2;3;3;4
60;4;2;3;2;1;4;5;3;1;4;1;2;2;2;1;2;3;3
61;5;4;2;3;2;3;4;5;3;1;4;1;2;2;2;1;2;3
62;3;5;4;2;3;1;3;4;5;3;1;4;1;2;2;2;1;2
63;5;3;5;4;2;3;1;2;5;5;3;1;3;1;4;2;2;1
64;4;4;2;5;4;2;3;1;2;5;5;4;1;3;1;4;2;2
65;5;4;4;2;5;4;2;3;1;2;5;5;4;1;3;1;4;2
66;3;5;4;4;2;5;4;2;3;1;2;5;5;4;1;3;1;4
67;3;3;5;4;4;2;5;4;3;3;1;2;6;5;4;1;2;1
68;5;3;3;5;4;4;3;5;4;3;3;1;2;6;5;4;1;2
69;4;5;2;4;5;4;4;3;5;4;3;3;1;2;6;5;4;1
70;3;4;5;2;4;5;4;4;3;5;4;2;3;1;2;6;5;4
71;7;3;4;4;2;4;4;4;4;3;5;4;2;3;1;2;6;5
72;1;6;3;4;4;2;4;5;5;4;3;5;4;2;3;1;2;6
73;4;1;6;3;4;4;2;4;5;5;4;3;5;4;2;2;1;2
74;4;4;1;6;3;5;4;2;4;5;6;4;3;5;4;2;1;1
75;5;4;4;1;6;3;4;4;2;4;5;5;4;3;5;4;2;1
76;1;5;4;3;2;4;3;4;4;2;4;5;5;4;3;5;4;2
77;2;1;5;4;3;2;3;3;4;4;1;4;5;3;4;3;5;4
78;4;1;1;5;3;3;2;3;3;4;4;1;4;5;3;4;3;5
79;1;4;1;1;5;3;3;2;4;3;4;3;1;5;5;3;4;3
80;2;1;2;1;1;5;3;3;2;4;3;3;3;1;5;5;2;4
81;5;2;1;2;1;1;5;3;3;0;3;3;3;3;1;5;4;2
82;1;4;2;1;2;1;2;5;3;3;0;3;3;3;3;1;5;2
83;1;1;4;1;1;2;1;1;5;3;3;0;3;3;3;3;1;5
84;1;1;1;3;2;1;2;1;1;5;3;3;0;2;3;4;2;1
85;2;1;1;1;2;1;1;1;1;1;4;3;3;1;2;3;4;2
86;1;2;1;1;0;3;0;1;1;1;1;4;3;3;1;2;3;3
87;3;1;2;1;1;0;2;0;1;1;1;1;3;3;3;1;2;3
88;1;2;1;2;1;1;0;2;0;1;1;1;1;3;1;3;1;2
89;2;1;2;0;2;1;1;0;2;1;0;0;1;1;3;1;3;1
90;1;2;1;2;0;2;0;1;0;1;1;0;0;1;1;2;1;2
91;1;1;0;1;1;0;2;0;1;0;1;1;0;0;1;1;1;1
92;1;1;0;0;1;0;0;2;0;1;0;1;1;0;0;1;1;1
93;0;1;1;0;0;1;0;0;1;0;1;0;1;1;0;0;1;1
94;0;0;1;1;0;0;1;0;0;1;0;1;0;1;1;0;0;1
95;0;0;0;0;1;0;0;1;0;0;1;0;1;0;0;1;0;0
96;3;0;0;0;0;0;0;0;0;0;0;1;0;1;0;0;1;0
97;1;2;0;0;0;0;0;0;0;0;0;0;1;0;1;0;0;1
98;0;0;0;0;0;0;0;0;0;0;0;0;0;0;0;1;0;0
99;0;0;0;0;0;0;0;0;0;0;0;0;0;0;0;0;1;0
100 e oltre;1;1;0;1;1;1;1;1;1;0;0;0;0;0;0;0;0;0
Totale;285;287;276;264;260;260;258;259;264;261;260;258;257;251;248;245;239;232

"Ricostruzione della popolazione intercensuaria - Popolazione al 1° gennaio per età"
"Cittadinanza italiana - Comune: Tiana"
Età/Anno;2002;2003;2004;2005;2006;2007;2008;2009;2010;2011;2012;2013;2014;2015;2016;2017;2018;2019
Età;Totale
0;5;2;5;6;5;2;5;5;5;2;1;3;4;2;3;0;2;1
1;6;5;2;4;6;5;2;3;5;6;3;1;3;5;1;3;0;3
2;6;6;5;1;4;6;5;2;4;5;6;3;1;3;5;1;3;0
3;2;6;6;7;1;3;6;4;2;4;5;6;2;1;3;5;1;3
4;5;2;6;5;6;1;3;6;2;2;4;5;6;2;1;2;5;1
5;2;5;2;6;5;6;1;3;6;3;2;3;5;6;2;1;2;5
6;4;2;5;2;6;5;6;1;3;6;3;2;3;5;6;2;1;2
7;7;4;2;5;2;6;6;6;1;3;6;2;2;3;5;6;2;1
8;5;7;4;2;5;2;6;6;6;1;3;6;2;2;3;5;6;2
9;1;6;7;3;2;5;2;6;6;6;1;3;6;2;2;3;5;6
10;12;1;5;8;3;2;5;2;6;6;6;2;3;6;2;2;3;5
11;2;12;1;5;8;3;2;5;2;6;6;5;2;3;6;2;2;3
12;5;2;12;1;4;8;3;2;5;2;6;6;5;2;3;6;2;2
13;11;7;2;12;1;3;8;4;2;5;2;6;6;5;1;3;6;2
14;7;12;7;2;12;1;3;8;4;2;5;2;7;6;5;1;3;6
15;6;7;12;8;2;12;1;3;8;4;2;5;2;7;5;5;1;3
16;4;6;6;11;8;2;12;1;4;8;4;2;5;2;7;5;5;1
17;9;4;6;6;11;8;2;12;1;3;8;4;2;5;2;7;5;5
18;4;9;4;5;6;11;6;2;12;1;3;8;4;2;5;2;7;5
19;5;4;7;4;4;6;10;5;2;13;1;3;7;4;1;5;2;7
20;8;4;3;8;5;5;6;9;5;2;13;1;3;7;4;1;5;2
21;1;8;3;3;7;5;5;7;9;5;2;12;1;3;7;4;1;5
22;5;2;8;3;3;7;6;5;7;10;4;2;12;1;3;7;4;1
23;6;4;2;8;4;3;7;6;5;7;10;5;2;13;1;3;6;4
24;9;6;4;2;8;4;3;7;6;5;7;10;6;2;13;1;5;6
25;9;10;5;3;4;6;4;3;7;5;5;8;8;5;2;14;0;5
26;7;9;10;4;3;4;7;3;2;7;6;5;8;9;5;2;15;0
27;10;10;9;9;4;3;4;6;3;2;7;6;5;8;7;5;2;15
28;4;10;10;10;8;4;3;4;7;3;3;6;7;5;8;8;4;2
29;7;4;9;9;10;9;4;3;4;7;3;3;6;7;5;8;7;3
30;7;7;4;10;8;10;9;3;3;4;7;2;4;6;7;5;8;7
31;11;7;9;4;9;8;11;8;4;5;5;6;2;4;6;7;5;8
32;1;12;7;6;4;10;7;10;7;3;4;5;6;2;4;6;7;5
33;9;1;10;5;6;4;8;6;10;7;3;3;5;6;2;2;6;7
34;9;10;1;9;6;5;4;8;6;8;7;3;2;5;5;2;2;5
35;13;9;9;0;9;6;5;4;9;5;7;7;3;2;5;5;2;2
36;12;13;9;8;1;8;5;7;4;9;5;6;7;3;2;5;5;2
37;17;13;12;9;7;1;8;6;5;4;9;5;4;7;3;3;4;3
38;10;16;14;13;9;7;1;9;6;5;4;9;6;6;6;3;4;4
39;9;10;16;14;12;9;7;1;9;6;5;4;8;5;3;6;3;4
40;15;9;11;15;14;12;9;7;1;8;6;5;4;8;5;4;6;3
41;10;14;10;10;15;14;12;9;6;1;9;6;4;3;7;5;4;6
42;4;10;13;9;10;15;14;12;9;6;1;9;6;4;3;7;5;4
43;10;4;10;14;9;11;15;13;13;9;6;1;10;6;4;3;7;5
44;6;10;3;10;12;9;11;15;14;13;8;6;2;8;6;4;3;6
45;6;6;10;3;10;12;11;10;16;14;13;9;6;2;7;6;4;3
46;5;6;6;8;3;10;12;11;10;16;14;13;8;6;1;7;6;4
47;6;5;6;6;8;3;11;12;11;11;15;14;13;8;8;1;7;6
48;4;6;5;6;6;8;3;11;11;11;11;15;15;13;9;7;1;7
49;5;4;6;5;6;6;8;3;11;12;11;11;15;15;12;9;7;1
50;3;6;4;6;5;6;6;8;3;11;12;11;12;15;14;12;9;7
51;7;3;5;3;6;5;6;6;7;3;11;12;11;12;15;13;12;8
52;4;7;3;5;3;6;5;6;6;8;4;11;12;12;12;15;13;12
53;6;4;7;3;5;3;6;5;6;6;7;4;11;11;12;12;15;13
54;8;6;4;6;2;5;3;6;5;5;6;7;4;11;10;12;12;14
55;7;8;6;3;6;2;5;3;6;5;5;6;7;5;11;10;12;11
56;2;8;9;4;3;6;2;5;3;6;5;5;7;6;5;11;10;12
57;6;2;8;9;4;3;6;2;5;3;5;5;5;7;8;5;11;9
58;7;6;1;8;9;5;2;6;2;5;3;4;5;5;8;8;5;11
59;3;7;7;1;8;8;6;2;6;2;4;3;4;5;5;6;8;5
60;7;3;7;7;1;8;8;5;2;6;2;4;3;4;4;5;6;8
61;8;7;4;7;7;3;8;8;6;2;6;2;4;3;4;4;5;6
62;8;8;7;4;7;6;3;8;8;5;2;6;2;4;3;4;4;5
63;7;8;8;7;4;7;6;2;8;9;5;3;5;2;6;3;4;4
64;6;6;7;7;7;4;7;6;2;7;9;6;3;5;2;6;3;4
65;8;6;6;7;7;6;4;7;6;2;7;9;6;3;5;2;6;3
66;9;8;6;6;7;7;7;3;7;6;2;7;9;6;4;4;2;6
67;4;9;8;6;6;7;7;7;4;7;6;3;8;9;6;4;3;2
68;12;4;9;8;6;6;8;7;8;4;7;7;3;8;8;6;4;3
69;6;12;3;9;8;6;6;8;7;8;4;7;7;3;8;9;6;4
70;5;5;12;3;9;8;6;7;7;7;8;3;7;7;2;8;8;6
71;13;5;5;11;3;9;7;6;7;7;7;8;3;7;6;2;8;8
72;2;12;5;5;11;3;9;8;7;7;7;7;7;3;7;6;2;8
73;8;2;12;5;5;11;3;9;8;7;7;7;7;7;3;6;6;2
74;8;8;2;11;5;6;11;3;9;8;8;7;7;7;7;3;5;6
75;8;7;9;2;11;5;6;11;3;9;8;7;7;7;6;7;3;5
76;3;8;7;7;2;9;5;6;11;3;9;8;7;6;7;6;7;3
77;5;3;8;7;7;2;8;5;6;11;2;8;8;5;6;7;6;7
78;5;3;3;7;6;7;2;8;5;6;11;2;8;8;5;6;7;6
79;2;5;4;3;7;6;7;2;8;5;6;11;2;9;8;5;6;7
80;6;2;3;3;3;7;6;6;2;8;5;5;11;2;8;8;3;6
81;7;5;2;3;3;3;7;6;6;1;7;5;5;9;2;8;7;3
82;2;6;5;2;3;3;2;7;5;6;0;7;5;5;9;2;8;5
83;3;2;6;4;2;2;3;1;7;5;6;0;7;4;5;9;2;8
84;1;3;2;5;5;2;2;3;1;6;5;5;0;6;4;6;8;2
85;4;1;3;2;4;3;2;1;3;1;5;4;5;1;6;4;6;8
86;3;4;1;3;1;4;2;2;1;3;1;5;4;5;1;6;4;5
87;5;3;3;1;3;1;2;2;2;1;3;2;4;4;5;1;4;4
88;2;4;3;3;1;3;1;2;2;2;1;3;1;4;2;5;1;4
89;3;2;4;2;3;1;3;1;3;3;1;0;3;1;4;2;4;1
90;1;3;2;3;1;3;0;3;1;2;3;1;0;3;1;3;2;3
91;3;1;1;2;2;1;3;0;3;1;2;2;1;0;3;1;2;2
92;1;2;0;1;2;1;0;2;0;3;1;2;2;1;0;3;1;2
93;0;1;1;0;1;2;1;0;1;0;3;1;2;2;1;0;3;1
94;0;0;1;1;0;0;2;0;0;1;0;3;1;2;2;1;0;1
95;0;0;0;0;1;0;0;2;0;0;1;0;3;1;1;1;1;0
96;3;0;0;0;0;0;0;0;1;0;0;1;0;2;0;1;1;1
97;1;2;0;0;0;0;0;0;0;1;0;0;1;0;2;0;1;1
98;0;0;0;0;0;0;0;0;0;0;0;0;0;0;0;2;0;1
99;0;0;0;0;0;0;0;0;0;0;0;0;0;0;0;0;2;0
100 e oltre;1;1;0;1;1;1;1;1;1;0;0;0;0;0;0;0;0;1
Totale;576;576;563;539;534;527;526;518;523;522;516;510;511;506;491;486;476;462
Età/Anno;2002;2003;2004;2005;2006;2007;2008;2009;2010;2011;2012;2013;2014;2015;2016;2017;2018;2019
Età;Maschi
0;4;1;2;3;3;1;4;1;2;1;0;1;2;2;1;0;0;1
1;1;4;1;2;3;3;1;2;1;2;2;0;1;3;1;1;0;0
2;3;1;4;1;2;3;3;1;3;1;2;2;0;1;3;1;1;0
3;2;3;1;5;1;1;3;2;1;3;1;2;1;0;1;3;1;1
4;1;2;3;1;4;1;1;3;1;1;3;1;2;1;0;1;3;1
5;2;1;2;3;1;4;1;1;3;1;1;3;1;2;1;0;1;3
6;2;2;1;2;3;1;4;1;1;3;1;1;3;1;2;1;0;1
7;1;2;2;1;2;3;2;4;1;1;3;1;1;3;1;2;1;0
8;3;1;2;2;1;2;3;2;4;1;1;3;1;1;3;1;2;1
9;0;4;1;1;2;1;2;3;2;4;1;1;3;1;1;3;1;2
10;10;0;3;1;1;2;1;2;3;2;4;1;1;3;1;1;3;1
11;1;10;0;3;1;1;2;1;2;3;2;3;1;1;3;1;1;3
12;3;1;10;0;2;1;1;2;1;2;3;2;3;1;1;3;1;1
13;5;4;1;10;0;1;1;2;2;1;2;3;2;3;1;1;3;1
14;5;5;4;1;10;0;1;1;2;2;1;2;4;2;3;1;1;3
15;4;5;5;4;1;10;0;1;1;2;2;1;2;4;2;3;1;1
16;3;4;5;4;4;1;10;0;2;1;2;2;1;2;4;2;3;1
17;5;3;4;5;4;4;1;10;0;2;1;2;2;1;2;4;2;3
18;3;5;3;3;5;5;3;1;10;0;1;1;2;2;1;2;4;2
19;4;3;4;3;2;5;4;3;1;10;0;1;1;2;1;1;2;4
20;5;3;2;4;4;2;5;3;3;1;10;0;1;1;2;1;1;2
21;1;4;3;2;4;4;2;5;3;3;1;9;0;1;1;2;1;1
22;3;1;4;3;2;4;4;2;5;3;2;1;9;0;1;1;2;1
23;1;2;1;4;4;2;4;4;2;5;3;2;1;10;0;1;0;2
24;5;1;2;1;4;4;2;4;4;2;5;3;3;1;10;0;3;0
25;4;5;0;1;1;4;4;2;4;3;2;5;3;2;1;10;0;3
26;2;4;5;0;1;1;5;3;2;4;4;2;5;4;2;1;10;0
27;3;4;4;5;0;1;1;5;3;2;4;4;2;5;3;2;1;10
28;2;3;4;5;5;0;1;1;5;3;2;3;4;2;5;4;2;1
29;6;2;3;4;6;6;0;1;2;5;3;2;3;4;2;5;4;1
30;4;6;2;3;3;6;6;0;1;2;5;2;3;3;4;2;5;3
31;6;4;6;1;3;3;7;5;0;3;2;5;2;3;3;4;2;5
32;1;6;4;5;1;3;3;7;4;0;3;2;5;2;3;3;4;2
33;4;1;4;3;5;1;2;2;7;4;0;2;2;5;2;2;3;4
34;4;5;1;4;4;4;1;2;1;6;4;0;2;3;5;2;2;3
35;6;4;5;0;4;3;4;1;2;1;5;4;0;2;3;5;2;2
36;8;6;4;5;1;4;3;4;1;2;1;5;4;0;2;3;5;2
37;9;8;6;4;4;1;4;4;3;1;2;1;3;4;0;2;2;3
38;3;9;9;7;4;4;1;4;4;3;1;2;2;5;4;0;2;2
39;6;3;9;9;6;4;4;1;4;4;3;1;2;2;3;4;0;2
40;12;6;3;9;9;6;4;4;1;4;4;3;1;2;2;3;4;0
41;6;11;7;3;9;9;6;4;3;1;4;4;3;1;2;2;3;4
42;1;6;10;6;3;8;9;6;4;3;1;4;4;3;1;2;2;3
43;4;1;6;11;6;3;8;9;6;4;3;1;4;4;3;1;2;2
44;4;4;1;6;11;6;3;8;9;6;4;3;2;4;4;3;1;2
45;3;4;4;1;6;11;6;3;9;9;6;4;3;2;3;4;3;1
46;4;3;4;4;1;6;11;6;3;9;9;6;4;3;1;3;4;3
47;4;4;3;4;4;1;7;10;6;3;9;9;6;4;3;1;3;4
48;2;4;4;3;4;4;1;7;10;6;3;9;9;6;4;3;1;3
49;2;2;4;4;3;4;4;1;7;10;6;3;9;9;6;4;3;1
50;2;2;2;4;4;3;4;4;1;7;10;6;4;9;8;6;4;3
51;2;2;2;1;4;4;3;4;3;1;7;10;6;4;9;7;6;4
52;3;2;2;2;1;4;4;3;4;4;1;7;10;7;4;9;7;6
53;3;3;2;2;2;1;4;4;3;4;4;1;7;10;7;4;9;7
54;3;3;3;2;1;2;1;4;4;3;4;4;1;7;9;7;4;8
55;3;3;3;2;2;1;2;1;4;4;3;4;4;1;7;9;7;3
56;0;4;3;2;2;2;1;2;1;4;4;3;4;4;1;7;9;7
57;5;0;4;3;2;2;2;1;2;1;3;4;3;4;5;1;7;8
58;4;5;0;4;3;3;1;2;1;2;1;2;4;3;5;5;1;7
59;1;4;5;0;4;3;3;1;2;1;2;1;2;4;3;3;5;1
60;3;1;4;5;0;4;3;2;1;2;1;2;1;2;3;3;3;5
61;3;3;2;4;5;0;4;3;3;1;2;1;2;1;2;3;3;3
62;5;3;3;2;4;5;0;4;3;2;1;2;1;2;1;2;3;3
63;2;5;3;3;2;4;5;0;4;4;2;2;2;1;2;1;2;3
64;2;2;5;2;3;2;4;5;0;3;4;2;2;2;1;2;1;2
65;3;2;2;5;2;2;2;4;5;0;3;4;2;2;2;1;2;1
66;6;3;2;2;5;2;3;1;4;5;0;3;4;2;3;1;1;2
67;1;6;3;2;2;5;2;3;1;4;5;1;3;4;2;3;1;1
68;7;1;6;3;2;2;5;2;4;1;4;6;1;3;3;2;3;1
69;2;7;1;5;3;2;2;5;2;4;1;4;6;1;3;4;2;3
70;2;1;7;1;5;3;2;3;4;2;4;1;4;6;0;3;3;2
71;6;2;1;7;1;5;3;2;3;4;2;4;1;4;5;0;3;3
72;1;6;2;1;7;1;5;3;2;3;4;2;3;1;4;5;0;3
73;4;1;6;2;1;7;1;5;3;2;3;4;2;3;1;4;5;0
74;4;4;1;5;2;1;7;1;5;3;2;3;4;2;3;1;4;5
75;3;3;5;1;5;2;2;7;1;5;3;2;3;4;1;3;1;4
76;2;3;3;4;0;5;2;2;7;1;5;3;2;2;4;1;3;1
77;3;2;3;3;4;0;5;2;2;7;1;4;3;2;2;4;1;3
78;1;2;2;2;3;4;0;5;2;2;7;1;4;3;2;2;4;1
79;1;1;3;2;2;3;4;0;4;2;2;8;1;4;3;2;2;4
80;4;1;1;2;2;2;3;3;0;4;2;2;8;1;3;3;1;2
81;2;3;1;1;2;2;2;3;3;1;4;2;2;6;1;3;3;1
82;1;2;3;1;1;2;0;2;2;3;0;4;2;2;6;1;3;3
83;2;1;2;3;1;0;2;0;2;2;3;0;4;1;2;6;1;3
84;0;2;1;2;3;1;0;2;0;1;2;2;0;4;1;2;6;1
85;2;0;2;1;2;2;1;0;2;0;1;1;2;0;4;1;2;6
86;2;2;0;2;1;1;2;1;0;2;0;1;1;2;0;4;1;2
87;2;2;1;0;2;1;0;2;1;0;2;1;1;1;2;0;2;1
88;1;2;2;1;0;2;1;0;2;1;0;2;0;1;1;2;0;2
89;1;1;2;2;1;0;2;1;1;2;1;0;2;0;1;1;1;0
90;0;1;1;1;1;1;0;2;1;1;2;1;0;2;0;1;1;1
91;2;0;1;1;1;1;1;0;2;1;1;1;1;0;2;0;1;1
92;0;1;0;1;1;1;0;0;0;2;1;1;1;1;0;2;0;1
93;0;0;0;0;1;1;1;0;0;0;2;1;1;1;1;0;2;0
94;0;0;0;0;0;0;1;0;0;0;0;2;1;1;1;1;0;0
95;0;0;0;0;0;0;0;1;0;0;0;0;2;1;1;0;1;0
96;0;0;0;0;0;0;0;0;1;0;0;0;0;1;0;1;0;1
97;0;0;0;0;0;0;0;0;0;1;0;0;0;0;1;0;1;0
98;0;0;0;0;0;0;0;0;0;0;0;0;0;0;0;1;0;1
99;0;0;0;0;0;0;0;0;0;0;0;0;0;0;0;0;1;0
100 e oltre;0;0;0;0;0;0;0;0;0;0;0;0;0;0;0;0;0;1
Totale;293;291;289;277;276;270;272;263;263;264;260;256;259;262;250;246;241;233
Età/Anno;2002;2003;2004;2005;2006;2007;2008;2009;2010;2011;2012;2013;2014;2015;2016;2017;2018;2019
Età;Femmine
0;1;1;3;3;2;1;1;4;3;1;1;2;2;0;2;0;2;0
1;5;1;1;2;3;2;1;1;4;4;1;1;2;2;0;2;0;3
2;3;5;1;0;2;3;2;1;1;4;4;1;1;2;2;0;2;0
3;0;3;5;2;0;2;3;2;1;1;4;4;1;1;2;2;0;2
4;4;0;3;4;2;0;2;3;1;1;1;4;4;1;1;1;2;0
5;0;4;0;3;4;2;0;2;3;2;1;0;4;4;1;1;1;2
6;2;0;4;0;3;4;2;0;2;3;2;1;0;4;4;1;1;1
7;6;2;0;4;0;3;4;2;0;2;3;1;1;0;4;4;1;1
8;2;6;2;0;4;0;3;4;2;0;2;3;1;1;0;4;4;1
9;1;2;6;2;0;4;0;3;4;2;0;2;3;1;1;0;4;4
10;2;1;2;7;2;0;4;0;3;4;2;1;2;3;1;1;0;4
11;1;2;1;2;7;2;0;4;0;3;4;2;1;2;3;1;1;0
12;2;1;2;1;2;7;2;0;4;0;3;4;2;1;2;3;1;1
13;6;3;1;2;1;2;7;2;0;4;0;3;4;2;0;2;3;1
14;2;7;3;1;2;1;2;7;2;0;4;0;3;4;2;0;2;3
15;2;2;7;4;1;2;1;2;7;2;0;4;0;3;3;2;0;2
16;1;2;1;7;4;1;2;1;2;7;2;0;4;0;3;3;2;0
17;4;1;2;1;7;4;1;2;1;1;7;2;0;4;0;3;3;2
18;1;4;1;2;1;6;3;1;2;1;2;7;2;0;4;0;3;3
19;1;1;3;1;2;1;6;2;1;3;1;2;6;2;0;4;0;3
20;3;1;1;4;1;3;1;6;2;1;3;1;2;6;2;0;4;0
21;0;4;0;1;3;1;3;2;6;2;1;3;1;2;6;2;0;4
22;2;1;4;0;1;3;2;3;2;7;2;1;3;1;2;6;2;0
23;5;2;1;4;0;1;3;2;3;2;7;3;1;3;1;2;6;2
24;4;5;2;1;4;0;1;3;2;3;2;7;3;1;3;1;2;6
25;5;5;5;2;3;2;0;1;3;2;3;3;5;3;1;4;0;2
26;5;5;5;4;2;3;2;0;0;3;2;3;3;5;3;1;5;0
27;7;6;5;4;4;2;3;1;0;0;3;2;3;3;4;3;1;5
28;2;7;6;5;3;4;2;3;2;0;1;3;3;3;3;4;2;1
29;1;2;6;5;4;3;4;2;2;2;0;1;3;3;3;3;3;2
30;3;1;2;7;5;4;3;3;2;2;2;0;1;3;3;3;3;4
31;5;3;3;3;6;5;4;3;4;2;3;1;0;1;3;3;3;3
32;0;6;3;1;3;7;4;3;3;3;1;3;1;0;1;3;3;3
33;5;0;6;2;1;3;6;4;3;3;3;1;3;1;0;0;3;3
34;5;5;0;5;2;1;3;6;5;2;3;3;0;2;0;0;0;2
35;7;5;4;0;5;3;1;3;7;4;2;3;3;0;2;0;0;0
36;4;7;5;3;0;4;2;3;3;7;4;1;3;3;0;2;0;0
37;8;5;6;5;3;0;4;2;2;3;7;4;1;3;3;1;2;0
38;7;7;5;6;5;3;0;5;2;2;3;7;4;1;2;3;2;2
39;3;7;7;5;6;5;3;0;5;2;2;3;6;3;0;2;3;2
40;3;3;8;6;5;6;5;3;0;4;2;2;3;6;3;1;2;3
41;4;3;3;7;6;5;6;5;3;0;5;2;1;2;5;3;1;2
42;3;4;3;3;7;7;5;6;5;3;0;5;2;1;2;5;3;1
43;6;3;4;3;3;8;7;4;7;5;3;0;6;2;1;2;5;3
44;2;6;2;4;1;3;8;7;5;7;4;3;0;4;2;1;2;4
45;3;2;6;2;4;1;5;7;7;5;7;5;3;0;4;2;1;2
46;1;3;2;4;2;4;1;5;7;7;5;7;4;3;0;4;2;1
47;2;1;3;2;4;2;4;2;5;8;6;5;7;4;5;0;4;2
48;2;2;1;3;2;4;2;4;1;5;8;6;6;7;5;4;0;4
49;3;2;2;1;3;2;4;2;4;2;5;8;6;6;6;5;4;0
50;1;4;2;2;1;3;2;4;2;4;2;5;8;6;6;6;5;4
51;5;1;3;2;2;1;3;2;4;2;4;2;5;8;6;6;6;4
52;1;5;1;3;2;2;1;3;2;4;3;4;2;5;8;6;6;6
53;3;1;5;1;3;2;2;1;3;2;3;3;4;1;5;8;6;6
54;5;3;1;4;1;3;2;2;1;2;2;3;3;4;1;5;8;6
55;4;5;3;1;4;1;3;2;2;1;2;2;3;4;4;1;5;8
56;2;4;6;2;1;4;1;3;2;2;1;2;3;2;4;4;1;5
57;1;2;4;6;2;1;4;1;3;2;2;1;2;3;3;4;4;1
58;3;1;1;4;6;2;1;4;1;3;2;2;1;2;3;3;4;4
59;2;3;2;1;4;5;3;1;4;1;2;2;2;1;2;3;3;4
60;4;2;3;2;1;4;5;3;1;4;1;2;2;2;1;2;3;3
61;5;4;2;3;2;3;4;5;3;1;4;1;2;2;2;1;2;3
62;3;5;4;2;3;1;3;4;5;3;1;4;1;2;2;2;1;2
63;5;3;5;4;2;3;1;2;4;5;3;1;3;1;4;2;2;1
64;4;4;2;5;4;2;3;1;2;4;5;4;1;3;1;4;2;2
65;5;4;4;2;5;4;2;3;1;2;4;5;4;1;3;1;4;2
66;3;5;4;4;2;5;4;2;3;1;2;4;5;4;1;3;1;4
67;3;3;5;4;4;2;5;4;3;3;1;2;5;5;4;1;2;1
68;5;3;3;5;4;4;3;5;4;3;3;1;2;5;5;4;1;2
69;4;5;2;4;5;4;4;3;5;4;3;3;1;2;5;5;4;1
70;3;4;5;2;4;5;4;4;3;5;4;2;3;1;2;5;5;4
71;7;3;4;4;2;4;4;4;4;3;5;4;2;3;1;2;5;5
72;1;6;3;4;4;2;4;5;5;4;3;5;4;2;3;1;2;5
73;4;1;6;3;4;4;2;4;5;5;4;3;5;4;2;2;1;2
74;4;4;1;6;3;5;4;2;4;5;6;4;3;5;4;2;1;1
75;5;4;4;1;6;3;4;4;2;4;5;5;4;3;5;4;2;1
76;1;5;4;3;2;4;3;4;4;2;4;5;5;4;3;5;4;2
77;2;1;5;4;3;2;3;3;4;4;1;4;5;3;4;3;5;4
78;4;1;1;5;3;3;2;3;3;4;4;1;4;5;3;4;3;5
79;1;4;1;1;5;3;3;2;4;3;4;3;1;5;5;3;4;3
80;2;1;2;1;1;5;3;3;2;4;3;3;3;1;5;5;2;4
81;5;2;1;2;1;1;5;3;3;0;3;3;3;3;1;5;4;2
82;1;4;2;1;2;1;2;5;3;3;0;3;3;3;3;1;5;2
83;1;1;4;1;1;2;1;1;5;3;3;0;3;3;3;3;1;5
84;1;1;1;3;2;1;2;1;1;5;3;3;0;2;3;4;2;1
85;2;1;1;1;2;1;1;1;1;1;4;3;3;1;2;3;4;2
86;1;2;1;1;0;3;0;1;1;1;1;4;3;3;1;2;3;3
87;3;1;2;1;1;0;2;0;1;1;1;1;3;3;3;1;2;3
88;1;2;1;2;1;1;0;2;0;1;1;1;1;3;1;3;1;2
89;2;1;2;0;2;1;1;0;2;1;0;0;1;1;3;1;3;1
90;1;2;1;2;0;2;0;1;0;1;1;0;0;1;1;2;1;2
91;1;1;0;1;1;0;2;0;1;0;1;1;0;0;1;1;1;1
92;1;1;0;0;1;0;0;2;0;1;0;1;1;0;0;1;1;1
93;0;1;1;0;0;1;0;0;1;0;1;0;1;1;0;0;1;1
94;0;0;1;1;0;0;1;0;0;1;0;1;0;1;1;0;0;1
95;0;0;0;0;1;0;0;1;0;0;1;0;1;0;0;1;0;0
96;3;0;0;0;0;0;0;0;0;0;0;1;0;1;0;0;1;0
97;1;2;0;0;0;0;0;0;0;0;0;0;1;0;1;0;0;1
98;0;0;0;0;0;0;0;0;0;0;0;0;0;0;0;1;0;0
99;0;0;0;0;0;0;0;0;0;0;0;0;0;0;0;0;1;0
100 e oltre;1;1;0;1;1;1;1;1;1;0;0;0;0;0;0;0;0;0
Totale;283;285;274;262;258;257;254;255;260;258;256;254;252;244;241;240;235;229

"Ricostruzione della popolazione intercensuaria - Popolazione al 1° gennaio per età"
"Cittadinanza straniera - Comune: Tiana"
Età/Anno;2002;2003;2004;2005;2006;2007;2008;2009;2010;2011;2012;2013;2014;2015;2016;2017;2018;2019
Età;Totale
0;0;0;0;0;0;0;0;0;0;0;0;0;0;0;0;0;0;0
1;0;0;0;0;0;0;0;0;0;0;0;0;0;0;0;0;0;0
2;0;0;0;0;0;0;0;0;0;0;0;0;0;0;0;0;0;0
3;0;0;0;0;0;0;0;0;0;0;0;0;0;0;0;0;0;0
4;0;0;0;0;0;0;0;0;0;0;0;0;0;0;0;0;0;0
5;0;0;0;0;0;0;0;0;0;0;0;0;0;0;0;0;0;0
6;1;0;0;0;0;0;0;0;0;0;0;0;0;0;0;0;0;0
7;0;1;0;0;0;0;0;0;0;0;0;0;0;0;0;0;0;0
8;0;0;1;0;0;0;0;0;0;0;0;0;0;0;0;0;0;0
9;0;0;0;1;0;0;0;0;0;0;0;0;0;0;0;0;0;0
10;0;0;0;0;1;0;0;0;0;0;0;0;0;0;0;0;0;0
11;0;0;0;0;0;1;0;0;0;0;0;0;0;0;0;0;0;0
12;0;0;0;0;0;0;1;0;0;0;0;0;0;0;0;0;0;0
13;0;0;0;0;0;0;0;0;0;0;0;0;0;0;0;0;0;0
14;0;0;0;0;0;0;0;0;0;0;0;0;0;0;0;0;0;0
15;0;0;0;0;0;0;0;0;0;0;0;0;0;1;0;0;0;0
16;0;0;0;0;0;0;0;0;0;0;0;0;0;0;1;0;0;0
17;0;0;0;0;0;0;0;0;0;0;0;0;0;0;0;1;0;0
18;0;0;0;0;0;0;0;0;0;0;0;0;0;0;0;0;1;0
19;0;0;0;0;0;0;0;0;0;0;0;0;0;0;0;0;0;1
20;0;0;0;0;0;0;0;0;0;0;0;0;0;0;0;0;0;0
21;0;0;0;0;0;0;0;0;0;0;0;0;0;0;0;0;0;0
22;0;0;0;0;0;0;0;0;0;0;0;0;0;0;0;0;0;0
23;0;0;0;0;0;0;0;0;0;0;0;0;0;0;0;0;0;0
24;0;0;0;0;0;1;0;0;0;0;0;0;0;0;0;0;0;0
25;0;0;0;0;0;1;1;0;0;0;0;0;0;0;0;0;0;0
26;0;0;0;0;0;0;0;1;0;0;0;0;0;0;0;0;0;0
27;1;0;0;0;0;0;0;0;1;0;0;0;0;0;0;0;0;0
28;0;1;0;0;0;0;0;0;0;1;0;0;0;0;0;0;0;0
29;0;0;1;0;0;0;0;0;0;0;1;0;0;0;0;0;0;0
30;0;1;0;1;0;1;0;0;0;0;0;1;0;0;0;0;0;0
31;0;0;1;0;1;0;1;0;0;0;0;0;1;0;0;0;0;0
32;0;0;0;0;0;1;0;1;0;0;0;0;0;1;0;0;0;0
33;0;0;0;0;0;0;1;0;1;0;0;0;0;0;1;0;0;0
34;0;0;0;0;0;0;0;1;0;0;0;0;1;0;0;1;0;0
35;0;0;0;0;0;0;0;0;0;0;0;0;0;2;0;0;1;0
36;0;0;0;0;0;0;0;0;0;0;0;0;0;0;2;0;0;1
37;1;0;0;0;0;0;0;0;0;0;0;0;0;1;0;1;0;0
38;0;1;0;0;0;0;0;0;0;0;0;0;0;0;1;0;0;0
39;0;0;1;0;0;0;1;0;0;0;0;0;0;0;0;1;0;0
40;0;0;0;1;0;0;0;1;0;0;0;0;0;0;0;0;1;0
41;0;0;0;0;1;0;0;0;1;0;0;0;0;0;0;0;0;0
42;0;0;0;0;0;1;0;0;0;0;0;0;0;0;0;0;0;0
43;0;0;0;0;0;0;1;0;0;0;1;0;0;0;0;0;0;0
44;0;0;0;0;0;0;0;1;0;0;0;1;0;0;0;0;0;0
45;0;0;0;0;0;0;0;0;1;0;0;0;1;0;0;0;0;0
46;0;0;0;0;0;0;0;0;0;1;0;0;0;1;0;0;0;0
47;0;0;0;0;0;0;0;0;0;0;1;0;0;0;1;0;0;0
48;0;0;0;0;0;0;0;0;0;0;1;1;0;0;0;0;0;0
49;0;0;0;0;0;0;0;0;0;0;0;1;1;0;0;0;0;0
50;0;0;0;0;0;0;0;0;0;0;0;0;1;1;0;0;0;0
51;0;0;0;0;0;0;0;0;0;0;0;0;0;1;1;0;0;0
52;0;0;0;0;0;0;0;0;0;0;0;0;0;0;1;1;0;0
53;0;0;0;0;0;0;0;0;0;0;0;0;0;0;0;1;1;0
54;0;0;0;0;0;0;0;0;0;0;0;0;0;0;0;0;1;1
55;0;0;0;0;0;0;0;0;0;0;0;0;0;0;0;0;0;1
56;0;0;0;0;0;0;0;0;0;0;0;0;0;0;0;0;0;0
57;0;0;0;0;0;0;0;0;0;0;0;0;0;0;0;0;0;0
58;0;0;0;0;0;0;0;0;0;0;0;0;0;0;0;0;0;0
59;0;0;0;0;0;0;0;0;0;0;0;0;0;0;0;0;0;0
60;0;0;0;0;0;0;0;0;0;0;0;0;0;0;0;0;0;0
61;0;0;0;0;0;0;0;0;0;0;0;0;0;0;0;0;0;0
62;0;0;0;0;0;0;0;0;0;0;0;0;0;0;0;0;0;0
63;0;0;0;0;0;0;0;0;1;0;0;0;0;0;0;0;0;0
64;0;0;0;0;0;0;0;0;0;1;0;0;0;0;0;0;0;0
65;0;0;0;0;0;0;0;0;0;0;1;0;0;0;0;0;0;0
66;0;0;0;0;0;0;0;0;0;0;0;1;0;0;0;0;0;0
67;0;0;0;0;0;0;0;0;0;0;0;0;1;0;0;0;0;0
68;0;0;0;0;0;0;0;0;0;0;0;0;0;1;0;0;0;0
69;0;0;0;0;0;0;0;0;0;0;0;0;0;0;1;0;0;0
70;0;0;0;0;0;0;0;0;0;0;0;0;0;0;0;1;0;0
71;0;0;0;0;0;0;0;0;0;0;0;0;0;0;0;0;1;0
72;0;0;0;0;0;0;0;0;1;0;0;0;0;0;0;0;0;1
73;0;0;0;0;0;0;0;0;0;1;0;0;0;0;0;0;0;0
74;0;0;0;0;0;0;0;0;0;0;1;0;0;0;0;0;0;0
75;0;0;0;0;0;0;0;0;0;0;0;1;0;0;0;0;0;0
76;0;0;0;0;0;0;0;0;0;0;0;0;1;0;0;0;0;0
77;0;0;0;0;0;0;0;0;0;0;0;0;0;1;0;0;0;0
78;0;0;0;0;0;0;0;0;0;0;0;0;0;0;1;0;0;0
79;0;0;0;0;0;0;0;0;0;0;0;0;0;0;0;1;0;0
80;0;0;0;0;0;0;0;0;0;0;0;0;0;0;0;0;1;0
81;0;0;0;0;0;0;0;0;0;0;0;0;0;0;0;0;0;1
82;0;0;0;0;0;0;0;0;0;0;0;0;0;0;0;0;0;0
83;0;0;0;0;0;0;0;0;0;0;0;0;0;0;0;0;0;0
84;0;0;0;0;0;0;0;0;0;0;0;0;0;0;0;0;0;0
85;0;0;0;0;0;0;0;0;0;0;0;0;0;0;0;0;0;0
86;0;0;0;0;0;0;0;0;0;0;0;0;0;0;0;0;0;0
87;0;0;0;0;0;0;0;0;0;0;0;0;0;0;0;0;0;0
88;0;0;0;0;0;0;0;0;0;0;0;0;0;0;0;0;0;0
89;0;0;0;0;0;0;0;0;0;0;0;0;0;0;0;0;0;0
90;0;0;0;0;0;0;0;0;0;0;0;0;0;0;0;0;0;0
91;0;0;0;0;0;0;0;0;0;0;0;0;0;0;0;0;0;0
92;0;0;0;0;0;0;0;0;0;0;0;0;0;0;0;0;0;0
93;0;0;0;0;0;0;0;0;0;0;0;0;0;0;0;0;0;0
94;0;0;0;0;0;0;0;0;0;0;0;0;0;0;0;0;0;0
95;0;0;0;0;0;0;0;0;0;0;0;0;0;0;0;0;0;0
96;0;0;0;0;0;0;0;0;0;0;0;0;0;0;0;0;0;0
97;0;0;0;0;0;0;0;0;0;0;0;0;0;0;0;0;0;0
98;0;0;0;0;0;0;0;0;0;0;0;0;0;0;0;0;0;0
99;0;0;0;0;0;0;0;0;0;0;0;0;0;0;0;0;0;0
100 e oltre;0;0;0;0;0;0;0;0;0;0;0;0;0;0;0;0;0;0
Totale;3;4;4;3;3;6;6;5;6;4;6;6;7;10;10;8;7;6
Età/Anno;2002;2003;2004;2005;2006;2007;2008;2009;2010;2011;2012;2013;2014;2015;2016;2017;2018;2019
Età;Maschi
0;0;0;0;0;0;0;0;0;0;0;0;0;0;0;0;0;0;0
1;0;0;0;0;0;0;0;0;0;0;0;0;0;0;0;0;0;0
2;0;0;0;0;0;0;0;0;0;0;0;0;0;0;0;0;0;0
3;0;0;0;0;0;0;0;0;0;0;0;0;0;0;0;0;0;0
4;0;0;0;0;0;0;0;0;0;0;0;0;0;0;0;0;0;0
5;0;0;0;0;0;0;0;0;0;0;0;0;0;0;0;0;0;0
6;1;0;0;0;0;0;0;0;0;0;0;0;0;0;0;0;0;0
7;0;1;0;0;0;0;0;0;0;0;0;0;0;0;0;0;0;0
8;0;0;1;0;0;0;0;0;0;0;0;0;0;0;0;0;0;0
9;0;0;0;1;0;0;0;0;0;0;0;0;0;0;0;0;0;0
10;0;0;0;0;1;0;0;0;0;0;0;0;0;0;0;0;0;0
11;0;0;0;0;0;1;0;0;0;0;0;0;0;0;0;0;0;0
12;0;0;0;0;0;0;1;0;0;0;0;0;0;0;0;0;0;0
13;0;0;0;0;0;0;0;0;0;0;0;0;0;0;0;0;0;0
14;0;0;0;0;0;0;0;0;0;0;0;0;0;0;0;0;0;0
15;0;0;0;0;0;0;0;0;0;0;0;0;0;1;0;0;0;0
16;0;0;0;0;0;0;0;0;0;0;0;0;0;0;1;0;0;0
17;0;0;0;0;0;0;0;0;0;0;0;0;0;0;0;1;0;0
18;0;0;0;0;0;0;0;0;0;0;0;0;0;0;0;0;1;0
19;0;0;0;0;0;0;0;0;0;0;0;0;0;0;0;0;0;1
20;0;0;0;0;0;0;0;0;0;0;0;0;0;0;0;0;0;0
21;0;0;0;0;0;0;0;0;0;0;0;0;0;0;0;0;0;0
22;0;0;0;0;0;0;0;0;0;0;0;0;0;0;0;0;0;0
23;0;0;0;0;0;0;0;0;0;0;0;0;0;0;0;0;0;0
24;0;0;0;0;0;0;0;0;0;0;0;0;0;0;0;0;0;0
25;0;0;0;0;0;1;0;0;0;0;0;0;0;0;0;0;0;0
26;0;0;0;0;0;0;0;0;0;0;0;0;0;0;0;0;0;0
27;0;0;0;0;0;0;0;0;0;0;0;0;0;0;0;0;0;0
28;0;0;0;0;0;0;0;0;0;0;0;0;0;0;0;0;0;0
29;0;0;0;0;0;0;0;0;0;0;0;0;0;0;0;0;0;0
30;0;1;0;0;0;1;0;0;0;0;0;0;0;0;0;0;0;0
31;0;0;1;0;0;0;1;0;0;0;0;0;0;0;0;0;0;0
32;0;0;0;0;0;0;0;1;0;0;0;0;0;0;0;0;0;0
33;0;0;0;0;0;0;0;0;1;0;0;0;0;0;0;0;0;0
34;0;0;0;0;0;0;0;0;0;0;0;0;0;0;0;0;0;0
35;0;0;0;0;0;0;0;0;0;0;0;0;0;0;0;0;0;0
36;0;0;0;0;0;0;0;0;0;0;0;0;0;0;0;0;0;0
37;0;0;0;0;0;0;0;0;0;0;0;0;0;0;0;0;0;0
38;0;0;0;0;0;0;0;0;0;0;0;0;0;0;0;0;0;0
39;0;0;0;0;0;0;0;0;0;0;0;0;0;0;0;0;0;0
40;0;0;0;0;0;0;0;0;0;0;0;0;0;0;0;0;0;0
41;0;0;0;0;0;0;0;0;0;0;0;0;0;0;0;0;0;0
42;0;0;0;0;0;0;0;0;0;0;0;0;0;0;0;0;0;0
43;0;0;0;0;0;0;0;0;0;0;0;0;0;0;0;0;0;0
44;0;0;0;0;0;0;0;0;0;0;0;0;0;0;0;0;0;0
45;0;0;0;0;0;0;0;0;0;0;0;0;0;0;0;0;0;0
46;0;0;0;0;0;0;0;0;0;0;0;0;0;0;0;0;0;0
47;0;0;0;0;0;0;0;0;0;0;0;0;0;0;0;0;0;0
48;0;0;0;0;0;0;0;0;0;0;1;0;0;0;0;0;0;0
49;0;0;0;0;0;0;0;0;0;0;0;1;0;0;0;0;0;0
50;0;0;0;0;0;0;0;0;0;0;0;0;1;0;0;0;0;0
51;0;0;0;0;0;0;0;0;0;0;0;0;0;1;0;0;0;0
52;0;0;0;0;0;0;0;0;0;0;0;0;0;0;1;0;0;0
53;0;0;0;0;0;0;0;0;0;0;0;0;0;0;0;1;0;0
54;0;0;0;0;0;0;0;0;0;0;0;0;0;0;0;0;1;0
55;0;0;0;0;0;0;0;0;0;0;0;0;0;0;0;0;0;1
56;0;0;0;0;0;0;0;0;0;0;0;0;0;0;0;0;0;0
57;0;0;0;0;0;0;0;0;0;0;0;0;0;0;0;0;0;0
58;0;0;0;0;0;0;0;0;0;0;0;0;0;0;0;0;0;0
59;0;0;0;0;0;0;0;0;0;0;0;0;0;0;0;0;0;0
60;0;0;0;0;0;0;0;0;0;0;0;0;0;0;0;0;0;0
61;0;0;0;0;0;0;0;0;0;0;0;0;0;0;0;0;0;0
62;0;0;0;0;0;0;0;0;0;0;0;0;0;0;0;0;0;0
63;0;0;0;0;0;0;0;0;0;0;0;0;0;0;0;0;0;0
64;0;0;0;0;0;0;0;0;0;0;0;0;0;0;0;0;0;0
65;0;0;0;0;0;0;0;0;0;0;0;0;0;0;0;0;0;0
66;0;0;0;0;0;0;0;0;0;0;0;0;0;0;0;0;0;0
67;0;0;0;0;0;0;0;0;0;0;0;0;0;0;0;0;0;0
68;0;0;0;0;0;0;0;0;0;0;0;0;0;0;0;0;0;0
69;0;0;0;0;0;0;0;0;0;0;0;0;0;0;0;0;0;0
70;0;0;0;0;0;0;0;0;0;0;0;0;0;0;0;0;0;0
71;0;0;0;0;0;0;0;0;0;0;0;0;0;0;0;0;0;0
72;0;0;0;0;0;0;0;0;1;0;0;0;0;0;0;0;0;0
73;0;0;0;0;0;0;0;0;0;1;0;0;0;0;0;0;0;0
74;0;0;0;0;0;0;0;0;0;0;1;0;0;0;0;0;0;0
75;0;0;0;0;0;0;0;0;0;0;0;1;0;0;0;0;0;0
76;0;0;0;0;0;0;0;0;0;0;0;0;1;0;0;0;0;0
77;0;0;0;0;0;0;0;0;0;0;0;0;0;1;0;0;0;0
78;0;0;0;0;0;0;0;0;0;0;0;0;0;0;1;0;0;0
79;0;0;0;0;0;0;0;0;0;0;0;0;0;0;0;1;0;0
80;0;0;0;0;0;0;0;0;0;0;0;0;0;0;0;0;1;0
81;0;0;0;0;0;0;0;0;0;0;0;0;0;0;0;0;0;1
82;0;0;0;0;0;0;0;0;0;0;0;0;0;0;0;0;0;0
83;0;0;0;0;0;0;0;0;0;0;0;0;0;0;0;0;0;0
84;0;0;0;0;0;0;0;0;0;0;0;0;0;0;0;0;0;0
85;0;0;0;0;0;0;0;0;0;0;0;0;0;0;0;0;0;0
86;0;0;0;0;0;0;0;0;0;0;0;0;0;0;0;0;0;0
87;0;0;0;0;0;0;0;0;0;0;0;0;0;0;0;0;0;0
88;0;0;0;0;0;0;0;0;0;0;0;0;0;0;0;0;0;0
89;0;0;0;0;0;0;0;0;0;0;0;0;0;0;0;0;0;0
90;0;0;0;0;0;0;0;0;0;0;0;0;0;0;0;0;0;0
91;0;0;0;0;0;0;0;0;0;0;0;0;0;0;0;0;0;0
92;0;0;0;0;0;0;0;0;0;0;0;0;0;0;0;0;0;0
93;0;0;0;0;0;0;0;0;0;0;0;0;0;0;0;0;0;0
94;0;0;0;0;0;0;0;0;0;0;0;0;0;0;0;0;0;0
95;0;0;0;0;0;0;0;0;0;0;0;0;0;0;0;0;0;0
96;0;0;0;0;0;0;0;0;0;0;0;0;0;0;0;0;0;0
97;0;0;0;0;0;0;0;0;0;0;0;0;0;0;0;0;0;0
98;0;0;0;0;0;0;0;0;0;0;0;0;0;0;0;0;0;0
99;0;0;0;0;0;0;0;0;0;0;0;0;0;0;0;0;0;0
100 e oltre;0;0;0;0;0;0;0;0;0;0;0;0;0;0;0;0;0;0
Totale;1;2;2;1;1;3;2;1;2;1;2;2;2;3;3;3;3;3
Età/Anno;2002;2003;2004;2005;2006;2007;2008;2009;2010;2011;2012;2013;2014;2015;2016;2017;2018;2019
Età;Femmine
0;0;0;0;0;0;0;0;0;0;0;0;0;0;0;0;0;0;0
1;0;0;0;0;0;0;0;0;0;0;0;0;0;0;0;0;0;0
2;0;0;0;0;0;0;0;0;0;0;0;0;0;0;0;0;0;0
3;0;0;0;0;0;0;0;0;0;0;0;0;0;0;0;0;0;0
4;0;0;0;0;0;0;0;0;0;0;0;0;0;0;0;0;0;0
5;0;0;0;0;0;0;0;0;0;0;0;0;0;0;0;0;0;0
6;0;0;0;0;0;0;0;0;0;0;0;0;0;0;0;0;0;0
7;0;0;0;0;0;0;0;0;0;0;0;0;0;0;0;0;0;0
8;0;0;0;0;0;0;0;0;0;0;0;0;0;0;0;0;0;0
9;0;0;0;0;0;0;0;0;0;0;0;0;0;0;0;0;0;0
10;0;0;0;0;0;0;0;0;0;0;0;0;0;0;0;0;0;0
11;0;0;0;0;0;0;0;0;0;0;0;0;0;0;0;0;0;0
12;0;0;0;0;0;0;0;0;0;0;0;0;0;0;0;0;0;0
13;0;0;0;0;0;0;0;0;0;0;0;0;0;0;0;0;0;0
14;0;0;0;0;0;0;0;0;0;0;0;0;0;0;0;0;0;0
15;0;0;0;0;0;0;0;0;0;0;0;0;0;0;0;0;0;0
16;0;0;0;0;0;0;0;0;0;0;0;0;0;0;0;0;0;0
17;0;0;0;0;0;0;0;0;0;0;0;0;0;0;0;0;0;0
18;0;0;0;0;0;0;0;0;0;0;0;0;0;0;0;0;0;0
19;0;0;0;0;0;0;0;0;0;0;0;0;0;0;0;0;0;0
20;0;0;0;0;0;0;0;0;0;0;0;0;0;0;0;0;0;0
21;0;0;0;0;0;0;0;0;0;0;0;0;0;0;0;0;0;0
22;0;0;0;0;0;0;0;0;0;0;0;0;0;0;0;0;0;0
23;0;0;0;0;0;0;0;0;0;0;0;0;0;0;0;0;0;0
24;0;0;0;0;0;1;0;0;0;0;0;0;0;0;0;0;0;0
25;0;0;0;0;0;0;1;0;0;0;0;0;0;0;0;0;0;0
26;0;0;0;0;0;0;0;1;0;0;0;0;0;0;0;0;0;0
27;1;0;0;0;0;0;0;0;1;0;0;0;0;0;0;0;0;0
28;0;1;0;0;0;0;0;0;0;1;0;0;0;0;0;0;0;0
29;0;0;1;0;0;0;0;0;0;0;1;0;0;0;0;0;0;0
30;0;0;0;1;0;0;0;0;0;0;0;1;0;0;0;0;0;0
31;0;0;0;0;1;0;0;0;0;0;0;0;1;0;0;0;0;0
32;0;0;0;0;0;1;0;0;0;0;0;0;0;1;0;0;0;0
33;0;0;0;0;0;0;1;0;0;0;0;0;0;0;1;0;0;0
34;0;0;0;0;0;0;0;1;0;0;0;0;1;0;0;1;0;0
35;0;0;0;0;0;0;0;0;0;0;0;0;0;2;0;0;1;0
36;0;0;0;0;0;0;0;0;0;0;0;0;0;0;2;0;0;1
37;1;0;0;0;0;0;0;0;0;0;0;0;0;1;0;1;0;0
38;0;1;0;0;0;0;0;0;0;0;0;0;0;0;1;0;0;0
39;0;0;1;0;0;0;1;0;0;0;0;0;0;0;0;1;0;0
40;0;0;0;1;0;0;0;1;0;0;0;0;0;0;0;0;1;0
41;0;0;0;0;1;0;0;0;1;0;0;0;0;0;0;0;0;0
42;0;0;0;0;0;1;0;0;0;0;0;0;0;0;0;0;0;0
43;0;0;0;0;0;0;1;0;0;0;1;0;0;0;0;0;0;0
44;0;0;0;0;0;0;0;1;0;0;0;1;0;0;0;0;0;0
45;0;0;0;0;0;0;0;0;1;0;0;0;1;0;0;0;0;0
46;0;0;0;0;0;0;0;0;0;1;0;0;0;1;0;0;0;0
47;0;0;0;0;0;0;0;0;0;0;1;0;0;0;1;0;0;0
48;0;0;0;0;0;0;0;0;0;0;0;1;0;0;0;0;0;0
49;0;0;0;0;0;0;0;0;0;0;0;0;1;0;0;0;0;0
50;0;0;0;0;0;0;0;0;0;0;0;0;0;1;0;0;0;0
51;0;0;0;0;0;0;0;0;0;0;0;0;0;0;1;0;0;0
52;0;0;0;0;0;0;0;0;0;0;0;0;0;0;0;1;0;0
53;0;0;0;0;0;0;0;0;0;0;0;0;0;0;0;0;1;0
54;0;0;0;0;0;0;0;0;0;0;0;0;0;0;0;0;0;1
55;0;0;0;0;0;0;0;0;0;0;0;0;0;0;0;0;0;0
56;0;0;0;0;0;0;0;0;0;0;0;0;0;0;0;0;0;0
57;0;0;0;0;0;0;0;0;0;0;0;0;0;0;0;0;0;0
58;0;0;0;0;0;0;0;0;0;0;0;0;0;0;0;0;0;0
59;0;0;0;0;0;0;0;0;0;0;0;0;0;0;0;0;0;0
60;0;0;0;0;0;0;0;0;0;0;0;0;0;0;0;0;0;0
61;0;0;0;0;0;0;0;0;0;0;0;0;0;0;0;0;0;0
62;0;0;0;0;0;0;0;0;0;0;0;0;0;0;0;0;0;0
63;0;0;0;0;0;0;0;0;1;0;0;0;0;0;0;0;0;0
64;0;0;0;0;0;0;0;0;0;1;0;0;0;0;0;0;0;0
65;0;0;0;0;0;0;0;0;0;0;1;0;0;0;0;0;0;0
66;0;0;0;0;0;0;0;0;0;0;0;1;0;0;0;0;0;0
67;0;0;0;0;0;0;0;0;0;0;0;0;1;0;0;0;0;0
68;0;0;0;0;0;0;0;0;0;0;0;0;0;1;0;0;0;0
69;0;0;0;0;0;0;0;0;0;0;0;0;0;0;1;0;0;0
70;0;0;0;0;0;0;0;0;0;0;0;0;0;0;0;1;0;0
71;0;0;0;0;0;0;0;0;0;0;0;0;0;0;0;0;1;0
72;0;0;0;0;0;0;0;0;0;0;0;0;0;0;0;0;0;1
73;0;0;0;0;0;0;0;0;0;0;0;0;0;0;0;0;0;0
74;0;0;0;0;0;0;0;0;0;0;0;0;0;0;0;0;0;0
75;0;0;0;0;0;0;0;0;0;0;0;0;0;0;0;0;0;0
76;0;0;0;0;0;0;0;0;0;0;0;0;0;0;0;0;0;0
77;0;0;0;0;0;0;0;0;0;0;0;0;0;0;0;0;0;0
78;0;0;0;0;0;0;0;0;0;0;0;0;0;0;0;0;0;0
79;0;0;0;0;0;0;0;0;0;0;0;0;0;0;0;0;0;0
80;0;0;0;0;0;0;0;0;0;0;0;0;0;0;0;0;0;0
81;0;0;0;0;0;0;0;0;0;0;0;0;0;0;0;0;0;0
82;0;0;0;0;0;0;0;0;0;0;0;0;0;0;0;0;0;0
83;0;0;0;0;0;0;0;0;0;0;0;0;0;0;0;0;0;0
84;0;0;0;0;0;0;0;0;0;0;0;0;0;0;0;0;0;0
85;0;0;0;0;0;0;0;0;0;0;0;0;0;0;0;0;0;0
86;0;0;0;0;0;0;0;0;0;0;0;0;0;0;0;0;0;0
87;0;0;0;0;0;0;0;0;0;0;0;0;0;0;0;0;0;0
88;0;0;0;0;0;0;0;0;0;0;0;0;0;0;0;0;0;0
89;0;0;0;0;0;0;0;0;0;0;0;0;0;0;0;0;0;0
90;0;0;0;0;0;0;0;0;0;0;0;0;0;0;0;0;0;0
91;0;0;0;0;0;0;0;0;0;0;0;0;0;0;0;0;0;0
92;0;0;0;0;0;0;0;0;0;0;0;0;0;0;0;0;0;0
93;0;0;0;0;0;0;0;0;0;0;0;0;0;0;0;0;0;0
94;0;0;0;0;0;0;0;0;0;0;0;0;0;0;0;0;0;0
95;0;0;0;0;0;0;0;0;0;0;0;0;0;0;0;0;0;0
96;0;0;0;0;0;0;0;0;0;0;0;0;0;0;0;0;0;0
97;0;0;0;0;0;0;0;0;0;0;0;0;0;0;0;0;0;0
98;0;0;0;0;0;0;0;0;0;0;0;0;0;0;0;0;0;0
99;0;0;0;0;0;0;0;0;0;0;0;0;0;0;0;0;0;0
100 e oltre;0;0;0;0;0;0;0;0;0;0;0;0;0;0;0;0;0;0
Totale;2;2;2;2;2;3;4;4;4;3;4;4;5;7;7;5;4;3
