"Popolazione per età, vista per singola area - Comune: 071012 - Carpino"

"Ricostruzione della popolazione intercensuaria - Popolazione al 1° gennaio per età"
"Tutte le cittadinanze - Comune: Carpino"
Età/Anno;2002;2003;2004;2005;2006;2007;2008;2009;2010;2011;2012;2013;2014;2015;2016;2017;2018;2019
Età;Totale
0;41;41;37;31;36;38;27;38;35;29;40;33;34;32;22;21;16;26
1;40;40;42;36;31;37;35;27;36;37;30;40;34;35;32;20;23;15
2;52;40;39;41;33;34;39;34;26;36;37;31;39;31;34;32;18;22
3;49;49;38;41;38;33;33;37;35;26;38;36;31;36;29;33;28;19
4;47;50;48;42;41;40;34;32;37;34;28;39;36;29;32;29;30;32
5;36;45;51;50;40;40;39;35;34;39;36;30;38;34;28;33;28;31
6;54;36;46;49;46;40;42;38;34;35;40;34;29;38;36;29;33;28
7;57;55;38;45;44;47;38;40;41;33;35;38;33;29;41;37;31;33
8;47;59;53;40;45;46;41;39;40;40;33;35;37;33;28;39;36;31
9;68;50;56;52;39;48;45;41;40;41;41;33;34;36;33;27;39;37
10;53;67;48;56;51;39;49;48;40;40;41;39;34;34;36;33;29;39
11;59;55;70;48;54;51;40;50;50;44;40;42;37;36;34;37;32;29
12;44;57;55;71;48;55;51;40;52;51;44;40;42;37;35;32;39;32
13;51;42;56;56;69;48;55;50;39;52;55;46;39;42;36;36;32;41
14;47;50;43;55;58;70;48;55;53;39;54;54;46;39;43;37;34;32
15;40;47;48;41;56;57;72;49;55;52;40;53;53;47;38;44;36;32
16;41;37;47;46;41;58;58;71;49;55;52;40;52;53;47;39;43;37
17;34;42;37;48;48;41;61;59;72;50;56;52;39;52;52;50;42;43
18;47;33;41;32;47;49;43;59;57;73;52;57;53;41;55;52;49;46
19;51;47;35;41;31;43;51;44;59;56;75;51;55;51;40;57;52;47
20;54;48;48;34;37;30;46;51;44;59;55;73;48;56;52;42;56;52
21;46;54;47;49;31;39;30;43;55;40;62;57;74;47;56;53;41;54
22;56;46;54;41;44;31;42;30;46;52;40;61;60;70;43;53;53;41
23;65;57;47;53;41;45;35;40;30;46;55;41;63;59;69;44;49;51
24;52;59;58;46;50;39;48;35;39;33;46;56;41;62;60;69;42;50
25;55;54;62;57;40;50;39;49;35;40;33;47;53;41;67;61;72;43
26;58;56;54;65;56;41;51;34;51;36;41;34;45;55;42;65;59;73
27;68;54;54;54;60;53;38;48;32;47;37;38;34;44;51;42;61;55
28;61;67;49;52;49;58;52;38;52;35;45;37;35;33;44;52;42;59
29;73;63;68;50;53;53;58;49;41;51;37;46;35;33;33;43;52;40
30;74;74;63;69;53;52;52;58;47;42;50;35;47;33;33;30;44;50
31;63;76;74;58;59;49;51;47;57;49;42;53;35;45;33;29;31;43
32;75;63;73;65;56;57;54;46;42;58;51;42;55;37;44;36;30;34
33;74;68;65;66;60;52;54;58;43;42;58;52;37;54;37;47;35;32
34;78;74;65;59;64;60;57;51;55;44;45;56;51;38;52;38;43;35
35;64;79;69;63;59;64;56;55;48;56;45;44;58;50;37;48;37;42
36;87;64;78;66;59;58;65;57;54;47;57;48;43;57;54;38;47;31
37;86;87;64;80;63;59;53;66;58;53;47;57;49;42;56;50;37;47
38;68;89;87;64;78;67;57;53;64;57;54;49;56;48;40;55;51;38
39;60;68;88;95;66;77;68;58;54;66;58;55;48;56;49;40;56;50
40;44;57;68;85;94;67;72;70;59;53;66;59;54;49;57;50;40;55
41;74;46;54;66;80;95;67;72;71;59;53;67;58;53;51;55;49;41
42;53;72;47;53;67;83;94;67;70;68;60;53;69;58;56;52;54;47
43;54;51;72;43;52;64;86;89;68;71;70;61;52;68;60;55;52;55
44;52;57;53;73;41;51;67;86;86;68;72;67;61;50;68;58;56;54
45;48;53;60;55;72;41;53;68;85;84;67;73;70;62;51;66;61;55
46;40;47;53;58;54;73;43;53;70;82;86;67;76;69;63;52;63;61
47;58;42;46;53;56;54;70;45;53;69;84;87;66;76;68;62;52;62
48;25;58;42;46;53;56;50;70;45;54;69;83;84;64;75;68;60;52
49;40;25;58;41;49;55;57;50;72;46;55;69;84;84;64;73;70;60
50;30;42;25;54;42;51;55;56;51;70;46;54;69;84;85;65;74;73
51;41;30;41;24;53;45;51;55;57;51;71;44;55;67;81;81;67;74
52;30;39;29;42;25;54;44;51;55;56;52;71;46;53;67;82;80;68
53;59;30;40;29;42;24;54;44;51;54;56;53;69;46;53;65;83;78
54;49;59;32;40;29;42;25;55;45;48;54;56;53;71;47;53;67;81
55;63;50;58;33;40;28;43;26;56;44;48;51;53;50;72;48;54;66
56;50;64;48;58;33;40;29;43;26;54;43;47;52;53;50;69;50;54
57;41;50;64;47;59;33;40;30;44;23;55;42;48;52;54;51;70;50
58;38;40;52;62;47;57;33;40;30;42;23;53;41;48;50;55;50;71
59;70;37;40;52;60;45;58;33;40;29;42;23;55;41;47;49;52;50
60;33;70;39;41;54;59;47;59;32;40;30;43;24;54;41;47;51;52
61;66;36;70;39;44;53;60;47;57;32;40;32;43;23;52;40;49;52
62;54;68;36;68;39;45;55;59;43;58;32;40;32;41;23;52;40;49
63;58;53;67;36;67;39;47;57;58;42;57;33;40;32;41;23;52;41
64;65;59;53;66;35;64;34;46;57;56;41;55;34;38;33;41;24;50
65;79;66;60;53;63;33;64;33;46;58;53;42;55;34;38;33;42;24
66;55;79;65;57;52;62;34;66;35;48;57;55;40;56;32;38;33;40
67;78;56;78;66;58;50;61;35;67;35;47;57;53;41;55;32;38;32
68;57;76;55;75;67;58;48;60;35;66;34;48;55;53;41;54;33;38
69;58;57;75;55;75;64;58;48;59;31;64;34;48;54;51;40;53;33
70;66;59;57;73;54;70;62;57;47;60;31;63;34;47;54;48;40;53
71;84;67;55;57;76;54;69;62;58;43;60;31;63;34;46;50;48;40
72;56;84;65;52;56;74;53;69;59;60;41;60;29;61;33;46;49;47
73;51;55;81;61;53;55;75;50;69;58;58;42;60;27;59;32;47;49
74;71;45;53;79;61;52;53;71;48;69;57;58;42;59;26;58;32;45
75;47;65;45;50;79;59;50;53;69;47;70;56;55;42;59;24;59;30
76;56;46;63;45;51;77;55;49;51;70;47;69;52;52;41;58;26;58
77;47;54;43;63;44;48;73;56;47;49;69;44;64;49;51;37;57;23
78;48;42;52;41;60;41;45;70;54;46;46;65;41;62;44;51;35;56
79;42;48;39;50;38;59;41;43;67;51;43;44;64;40;63;41;53;33
80;40;37;48;37;49;37;56;39;41;65;48;40;43;62;35;61;39;50
81;53;39;35;46;39;43;35;55;36;39;65;46;40;41;57;34;54;38
82;24;49;39;31;44;38;37;32;54;36;37;62;45;39;35;54;31;51
83;13;22;48;34;29;39;35;37;32;52;36;35;59;40;33;33;50;32
84;12;12;20;44;29;25;36;34;31;32;47;30;33;55;37;32;30;49
85;23;10;11;15;40;28;19;33;35;24;31;41;25;33;51;35;31;26
86;22;21;9;11;14;36;23;17;28;31;22;28;35;24;29;45;31;26
87;30;19;15;8;7;9;34;22;15;25;30;21;27;32;20;28;37;30
88;25;27;16;14;8;7;6;31;21;12;20;30;20;24;26;16;26;30
89;14;21;23;15;13;6;7;5;20;20;9;19;25;16;22;21;16;24
90;14;9;15;21;11;13;5;7;3;21;17;9;17;23;13;18;18;12
91;8;13;9;13;18;10;12;4;5;2;20;15;9;17;16;10;13;18
92;12;6;10;8;11;19;9;10;4;5;2;16;13;8;15;14;8;13
93;3;10;4;10;7;10;17;6;9;2;4;0;9;9;6;13;10;8
94;3;3;8;3;8;7;6;11;4;8;2;2;0;8;6;5;10;9
95;1;3;3;8;3;7;6;6;6;4;7;0;2;0;4;3;4;9
96;2;1;3;3;4;2;4;3;4;4;4;6;0;3;0;4;2;4
97;2;2;1;2;2;4;2;4;3;3;3;2;4;0;2;0;4;2
98;0;2;1;1;1;2;3;2;3;1;3;3;2;4;0;1;0;3
99;0;0;1;1;0;0;2;2;2;2;0;1;2;2;2;0;1;0
100 e oltre;0;0;0;1;2;1;0;0;0;0;2;2;0;1;2;2;1;2
Totale;4706;4682;4647;4574;4487;4465;4436;4405;4379;4347;4383;4363;4315;4263;4196;4135;4089;4060
Età/Anno;2002;2003;2004;2005;2006;2007;2008;2009;2010;2011;2012;2013;2014;2015;2016;2017;2018;2019
Età;Maschi
0;24;22;20;20;17;17;16;22;23;11;16;17;15;21;11;15;6;20
1;21;25;21;19;20;16;15;16;21;22;11;16;16;15;22;11;16;5
2;29;21;23;21;18;22;17;15;15;21;23;11;16;15;15;22;11;15
3;28;25;19;24;19;18;22;15;16;16;21;23;11;13;13;14;19;11
4;28;27;25;21;24;19;19;22;15;15;18;21;23;11;13;13;13;23
5;21;26;27;27;20;24;19;19;23;15;15;18;21;22;10;14;12;14
6;30;21;26;26;25;20;26;18;19;24;15;13;18;21;24;10;14;12
7;29;32;23;26;24;25;18;24;20;18;24;15;12;18;24;25;12;14
8;28;30;32;24;26;25;23;18;24;19;18;24;14;12;17;24;24;12
9;34;30;29;31;24;28;22;23;18;25;20;18;24;13;12;17;25;24
10;24;33;28;30;30;24;28;24;23;18;25;19;19;24;13;12;19;25
11;32;25;36;27;30;30;25;28;25;26;18;26;18;19;24;13;12;19
12;24;31;25;37;27;31;30;24;29;24;26;18;26;18;18;23;16;12
13;26;22;31;25;37;27;31;29;22;29;26;27;17;26;18;19;22;18
14;23;26;23;30;25;37;28;32;30;22;29;25;27;18;27;18;18;21
15;24;22;24;21;30;23;38;27;32;29;23;29;25;27;17;28;18;17
16;25;22;22;22;21;32;23;37;27;32;29;23;29;25;27;18;27;19
17;14;27;22;23;22;21;34;23;37;28;32;29;24;29;24;30;20;27
18;19;12;26;22;23;23;21;34;23;38;29;32;29;24;31;26;31;22
19;24;19;14;26;22;21;24;21;35;22;38;29;32;28;23;33;28;29
20;25;22;22;15;24;21;22;23;21;35;22;37;28;31;29;24;32;29
21;27;27;21;22;12;25;20;21;24;19;36;24;37;29;32;29;23;30
22;29;27;27;18;19;12;26;19;21;25;20;36;26;36;27;31;29;23
23;36;29;27;26;18;20;13;24;20;21;25;20;35;25;36;26;29;29
24;30;33;31;26;25;17;24;14;23;21;21;25;20;34;25;37;25;30
25;29;32;34;31;20;27;18;24;13;24;21;20;23;20;38;25;39;25
26;37;30;30;35;30;20;27;16;26;13;24;24;18;24;20;38;25;39
27;34;34;29;31;33;28;20;24;15;23;14;21;20;18;22;19;35;24
28;28;35;30;29;29;30;30;17;26;17;22;13;18;19;18;23;19;35
29;49;29;35;31;30;30;28;26;18;26;18;23;12;19;18;18;21;19
30;31;48;29;37;34;28;30;28;29;19;26;17;23;10;20;15;19;21
31;28;32;49;26;31;33;26;29;24;30;19;29;17;23;11;17;16;19
32;39;27;29;44;27;32;33;24;28;24;32;18;32;17;24;13;18;18
33;40;37;26;25;39;24;29;37;23;29;24;32;15;31;17;26;12;20
34;37;39;35;24;23;39;28;24;34;23;31;23;32;18;29;18;23;13
35;29;38;38;35;23;24;38;26;25;34;24;30;25;31;19;27;18;22
36;36;29;38;37;31;23;26;39;26;23;34;27;30;22;33;19;26;14
37;47;39;28;38;36;31;20;28;37;26;24;34;26;28;23;31;19;26
38;30;48;40;30;38;38;29;18;27;37;27;26;32;27;27;23;29;20
39;32;31;48;46;32;38;40;29;20;29;37;28;25;33;28;26;24;29
40;30;31;33;49;46;33;33;40;30;20;29;38;27;26;34;28;26;23
41;38;32;29;32;46;47;33;33;41;30;20;29;38;27;27;34;27;27
42;22;37;34;28;33;47;46;33;32;38;31;21;29;38;29;26;32;25
43;23;23;37;30;27;33;47;45;34;33;39;32;22;28;40;28;26;32
44;26;24;24;38;28;26;32;46;42;34;33;37;33;20;27;39;28;27
45;23;24;25;26;38;28;27;32;46;41;34;35;41;34;21;27;40;29
46;20;23;23;22;25;38;29;27;32;44;43;35;37;41;35;22;27;41
47;31;20;23;23;20;25;36;30;27;33;44;44;35;36;41;34;22;27
48;16;31;20;23;23;20;23;36;29;28;33;44;42;33;36;40;32;21
49;24;15;30;19;24;25;22;23;37;29;29;33;44;42;33;36;40;31
50;11;26;15;28;20;24;25;21;23;37;29;29;33;44;41;34;37;41
51;19;10;25;14;28;23;25;25;21;23;37;27;30;33;44;38;37;36
52;15;16;10;26;15;29;22;25;25;19;24;37;27;28;33;44;37;37
53;24;15;16;10;26;14;29;22;25;24;20;25;35;27;28;31;45;37
54;20;24;15;17;10;26;15;30;22;23;24;20;25;36;28;28;33;44
55;28;21;23;16;17;10;26;16;30;22;23;23;18;22;37;28;28;32
56;25;29;20;22;16;17;10;26;16;30;21;23;23;18;22;35;30;28
57;22;25;29;19;23;16;17;11;27;14;31;20;23;23;19;23;35;30
58;18;22;27;27;19;22;17;17;11;27;14;29;19;23;21;19;22;36
59;33;17;22;27;27;18;22;17;17;11;27;14;29;19;23;21;19;22
60;14;32;18;23;28;26;19;23;16;17;11;27;15;29;19;23;23;19
61;23;17;32;18;23;27;28;19;23;15;17;11;26;14;28;19;24;23
62;27;24;17;32;18;22;28;26;18;24;15;17;11;24;14;28;19;24
63;21;27;24;17;30;18;24;28;25;16;23;16;17;11;23;14;28;20
64;27;20;27;23;16;28;15;23;28;24;16;23;17;15;12;23;15;27
65;37;28;20;26;20;16;28;15;23;29;22;17;22;17;15;12;24;14
66;26;37;28;19;26;20;17;29;17;23;29;23;16;23;15;15;13;23
67;34;27;35;29;20;25;20;18;30;17;22;29;22;16;22;15;15;14
68;34;32;26;33;28;20;25;20;18;28;17;23;28;22;15;23;16;15
69;31;34;32;26;33;28;20;24;19;16;26;17;22;27;21;15;23;16
70;36;32;33;31;25;29;27;19;23;20;16;26;17;21;27;19;15;24
71;37;37;31;33;33;25;29;28;20;21;20;16;26;17;20;25;19;15
72;22;37;36;30;33;33;24;29;26;22;20;20;14;25;16;20;25;18
73;18;22;35;34;31;32;33;23;29;26;22;21;20;12;23;16;20;24
74;32;16;21;34;34;30;31;33;23;29;26;22;20;19;12;22;15;20
75;19;32;16;20;34;32;28;31;33;23;28;26;22;20;19;11;23;14
76;27;18;29;16;21;33;29;28;30;34;23;27;23;22;20;19;12;22
77;19;25;16;29;16;19;31;29;26;28;34;22;24;22;22;17;18;10
78;21;17;24;16;25;14;18;29;27;26;26;33;21;23;18;22;15;18
79;14;20;18;22;13;24;14;18;26;27;23;25;32;21;23;17;22;13
80;10;12;20;16;21;13;24;14;16;23;27;23;24;31;17;21;16;19
81;27;9;11;19;18;17;13;25;12;16;23;26;23;22;27;16;19;14
82;9;25;9;8;17;17;16;10;24;12;15;21;24;22;19;26;15;17
83;7;8;24;6;6;15;16;16;10;23;12;14;20;20;17;17;26;16
84;5;7;7;24;5;5;14;15;15;11;19;10;13;19;17;16;15;25
85;9;4;6;7;22;4;3;12;16;13;10;17;9;14;18;17;16;11
86;10;8;4;6;7;20;2;1;11;14;12;7;14;9;11;14;14;13
87;10;7;5;3;1;6;18;3;2;9;14;12;7;12;8;11;12;13
88;6;10;6;5;4;1;3;17;2;3;7;14;12;6;10;7;10;7
89;4;5;6;6;4;3;1;3;12;3;4;6;9;10;5;7;7;9
90;4;3;4;5;4;5;3;1;2;12;2;4;4;9;7;3;6;5
91;2;4;3;4;4;4;4;2;1;2;12;2;4;4;7;6;2;7
92;5;2;3;3;4;4;4;3;2;1;2;10;1;3;4;6;4;2
93;2;4;0;3;2;4;4;2;2;1;1;0;5;1;2;4;4;4
94;2;2;3;0;2;2;3;1;0;1;1;1;0;4;1;2;3;3
95;0;2;2;3;0;2;1;3;1;0;1;0;1;0;3;1;1;3
96;1;0;2;2;2;0;0;1;1;0;0;1;0;1;0;3;1;1
97;0;1;0;1;2;2;0;0;1;1;0;0;1;0;1;0;3;1
98;0;0;0;0;0;2;2;0;0;1;1;0;0;1;0;1;0;2
99;0;0;0;0;0;0;2;1;0;0;0;0;0;0;1;0;1;0
100 e oltre;0;0;0;0;0;0;0;0;0;0;0;0;0;0;0;0;0;1
Totale;2280;2276;2255;2236;2181;2171;2163;2138;2134;2123;2141;2144;2106;2080;2057;2038;2026;2016
Età/Anno;2002;2003;2004;2005;2006;2007;2008;2009;2010;2011;2012;2013;2014;2015;2016;2017;2018;2019
Età;Femmine
0;17;19;17;11;19;21;11;16;12;18;24;16;19;11;11;6;10;6
1;19;15;21;17;11;21;20;11;15;15;19;24;18;20;10;9;7;10
2;23;19;16;20;15;12;22;19;11;15;14;20;23;16;19;10;7;7
3;21;24;19;17;19;15;11;22;19;10;17;13;20;23;16;19;9;8
4;19;23;23;21;17;21;15;10;22;19;10;18;13;18;19;16;17;9
5;15;19;24;23;20;16;20;16;11;24;21;12;17;12;18;19;16;17
6;24;15;20;23;21;20;16;20;15;11;25;21;11;17;12;19;19;16
7;28;23;15;19;20;22;20;16;21;15;11;23;21;11;17;12;19;19
8;19;29;21;16;19;21;18;21;16;21;15;11;23;21;11;15;12;19
9;34;20;27;21;15;20;23;18;22;16;21;15;10;23;21;10;14;13
10;29;34;20;26;21;15;21;24;17;22;16;20;15;10;23;21;10;14
11;27;30;34;21;24;21;15;22;25;18;22;16;19;17;10;24;20;10
12;20;26;30;34;21;24;21;16;23;27;18;22;16;19;17;9;23;20
13;25;20;25;31;32;21;24;21;17;23;29;19;22;16;18;17;10;23
14;24;24;20;25;33;33;20;23;23;17;25;29;19;21;16;19;16;11
15;16;25;24;20;26;34;34;22;23;23;17;24;28;20;21;16;18;15
16;16;15;25;24;20;26;35;34;22;23;23;17;23;28;20;21;16;18
17;20;15;15;25;26;20;27;36;35;22;24;23;15;23;28;20;22;16
18;28;21;15;10;24;26;22;25;34;35;23;25;24;17;24;26;18;24
19;27;28;21;15;9;22;27;23;24;34;37;22;23;23;17;24;24;18
20;29;26;26;19;13;9;24;28;23;24;33;36;20;25;23;18;24;23
21;19;27;26;27;19;14;10;22;31;21;26;33;37;18;24;24;18;24
22;27;19;27;23;25;19;16;11;25;27;20;25;34;34;16;22;24;18
23;29;28;20;27;23;25;22;16;10;25;30;21;28;34;33;18;20;22
24;22;26;27;20;25;22;24;21;16;12;25;31;21;28;35;32;17;20
25;26;22;28;26;20;23;21;25;22;16;12;27;30;21;29;36;33;18
26;21;26;24;30;26;21;24;18;25;23;17;10;27;31;22;27;34;34
27;34;20;25;23;27;25;18;24;17;24;23;17;14;26;29;23;26;31
28;33;32;19;23;20;28;22;21;26;18;23;24;17;14;26;29;23;24
29;24;34;33;19;23;23;30;23;23;25;19;23;23;14;15;25;31;21
30;43;26;34;32;19;24;22;30;18;23;24;18;24;23;13;15;25;29
31;35;44;25;32;28;16;25;18;33;19;23;24;18;22;22;12;15;24
32;36;36;44;21;29;25;21;22;14;34;19;24;23;20;20;23;12;16
33;34;31;39;41;21;28;25;21;20;13;34;20;22;23;20;21;23;12
34;41;35;30;35;41;21;29;27;21;21;14;33;19;20;23;20;20;22
35;35;41;31;28;36;40;18;29;23;22;21;14;33;19;18;21;19;20
36;51;35;40;29;28;35;39;18;28;24;23;21;13;35;21;19;21;17
37;39;48;36;42;27;28;33;38;21;27;23;23;23;14;33;19;18;21
38;38;41;47;34;40;29;28;35;37;20;27;23;24;21;13;32;22;18
39;28;37;40;49;34;39;28;29;34;37;21;27;23;23;21;14;32;21
40;14;26;35;36;48;34;39;30;29;33;37;21;27;23;23;22;14;32
41;36;14;25;34;34;48;34;39;30;29;33;38;20;26;24;21;22;14
42;31;35;13;25;34;36;48;34;38;30;29;32;40;20;27;26;22;22
43;31;28;35;13;25;31;39;44;34;38;31;29;30;40;20;27;26;23
44;26;33;29;35;13;25;35;40;44;34;39;30;28;30;41;19;28;27
45;25;29;35;29;34;13;26;36;39;43;33;38;29;28;30;39;21;26
46;20;24;30;36;29;35;14;26;38;38;43;32;39;28;28;30;36;20
47;27;22;23;30;36;29;34;15;26;36;40;43;31;40;27;28;30;35
48;9;27;22;23;30;36;27;34;16;26;36;39;42;31;39;28;28;31
49;16;10;28;22;25;30;35;27;35;17;26;36;40;42;31;37;30;29
50;19;16;10;26;22;27;30;35;28;33;17;25;36;40;44;31;37;32
51;22;20;16;10;25;22;26;30;36;28;34;17;25;34;37;43;30;38
52;15;23;19;16;10;25;22;26;30;37;28;34;19;25;34;38;43;31
53;35;15;24;19;16;10;25;22;26;30;36;28;34;19;25;34;38;41
54;29;35;17;23;19;16;10;25;23;25;30;36;28;35;19;25;34;37
55;35;29;35;17;23;18;17;10;26;22;25;28;35;28;35;20;26;34
56;25;35;28;36;17;23;19;17;10;24;22;24;29;35;28;34;20;26
57;19;25;35;28;36;17;23;19;17;9;24;22;25;29;35;28;35;20
58;20;18;25;35;28;35;16;23;19;15;9;24;22;25;29;36;28;35
59;37;20;18;25;33;27;36;16;23;18;15;9;26;22;24;28;33;28
60;19;38;21;18;26;33;28;36;16;23;19;16;9;25;22;24;28;33
61;43;19;38;21;21;26;32;28;34;17;23;21;17;9;24;21;25;29
62;27;44;19;36;21;23;27;33;25;34;17;23;21;17;9;24;21;25
63;37;26;43;19;37;21;23;29;33;26;34;17;23;21;18;9;24;21
64;38;39;26;43;19;36;19;23;29;32;25;32;17;23;21;18;9;23
65;42;38;40;27;43;17;36;18;23;29;31;25;33;17;23;21;18;10
66;29;42;37;38;26;42;17;37;18;25;28;32;24;33;17;23;20;17
67;44;29;43;37;38;25;41;17;37;18;25;28;31;25;33;17;23;18
68;23;44;29;42;39;38;23;40;17;38;17;25;27;31;26;31;17;23
69;27;23;43;29;42;36;38;24;40;15;38;17;26;27;30;25;30;17
70;30;27;24;42;29;41;35;38;24;40;15;37;17;26;27;29;25;29
71;47;30;24;24;43;29;40;34;38;22;40;15;37;17;26;25;29;25
72;34;47;29;22;23;41;29;40;33;38;21;40;15;36;17;26;24;29
73;33;33;46;27;22;23;42;27;40;32;36;21;40;15;36;16;27;25
74;39;29;32;45;27;22;22;38;25;40;31;36;22;40;14;36;17;25
75;28;33;29;30;45;27;22;22;36;24;42;30;33;22;40;13;36;16
76;29;28;34;29;30;44;26;21;21;36;24;42;29;30;21;39;14;36
77;28;29;27;34;28;29;42;27;21;21;35;22;40;27;29;20;39;13
78;27;25;28;25;35;27;27;41;27;20;20;32;20;39;26;29;20;38
79;28;28;21;28;25;35;27;25;41;24;20;19;32;19;40;24;31;20
80;30;25;28;21;28;24;32;25;25;42;21;17;19;31;18;40;23;31
81;26;30;24;27;21;26;22;30;24;23;42;20;17;19;30;18;35;24
82;15;24;30;23;27;21;21;22;30;24;22;41;21;17;16;28;16;34
83;6;14;24;28;23;24;19;21;22;29;24;21;39;20;16;16;24;16
84;7;5;13;20;24;20;22;19;16;21;28;20;20;36;20;16;15;24
85;14;6;5;8;18;24;16;21;19;11;21;24;16;19;33;18;15;15
86;12;13;5;5;7;16;21;16;17;17;10;21;21;15;18;31;17;13
87;20;12;10;5;6;3;16;19;13;16;16;9;20;20;12;17;25;17
88;19;17;10;9;4;6;3;14;19;9;13;16;8;18;16;9;16;23
89;10;16;17;9;9;3;6;2;8;17;5;13;16;6;17;14;9;15
90;10;6;11;16;7;8;2;6;1;9;15;5;13;14;6;15;12;7
91;6;9;6;9;14;6;8;2;4;0;8;13;5;13;9;4;11;11
92;7;4;7;5;7;15;5;7;2;4;0;6;12;5;11;8;4;11
93;1;6;4;7;5;6;13;4;7;1;3;0;4;8;4;9;6;4
94;1;1;5;3;6;5;3;10;4;7;1;1;0;4;5;3;7;6
95;1;1;1;5;3;5;5;3;5;4;6;0;1;0;1;2;3;6
96;1;1;1;1;2;2;4;2;3;4;4;5;0;2;0;1;1;3
97;2;1;1;1;0;2;2;4;2;2;3;2;3;0;1;0;1;1
98;0;2;1;1;1;0;1;2;3;0;2;3;2;3;0;0;0;1
99;0;0;1;1;0;0;0;1;2;2;0;1;2;2;1;0;0;0
100 e oltre;0;0;0;1;2;1;0;0;0;0;2;2;0;1;2;2;1;1
Totale;2426;2406;2392;2338;2306;2294;2273;2267;2245;2224;2242;2219;2209;2183;2139;2097;2063;2044

"Ricostruzione della popolazione intercensuaria - Popolazione al 1° gennaio per età"
"Cittadinanza italiana - Comune: Carpino"
Età/Anno;2002;2003;2004;2005;2006;2007;2008;2009;2010;2011;2012;2013;2014;2015;2016;2017;2018;2019
Età;Totale
0;40;39;35;30;35;34;26;36;32;24;35;33;30;26;18;18;12;23
1;40;39;40;34;30;36;31;25;33;33;24;35;31;31;26;16;19;11
2;51;40;37;38;31;33;38;31;25;32;33;25;33;27;31;27;15;18
3;48;49;38;39;35;31;32;36;31;25;34;33;24;30;25;31;24;16
4;47;47;48;42;39;36;30;31;36;30;26;35;33;22;27;25;29;25
5;36;45;47;49;40;38;35;30;32;37;30;28;34;31;21;28;24;30
6;54;36;45;44;45;40;37;34;29;33;38;28;27;34;32;23;28;24
7;57;54;37;44;42;46;38;36;35;29;33;37;28;27;37;34;25;28
8;47;59;52;38;44;43;39;39;36;35;29;32;36;28;26;36;33;25
9;68;49;55;51;37;45;41;39;39;36;35;29;31;35;27;24;37;33
10;53;66;48;55;51;37;46;43;38;39;36;35;31;31;35;29;25;37
11;58;54;69;46;53;51;37;47;43;41;39;37;34;33;31;35;28;25
12;44;55;54;70;46;54;50;38;49;44;41;39;37;34;33;31;34;28
13;50;42;54;55;68;46;54;49;36;49;45;42;38;37;33;34;32;35
14;47;49;43;53;56;69;45;54;51;36;50;45;42;37;39;36;32;31
15;39;47;47;41;53;55;71;47;54;51;37;50;45;41;36;39;35;30
16;41;36;47;45;41;53;56;70;47;54;51;37;49;46;41;37;38;35
17;33;41;35;48;47;41;55;56;71;47;55;51;36;49;46;43;38;38
18;46;33;41;31;47;48;42;55;55;71;48;56;52;38;51;46;43;43
19;48;46;33;40;31;43;48;42;55;53;72;46;54;50;37;53;48;41
20;54;46;44;32;36;30;44;49;42;53;52;71;44;55;50;38;52;48
21;45;51;45;46;31;37;29;41;52;38;54;53;71;43;54;51;38;50
22;56;44;49;40;42;31;37;28;43;49;38;54;56;67;39;51;51;37
23;61;56;44;51;38;43;34;36;28;41;51;39;55;55;66;40;49;49
24;52;57;55;44;49;36;43;35;35;29;41;52;37;54;55;67;38;50
25;54;53;60;54;40;50;37;43;34;35;29;43;49;37;52;56;67;41
26;58;54;54;63;54;41;48;34;44;35;36;31;41;50;37;53;55;67
27;66;54;54;51;58;52;38;46;31;40;34;33;29;40;47;37;52;51
28;57;63;48;50;46;55;50;37;47;33;37;34;30;28;39;48;37;48
29;73;60;61;47;51;50;54;45;38;47;35;39;30;29;28;38;47;35
30;74;74;57;60;48;49;49;54;40;41;46;34;39;29;29;24;39;44
31;62;75;72;55;53;45;47;47;52;40;40;47;32;36;29;25;25;36
32;74;63;71;63;54;50;47;41;42;53;41;39;47;34;36;29;26;28
33;74;67;65;65;59;50;49;49;38;41;51;43;34;45;34;36;28;29
34;75;73;64;59;63;60;52;44;47;39;41;51;40;32;44;35;33;27
35;64;77;67;61;59;63;55;50;43;49;40;41;50;39;31;42;33;33
36;86;64;76;64;59;58;64;56;49;42;49;42;39;47;42;32;42;29
37;86;86;63;78;62;59;53;65;55;47;41;50;40;38;45;41;31;41
38;67;88;84;64;76;65;57;51;63;55;47;43;49;38;36;45;42;31
39;59;67;86;88;64;75;64;58;51;65;56;47;41;48;39;35;46;40
40;44;56;67;83;86;65;70;62;59;49;65;57;46;42;49;41;35;45
41;74;45;53;65;79;87;64;70;63;59;49;66;56;44;43;49;40;36
42;52;72;45;52;66;81;87;64;68;62;60;49;67;56;48;47;49;38
43;53;51;72;43;51;63;83;82;64;69;64;61;49;66;58;46;47;47
44;51;56;51;73;41;50;64;83;79;64;70;62;61;47;66;56;47;46
45;47;49;60;53;72;41;51;65;81;77;62;71;61;61;47;64;58;45
46;39;46;49;58;52;73;43;51;66;81;79;62;71;60;62;48;61;58
47;58;41;45;49;56;52;69;45;51;65;81;80;62;73;61;62;48;61
48;25;58;41;45;49;56;48;70;45;51;65;80;79;61;73;61;60;47
49;39;25;58;40;48;51;57;49;72;46;52;65;81;79;60;72;62;60
50;30;40;25;54;40;50;51;56;50;70;46;51;65;81;79;61;72;64
51;40;30;39;24;53;43;50;51;57;50;71;44;51;63;77;75;62;72
52;30;38;29;40;25;54;42;50;51;56;51;71;46;49;63;77;73;63
53;59;30;39;29;40;24;54;44;50;50;56;51;69;46;49;61;78;72
54;49;59;30;39;29;40;25;55;44;47;50;56;50;71;47;50;62;77
55;63;49;58;31;39;28;41;26;55;44;47;48;53;48;72;47;51;62
56;50;64;47;58;31;39;28;41;26;53;43;46;48;53;48;69;49;51
57;41;50;63;46;59;31;39;29;42;23;54;42;47;48;53;49;70;49
58;38;40;52;61;46;57;32;39;29;40;23;52;41;47;47;54;49;71
59;70;37;40;52;59;44;58;32;39;28;40;23;52;41;47;47;51;49
60;32;69;39;41;54;58;46;59;32;39;29;41;24;51;41;47;48;51
61;66;35;69;39;44;53;59;46;57;31;39;31;41;23;50;40;48;49
62;54;68;35;68;39;45;55;58;43;58;31;39;31;39;23;50;40;48
63;56;52;67;34;67;39;47;57;57;42;57;32;39;31;39;23;50;41
64;65;58;52;66;33;64;34;46;57;55;41;55;33;37;32;39;24;49
65;79;66;59;51;63;31;64;33;46;58;52;42;55;33;37;32;40;23
66;54;79;65;57;50;62;32;65;35;48;57;54;40;56;31;37;33;38
67;77;54;78;66;57;48;61;33;66;35;47;57;52;41;55;31;37;31
68;57;75;54;75;66;57;46;60;33;65;33;48;55;52;41;54;32;37
69;58;56;74;54;75;64;57;46;59;29;63;33;48;54;50;40;53;32
70;66;59;56;72;53;70;62;57;45;60;29;62;33;47;54;47;40;53
71;84;67;55;56;75;53;69;61;58;43;60;29;61;33;46;50;47;40
72;56;84;65;52;55;73;52;69;58;60;41;60;27;59;32;46;49;46
73;51;55;81;61;53;54;74;49;69;57;58;42;60;25;57;31;47;49
74;71;45;53;79;61;52;52;70;47;69;56;58;41;59;24;56;30;45
75;47;65;45;50;79;59;50;52;68;47;69;55;55;41;59;22;57;28
76;56;46;63;45;51;77;55;49;50;69;47;69;51;52;40;58;24;56
77;47;54;43;63;44;48;73;56;47;48;68;44;63;48;51;36;57;23
78;48;42;52;41;60;41;45;70;54;46;45;64;41;61;43;51;34;56
79;42;48;39;50;38;59;41;43;67;51;43;43;63;40;62;40;53;32
80;40;37;48;37;49;37;56;39;41;65;48;40;42;61;35;60;39;50
81;53;39;35;46;39;43;35;55;36;39;65;46;40;40;56;34;53;38
82;24;49;39;31;44;38;37;32;54;36;37;62;45;39;34;53;31;50
83;13;22;48;34;29;39;35;37;32;52;36;35;59;40;33;32;49;32
84;12;12;20;44;29;25;36;34;31;32;47;30;33;55;37;32;29;48
85;23;10;11;15;40;28;19;33;35;24;31;41;25;33;51;35;31;25
86;22;21;9;11;14;36;23;17;28;31;22;28;35;24;29;45;31;26
87;30;19;15;8;7;9;34;22;15;25;30;21;27;32;20;28;37;30
88;25;27;16;14;8;7;6;31;21;12;20;30;20;24;26;16;26;30
89;14;21;23;15;13;6;7;5;20;20;8;19;25;16;22;21;16;24
90;14;9;15;21;11;13;5;7;3;21;17;8;17;23;13;18;18;12
91;8;13;9;13;18;10;12;4;5;2;20;15;8;17;16;10;13;18
92;12;6;10;8;11;19;9;10;4;5;2;16;13;7;15;14;8;13
93;3;10;4;10;7;10;17;6;9;2;4;0;9;9;5;13;10;8
94;3;3;8;3;8;7;6;11;4;8;2;2;0;8;6;4;10;9
95;1;3;3;8;3;7;6;6;6;4;7;0;2;0;4;3;3;9
96;2;1;3;3;4;2;4;3;4;4;4;6;0;3;0;4;2;3
97;2;2;1;2;2;4;2;4;3;3;3;2;4;0;2;0;4;2
98;0;2;1;1;1;2;3;2;3;1;3;3;2;4;0;1;0;3
99;0;0;1;1;0;0;2;2;2;2;0;1;2;2;2;0;1;0
100 e oltre;0;0;0;1;2;1;0;0;0;0;2;2;0;1;2;2;1;2
Totale;4663;4617;4550;4469;4390;4357;4286;4250;4196;4153;4151;4141;4054;3987;3908;3859;3809;3762
Età/Anno;2002;2003;2004;2005;2006;2007;2008;2009;2010;2011;2012;2013;2014;2015;2016;2017;2018;2019
Età;Maschi
0;23;22;18;19;17;17;16;22;20;10;16;17;13;17;9;13;5;17
1;21;24;21;17;19;16;14;15;20;20;9;16;15;13;18;9;14;4
2;28;21;22;21;16;21;17;14;15;20;20;9;15;13;13;19;9;13
3;28;25;19;23;19;16;21;15;14;15;20;20;9;12;11;13;17;9
4;28;27;25;21;23;19;15;21;15;13;16;20;20;9;12;11;13;18
5;21;26;27;26;20;23;19;15;22;15;12;16;20;19;8;12;10;14
6;30;21;26;26;24;20;23;18;15;23;15;10;16;20;20;8;12;10
7;29;31;22;26;24;24;18;22;19;15;23;15;10;16;23;22;10;12
8;28;30;31;23;26;25;22;18;22;19;15;22;14;10;15;23;21;10
9;34;29;29;30;23;27;22;22;18;22;19;15;22;13;10;15;24;21
10;24;32;28;29;30;23;27;24;22;18;22;19;17;22;13;10;16;24
11;31;25;35;26;29;30;23;27;24;25;18;23;18;17;22;12;10;16
12;24;29;25;36;26;30;30;23;28;24;25;18;23;18;17;22;12;10
13;25;22;29;25;36;26;30;29;21;28;24;26;17;23;18;18;22;13
14;23;25;23;28;25;36;26;31;29;21;28;24;26;17;25;18;17;21
15;24;22;23;21;28;23;37;26;31;29;22;28;24;26;16;25;18;16
16;25;22;22;21;21;28;23;36;26;31;29;22;28;24;26;17;24;18
17;13;26;22;23;21;21;30;23;36;26;31;29;22;28;23;27;17;24
18;19;12;26;22;23;22;21;31;23;36;26;31;29;22;29;24;28;20
19;21;19;12;25;22;21;21;21;32;22;36;26;31;28;21;31;26;26
20;25;20;19;13;23;21;21;22;21;31;22;36;26;30;28;21;30;26
21;26;25;19;19;12;23;20;20;23;19;31;23;36;26;30;28;21;28
22;29;25;24;17;17;12;23;19;19;23;20;31;25;35;24;29;28;21
23;33;28;24;26;17;18;13;22;20;18;23;20;30;24;35;23;29;28
24;30;32;28;24;25;16;20;14;21;20;18;23;19;30;24;36;22;30
25;28;31;33;28;20;27;17;20;12;21;20;18;22;19;28;24;37;24
26;37;29;30;35;28;20;26;16;21;12;21;23;16;23;19;29;24;37
27;32;34;29;30;33;27;20;24;15;18;12;19;20;16;22;18;28;23
28;26;32;30;29;28;30;28;17;26;16;17;11;16;19;16;23;18;27
29;49;28;32;30;30;29;28;23;18;26;17;18;9;17;18;16;21;18
30;31;48;27;33;31;28;29;28;22;19;26;16;18;8;18;14;17;20
31;27;32;47;26;28;30;26;29;24;22;19;27;16;18;8;15;14;16
32;38;27;29;42;27;27;28;24;28;24;24;18;28;16;19;8;15;16
33;40;36;26;25;38;24;26;30;23;28;23;25;15;26;16;19;7;17
34;36;38;34;24;23;39;26;21;28;23;27;23;24;15;25;17;18;7
35;29;37;36;33;23;24;37;24;21;29;24;27;24;23;16;24;16;18
36;35;29;37;36;31;23;25;38;24;19;29;26;26;21;24;16;24;12
37;47;38;28;37;36;31;20;27;36;23;19;30;24;24;21;24;15;23
38;29;48;37;30;37;37;29;18;26;36;23;21;28;24;23;21;23;15
39;32;30;47;41;30;37;37;29;20;28;36;23;20;28;25;22;22;22
40;30;31;32;47;40;31;32;36;30;19;28;37;21;21;29;26;22;21
41;38;32;29;31;45;41;31;32;37;30;19;28;37;20;23;29;25;23
42;21;37;32;28;32;45;41;31;31;36;31;20;28;37;22;24;28;23
43;22;23;37;30;27;32;46;40;31;32;37;32;21;27;39;21;24;27
44;26;23;22;38;28;26;31;45;37;31;32;36;33;19;26;38;22;22
45;23;24;25;24;38;28;27;31;44;36;30;34;36;33;19;26;39;22
46;19;23;23;22;23;38;29;27;31;44;38;31;34;35;34;20;26;39
47;31;19;23;23;20;23;36;30;27;32;43;39;32;35;36;34;20;26
48;16;31;19;23;23;20;21;36;29;27;32;43;38;31;36;36;32;18
49;23;15;30;18;24;25;22;22;37;29;28;32;43;38;30;36;37;31
50;11;24;15;28;18;24;25;21;22;37;29;28;32;43;37;31;37;37
51;18;10;23;14;28;21;25;25;21;22;37;27;28;32;43;34;33;36
52;15;15;10;24;15;29;20;25;25;19;23;37;27;26;32;42;32;33
53;24;15;15;10;24;14;29;22;25;24;20;23;35;27;26;30;43;33
54;20;24;15;16;10;24;15;30;22;23;24;20;22;36;28;26;31;42
55;28;20;23;15;16;10;24;16;29;22;23;23;18;20;37;28;26;31
56;25;29;19;22;15;16;10;24;16;29;21;23;22;18;20;35;30;26
57;22;25;29;18;23;15;16;11;25;14;30;20;23;22;18;21;35;30
58;18;22;27;27;18;22;16;16;11;25;14;28;19;23;21;18;21;36
59;33;17;22;27;27;17;22;16;16;11;25;14;28;19;23;21;18;21
60;13;32;18;23;28;26;18;23;16;16;11;25;15;28;19;23;22;18
61;23;16;32;18;23;27;28;18;23;15;16;11;25;14;27;19;24;22
62;27;24;16;32;18;22;28;26;18;24;15;16;11;23;14;27;19;24
63;20;27;24;16;30;18;24;28;25;16;23;16;16;11;22;14;27;20
64;27;20;27;23;15;28;15;23;28;24;16;23;17;14;12;22;15;26
65;37;28;20;26;20;15;28;15;23;29;22;17;22;17;14;12;23;14
66;26;37;28;19;26;20;16;29;17;23;29;23;16;23;15;14;13;22
67;33;26;35;29;19;25;20;17;30;17;22;29;22;16;22;15;14;13
68;34;31;26;33;28;19;25;20;17;28;16;23;28;22;15;23;16;14
69;31;33;31;26;33;28;19;24;19;15;26;16;22;27;21;15;23;16
70;36;32;32;30;25;29;27;19;23;20;15;26;16;21;27;19;15;24
71;37;37;31;32;32;25;29;27;20;21;20;15;26;16;20;25;19;15
72;22;37;36;30;32;32;24;29;25;22;20;20;13;25;15;20;25;18
73;18;22;35;34;31;31;32;23;29;25;22;21;20;11;23;15;20;24
74;32;16;21;34;34;30;30;32;23;29;25;22;20;19;11;22;14;20
75;19;32;16;20;34;32;28;30;32;23;27;25;22;20;19;10;23;13
76;27;18;29;16;21;33;29;28;29;33;23;27;22;22;20;19;11;22
77;19;25;16;29;16;19;31;29;26;27;33;22;24;21;22;17;18;10
78;21;17;24;16;25;14;18;29;27;26;25;32;21;23;17;22;15;18
79;14;20;18;22;13;24;14;18;26;27;23;24;31;21;23;16;22;13
80;10;12;20;16;21;13;24;14;16;23;27;23;23;30;17;21;16;19
81;27;9;11;19;18;17;13;25;12;16;23;26;23;21;26;16;19;14
82;9;25;9;8;17;17;16;10;24;12;15;21;24;22;18;25;15;17
83;7;8;24;6;6;15;16;16;10;23;12;14;20;20;17;16;25;16
84;5;7;7;24;5;5;14;15;15;11;19;10;13;19;17;16;14;24
85;9;4;6;7;22;4;3;12;16;13;10;17;9;14;18;17;16;10
86;10;8;4;6;7;20;2;1;11;14;12;7;14;9;11;14;14;13
87;10;7;5;3;1;6;18;3;2;9;14;12;7;12;8;11;12;13
88;6;10;6;5;4;1;3;17;2;3;7;14;12;6;10;7;10;7
89;4;5;6;6;4;3;1;3;12;3;3;6;9;10;5;7;7;9
90;4;3;4;5;4;5;3;1;2;12;2;3;4;9;7;3;6;5
91;2;4;3;4;4;4;4;2;1;2;12;2;3;4;7;6;2;7
92;5;2;3;3;4;4;4;3;2;1;2;10;1;2;4;6;4;2
93;2;4;0;3;2;4;4;2;2;1;1;0;5;1;1;4;4;4
94;2;2;3;0;2;2;3;1;0;1;1;1;0;4;1;1;3;3
95;0;2;2;3;0;2;1;3;1;0;1;0;1;0;3;1;0;3
96;1;0;2;2;2;0;0;1;1;0;0;1;0;1;0;3;1;0
97;0;1;0;1;2;2;0;0;1;1;0;0;1;0;1;0;3;1
98;0;0;0;0;0;2;2;0;0;1;1;0;0;1;0;1;0;2
99;0;0;0;0;0;0;2;1;0;0;0;0;0;0;1;0;1;0
100 e oltre;0;0;0;0;0;0;0;0;0;0;0;0;0;0;0;0;0;1
Totale;2250;2239;2201;2180;2131;2115;2088;2071;2052;2035;2032;2039;1986;1950;1917;1896;1885;1857
Età/Anno;2002;2003;2004;2005;2006;2007;2008;2009;2010;2011;2012;2013;2014;2015;2016;2017;2018;2019
Età;Femmine
0;17;17;17;11;18;17;10;14;12;14;19;16;17;9;9;5;7;6
1;19;15;19;17;11;20;17;10;13;13;15;19;16;18;8;7;5;7
2;23;19;15;17;15;12;21;17;10;12;13;16;18;14;18;8;6;5
3;20;24;19;16;16;15;11;21;17;10;14;13;15;18;14;18;7;7
4;19;20;23;21;16;17;15;10;21;17;10;15;13;13;15;14;16;7
5;15;19;20;23;20;15;16;15;10;22;18;12;14;12;13;16;14;16
6;24;15;19;18;21;20;14;16;14;10;23;18;11;14;12;15;16;14
7;28;23;15;18;18;22;20;14;16;14;10;22;18;11;14;12;15;16
8;19;29;21;15;18;18;17;21;14;16;14;10;22;18;11;13;12;15
9;34;20;26;21;14;18;19;17;21;14;16;14;9;22;17;9;13;12
10;29;34;20;26;21;14;19;19;16;21;14;16;14;9;22;19;9;13
11;27;29;34;20;24;21;14;20;19;16;21;14;16;16;9;23;18;9
12;20;26;29;34;20;24;20;15;21;20;16;21;14;16;16;9;22;18
13;25;20;25;30;32;20;24;20;15;21;21;16;21;14;15;16;10;22
14;24;24;20;25;31;33;19;23;22;15;22;21;16;20;14;18;15;10
15;15;25;24;20;25;32;34;21;23;22;15;22;21;15;20;14;17;14
16;16;14;25;24;20;25;33;34;21;23;22;15;21;22;15;20;14;17
17;20;15;13;25;26;20;25;33;35;21;24;22;14;21;23;16;21;14
18;27;21;15;9;24;26;21;24;32;35;22;25;23;16;22;22;15;23
19;27;27;21;15;9;22;27;21;23;31;36;20;23;22;16;22;22;15
20;29;26;25;19;13;9;23;27;21;22;30;35;18;25;22;17;22;22
21;19;26;26;27;19;14;9;21;29;19;23;30;35;17;24;23;17;22
22;27;19;25;23;25;19;14;9;24;26;18;23;31;32;15;22;23;16
23;28;28;20;25;21;25;21;14;8;23;28;19;25;31;31;17;20;21
24;22;25;27;20;24;20;23;21;14;9;23;29;18;24;31;31;16;20
25;26;22;27;26;20;23;20;23;22;14;9;25;27;18;24;32;30;17
26;21;25;24;28;26;21;22;18;23;23;15;8;25;27;18;24;31;30
27;34;20;25;21;25;25;18;22;16;22;22;14;9;24;25;19;24;28
28;31;31;18;21;18;25;22;20;21;17;20;23;14;9;23;25;19;21
29;24;32;29;17;21;21;26;22;20;21;18;21;21;12;10;22;26;17
30;43;26;30;27;17;21;20;26;18;22;20;18;21;21;11;10;22;24
31;35;43;25;29;25;15;21;18;28;18;21;20;16;18;21;10;11;20
32;36;36;42;21;27;23;19;17;14;29;17;21;19;18;17;21;11;12
33;34;31;39;40;21;26;23;19;15;13;28;18;19;19;18;17;21;12
34;39;35;30;35;40;21;26;23;19;16;14;28;16;17;19;18;15;20
35;35;40;31;28;36;39;18;26;22;20;16;14;26;16;15;18;17;15
36;51;35;39;28;28;35;39;18;25;23;20;16;13;26;18;16;18;17
37;39;48;35;41;26;28;33;38;19;24;22;20;16;14;24;17;16;18
38;38;40;47;34;39;28;28;33;37;19;24;22;21;14;13;24;19;16
39;27;37;39;47;34;38;27;29;31;37;20;24;21;20;14;13;24;18
40;14;25;35;36;46;34;38;26;29;30;37;20;25;21;20;15;13;24
41;36;13;24;34;34;46;33;38;26;29;30;38;19;24;20;20;15;13
42;31;35;13;24;34;36;46;33;37;26;29;29;39;19;26;23;21;15
43;31;28;35;13;24;31;37;42;33;37;27;29;28;39;19;25;23;20
44;25;33;29;35;13;24;33;38;42;33;38;26;28;28;40;18;25;24
45;24;25;35;29;34;13;24;34;37;41;32;37;25;28;28;38;19;23
46;20;23;26;36;29;35;14;24;35;37;41;31;37;25;28;28;35;19
47;27;22;22;26;36;29;33;15;24;33;38;41;30;38;25;28;28;35
48;9;27;22;22;26;36;27;34;16;24;33;37;41;30;37;25;28;29
49;16;10;28;22;24;26;35;27;35;17;24;33;38;41;30;36;25;29
50;19;16;10;26;22;26;26;35;28;33;17;23;33;38;42;30;35;27
51;22;20;16;10;25;22;25;26;36;28;34;17;23;31;34;41;29;36
52;15;23;19;16;10;25;22;25;26;37;28;34;19;23;31;35;41;30
53;35;15;24;19;16;10;25;22;25;26;36;28;34;19;23;31;35;39
54;29;35;15;23;19;16;10;25;22;24;26;36;28;35;19;24;31;35
55;35;29;35;16;23;18;17;10;26;22;24;25;35;28;35;19;25;31
56;25;35;28;36;16;23;18;17;10;24;22;23;26;35;28;34;19;25
57;19;25;34;28;36;16;23;18;17;9;24;22;24;26;35;28;35;19
58;20;18;25;34;28;35;16;23;18;15;9;24;22;24;26;36;28;35
59;37;20;18;25;32;27;36;16;23;17;15;9;24;22;24;26;33;28
60;19;37;21;18;26;32;28;36;16;23;18;16;9;23;22;24;26;33
61;43;19;37;21;21;26;31;28;34;16;23;20;16;9;23;21;24;27
62;27;44;19;36;21;23;27;32;25;34;16;23;20;16;9;23;21;24
63;36;25;43;18;37;21;23;29;32;26;34;16;23;20;17;9;23;21
64;38;38;25;43;18;36;19;23;29;31;25;32;16;23;20;17;9;23
65;42;38;39;25;43;16;36;18;23;29;30;25;33;16;23;20;17;9
66;28;42;37;38;24;42;16;36;18;25;28;31;24;33;16;23;20;16
67;44;28;43;37;38;23;41;16;36;18;25;28;30;25;33;16;23;18
68;23;44;28;42;38;38;21;40;16;37;17;25;27;30;26;31;16;23
69;27;23;43;28;42;36;38;22;40;14;37;17;26;27;29;25;30;16
70;30;27;24;42;28;41;35;38;22;40;14;36;17;26;27;28;25;29
71;47;30;24;24;43;28;40;34;38;22;40;14;35;17;26;25;28;25
72;34;47;29;22;23;41;28;40;33;38;21;40;14;34;17;26;24;28
73;33;33;46;27;22;23;42;26;40;32;36;21;40;14;34;16;27;25
74;39;29;32;45;27;22;22;38;24;40;31;36;21;40;13;34;16;25
75;28;33;29;30;45;27;22;22;36;24;42;30;33;21;40;12;34;15
76;29;28;34;29;30;44;26;21;21;36;24;42;29;30;20;39;13;34
77;28;29;27;34;28;29;42;27;21;21;35;22;39;27;29;19;39;13
78;27;25;28;25;35;27;27;41;27;20;20;32;20;38;26;29;19;38
79;28;28;21;28;25;35;27;25;41;24;20;19;32;19;39;24;31;19
80;30;25;28;21;28;24;32;25;25;42;21;17;19;31;18;39;23;31
81;26;30;24;27;21;26;22;30;24;23;42;20;17;19;30;18;34;24
82;15;24;30;23;27;21;21;22;30;24;22;41;21;17;16;28;16;33
83;6;14;24;28;23;24;19;21;22;29;24;21;39;20;16;16;24;16
84;7;5;13;20;24;20;22;19;16;21;28;20;20;36;20;16;15;24
85;14;6;5;8;18;24;16;21;19;11;21;24;16;19;33;18;15;15
86;12;13;5;5;7;16;21;16;17;17;10;21;21;15;18;31;17;13
87;20;12;10;5;6;3;16;19;13;16;16;9;20;20;12;17;25;17
88;19;17;10;9;4;6;3;14;19;9;13;16;8;18;16;9;16;23
89;10;16;17;9;9;3;6;2;8;17;5;13;16;6;17;14;9;15
90;10;6;11;16;7;8;2;6;1;9;15;5;13;14;6;15;12;7
91;6;9;6;9;14;6;8;2;4;0;8;13;5;13;9;4;11;11
92;7;4;7;5;7;15;5;7;2;4;0;6;12;5;11;8;4;11
93;1;6;4;7;5;6;13;4;7;1;3;0;4;8;4;9;6;4
94;1;1;5;3;6;5;3;10;4;7;1;1;0;4;5;3;7;6
95;1;1;1;5;3;5;5;3;5;4;6;0;1;0;1;2;3;6
96;1;1;1;1;2;2;4;2;3;4;4;5;0;2;0;1;1;3
97;2;1;1;1;0;2;2;4;2;2;3;2;3;0;1;0;1;1
98;0;2;1;1;1;0;1;2;3;0;2;3;2;3;0;0;0;1
99;0;0;1;1;0;0;0;1;2;2;0;1;2;2;1;0;0;0
100 e oltre;0;0;0;1;2;1;0;0;0;0;2;2;0;1;2;2;1;1
Totale;2413;2378;2349;2289;2259;2242;2198;2179;2144;2118;2119;2102;2068;2037;1991;1963;1924;1905

"Ricostruzione della popolazione intercensuaria - Popolazione al 1° gennaio per età"
"Cittadinanza straniera - Comune: Carpino"
Età/Anno;2002;2003;2004;2005;2006;2007;2008;2009;2010;2011;2012;2013;2014;2015;2016;2017;2018;2019
Età;Totale
0;1;2;2;1;1;4;1;2;3;5;5;0;4;6;4;3;4;3
1;0;1;2;2;1;1;4;2;3;4;6;5;3;4;6;4;4;4
2;1;0;2;3;2;1;1;3;1;4;4;6;6;4;3;5;3;4
3;1;0;0;2;3;2;1;1;4;1;4;3;7;6;4;2;4;3
4;0;3;0;0;2;4;4;1;1;4;2;4;3;7;5;4;1;7
5;0;0;4;1;0;2;4;5;2;2;6;2;4;3;7;5;4;1
6;0;0;1;5;1;0;5;4;5;2;2;6;2;4;4;6;5;4
7;0;1;1;1;2;1;0;4;6;4;2;1;5;2;4;3;6;5
8;0;0;1;2;1;3;2;0;4;5;4;3;1;5;2;3;3;6
9;0;1;1;1;2;3;4;2;1;5;6;4;3;1;6;3;2;4
10;0;1;0;1;0;2;3;5;2;1;5;4;3;3;1;4;4;2
11;1;1;1;2;1;0;3;3;7;3;1;5;3;3;3;2;4;4
12;0;2;1;1;2;1;1;2;3;7;3;1;5;3;2;1;5;4
13;1;0;2;1;1;2;1;1;3;3;10;4;1;5;3;2;0;6
14;0;1;0;2;2;1;3;1;2;3;4;9;4;2;4;1;2;1
15;1;0;1;0;3;2;1;2;1;1;3;3;8;6;2;5;1;2
16;0;1;0;1;0;5;2;1;2;1;1;3;3;7;6;2;5;2
17;1;1;2;0;1;0;6;3;1;3;1;1;3;3;6;7;4;5
18;1;0;0;1;0;1;1;4;2;2;4;1;1;3;4;6;6;3
19;3;1;2;1;0;0;3;2;4;3;3;5;1;1;3;4;4;6
20;0;2;4;2;1;0;2;2;2;6;3;2;4;1;2;4;4;4
21;1;3;2;3;0;2;1;2;3;2;8;4;3;4;2;2;3;4
22;0;2;5;1;2;0;5;2;3;3;2;7;4;3;4;2;2;4
23;4;1;3;2;3;2;1;4;2;5;4;2;8;4;3;4;0;2
24;0;2;3;2;1;3;5;0;4;4;5;4;4;8;5;2;4;0
25;1;1;2;3;0;0;2;6;1;5;4;4;4;4;15;5;5;2
26;0;2;0;2;2;0;3;0;7;1;5;3;4;5;5;12;4;6
27;2;0;0;3;2;1;0;2;1;7;3;5;5;4;4;5;9;4
28;4;4;1;2;3;3;2;1;5;2;8;3;5;5;5;4;5;11
29;0;3;7;3;2;3;4;4;3;4;2;7;5;4;5;5;5;5
30;0;0;6;9;5;3;3;4;7;1;4;1;8;4;4;6;5;6
31;1;1;2;3;6;4;4;0;5;9;2;6;3;9;4;4;6;7
32;1;0;2;2;2;7;7;5;0;5;10;3;8;3;8;7;4;6
33;0;1;0;1;1;2;5;9;5;1;7;9;3;9;3;11;7;3
34;3;1;1;0;1;0;5;7;8;5;4;5;11;6;8;3;10;8
35;0;2;2;2;0;1;1;5;5;7;5;3;8;11;6;6;4;9
36;1;0;2;2;0;0;1;1;5;5;8;6;4;10;12;6;5;2
37;0;1;1;2;1;0;0;1;3;6;6;7;9;4;11;9;6;6
38;1;1;3;0;2;2;0;2;1;2;7;6;7;10;4;10;9;7
39;1;1;2;7;2;2;4;0;3;1;2;8;7;8;10;5;10;10
40;0;1;1;2;8;2;2;8;0;4;1;2;8;7;8;9;5;10
41;0;1;1;1;1;8;3;2;8;0;4;1;2;9;8;6;9;5
42;1;0;2;1;1;2;7;3;2;6;0;4;2;2;8;5;5;9
43;1;0;0;0;1;1;3;7;4;2;6;0;3;2;2;9;5;8
44;1;1;2;0;0;1;3;3;7;4;2;5;0;3;2;2;9;8
45;1;4;0;2;0;0;2;3;4;7;5;2;9;1;4;2;3;10
46;1;1;4;0;2;0;0;2;4;1;7;5;5;9;1;4;2;3
47;0;1;1;4;0;2;1;0;2;4;3;7;4;3;7;0;4;1
48;0;0;1;1;4;0;2;0;0;3;4;3;5;3;2;7;0;5
49;1;0;0;1;1;4;0;1;0;0;3;4;3;5;4;1;8;0
50;0;2;0;0;2;1;4;0;1;0;0;3;4;3;6;4;2;9
51;1;0;2;0;0;2;1;4;0;1;0;0;4;4;4;6;5;2
52;0;1;0;2;0;0;2;1;4;0;1;0;0;4;4;5;7;5
53;0;0;1;0;2;0;0;0;1;4;0;2;0;0;4;4;5;6
54;0;0;2;1;0;2;0;0;1;1;4;0;3;0;0;3;5;4
55;0;1;0;2;1;0;2;0;1;0;1;3;0;2;0;1;3;4
56;0;0;1;0;2;1;1;2;0;1;0;1;4;0;2;0;1;3
57;0;0;1;1;0;2;1;1;2;0;1;0;1;4;1;2;0;1
58;0;0;0;1;1;0;1;1;1;2;0;1;0;1;3;1;1;0
59;0;0;0;0;1;1;0;1;1;1;2;0;3;0;0;2;1;1
60;1;1;0;0;0;1;1;0;0;1;1;2;0;3;0;0;3;1
61;0;1;1;0;0;0;1;1;0;1;1;1;2;0;2;0;1;3
62;0;0;1;0;0;0;0;1;0;0;1;1;1;2;0;2;0;1
63;2;1;0;2;0;0;0;0;1;0;0;1;1;1;2;0;2;0
64;0;1;1;0;2;0;0;0;0;1;0;0;1;1;1;2;0;1
65;0;0;1;2;0;2;0;0;0;0;1;0;0;1;1;1;2;1
66;1;0;0;0;2;0;2;1;0;0;0;1;0;0;1;1;0;2
67;1;2;0;0;1;2;0;2;1;0;0;0;1;0;0;1;1;1
68;0;1;1;0;1;1;2;0;2;1;1;0;0;1;0;0;1;1
69;0;1;1;1;0;0;1;2;0;2;1;1;0;0;1;0;0;1
70;0;0;1;1;1;0;0;0;2;0;2;1;1;0;0;1;0;0
71;0;0;0;1;1;1;0;1;0;0;0;2;2;1;0;0;1;0
72;0;0;0;0;1;1;1;0;1;0;0;0;2;2;1;0;0;1
73;0;0;0;0;0;1;1;1;0;1;0;0;0;2;2;1;0;0
74;0;0;0;0;0;0;1;1;1;0;1;0;1;0;2;2;2;0
75;0;0;0;0;0;0;0;1;1;0;1;1;0;1;0;2;2;2
76;0;0;0;0;0;0;0;0;1;1;0;0;1;0;1;0;2;2
77;0;0;0;0;0;0;0;0;0;1;1;0;1;1;0;1;0;0
78;0;0;0;0;0;0;0;0;0;0;1;1;0;1;1;0;1;0
79;0;0;0;0;0;0;0;0;0;0;0;1;1;0;1;1;0;1
80;0;0;0;0;0;0;0;0;0;0;0;0;1;1;0;1;0;0
81;0;0;0;0;0;0;0;0;0;0;0;0;0;1;1;0;1;0
82;0;0;0;0;0;0;0;0;0;0;0;0;0;0;1;1;0;1
83;0;0;0;0;0;0;0;0;0;0;0;0;0;0;0;1;1;0
84;0;0;0;0;0;0;0;0;0;0;0;0;0;0;0;0;1;1
85;0;0;0;0;0;0;0;0;0;0;0;0;0;0;0;0;0;1
86;0;0;0;0;0;0;0;0;0;0;0;0;0;0;0;0;0;0
87;0;0;0;0;0;0;0;0;0;0;0;0;0;0;0;0;0;0
88;0;0;0;0;0;0;0;0;0;0;0;0;0;0;0;0;0;0
89;0;0;0;0;0;0;0;0;0;0;1;0;0;0;0;0;0;0
90;0;0;0;0;0;0;0;0;0;0;0;1;0;0;0;0;0;0
91;0;0;0;0;0;0;0;0;0;0;0;0;1;0;0;0;0;0
92;0;0;0;0;0;0;0;0;0;0;0;0;0;1;0;0;0;0
93;0;0;0;0;0;0;0;0;0;0;0;0;0;0;1;0;0;0
94;0;0;0;0;0;0;0;0;0;0;0;0;0;0;0;1;0;0
95;0;0;0;0;0;0;0;0;0;0;0;0;0;0;0;0;1;0
96;0;0;0;0;0;0;0;0;0;0;0;0;0;0;0;0;0;1
97;0;0;0;0;0;0;0;0;0;0;0;0;0;0;0;0;0;0
98;0;0;0;0;0;0;0;0;0;0;0;0;0;0;0;0;0;0
99;0;0;0;0;0;0;0;0;0;0;0;0;0;0;0;0;0;0
100 e oltre;0;0;0;0;0;0;0;0;0;0;0;0;0;0;0;0;0;0
Totale;43;65;97;105;97;108;150;155;183;194;232;222;261;276;288;276;280;298
Età/Anno;2002;2003;2004;2005;2006;2007;2008;2009;2010;2011;2012;2013;2014;2015;2016;2017;2018;2019
Età;Maschi
0;1;0;2;1;0;0;0;0;3;1;0;0;2;4;2;2;1;3
1;0;1;0;2;1;0;1;1;1;2;2;0;1;2;4;2;2;1
2;1;0;1;0;2;1;0;1;0;1;3;2;1;2;2;3;2;2
3;0;0;0;1;0;2;1;0;2;1;1;3;2;1;2;1;2;2
4;0;0;0;0;1;0;4;1;0;2;2;1;3;2;1;2;0;5
5;0;0;0;1;0;1;0;4;1;0;3;2;1;3;2;2;2;0
6;0;0;0;0;1;0;3;0;4;1;0;3;2;1;4;2;2;2
7;0;1;1;0;0;1;0;2;1;3;1;0;2;2;1;3;2;2
8;0;0;1;1;0;0;1;0;2;0;3;2;0;2;2;1;3;2
9;0;1;0;1;1;1;0;1;0;3;1;3;2;0;2;2;1;3
10;0;1;0;1;0;1;1;0;1;0;3;0;2;2;0;2;3;1
11;1;0;1;1;1;0;2;1;1;1;0;3;0;2;2;1;2;3
12;0;2;0;1;1;1;0;1;1;0;1;0;3;0;1;1;4;2
13;1;0;2;0;1;1;1;0;1;1;2;1;0;3;0;1;0;5
14;0;1;0;2;0;1;2;1;1;1;1;1;1;1;2;0;1;0
15;0;0;1;0;2;0;1;1;1;0;1;1;1;1;1;3;0;1
16;0;0;0;1;0;4;0;1;1;1;0;1;1;1;1;1;3;1
17;1;1;0;0;1;0;4;0;1;2;1;0;2;1;1;3;3;3
18;0;0;0;0;0;1;0;3;0;2;3;1;0;2;2;2;3;2
19;3;0;2;1;0;0;3;0;3;0;2;3;1;0;2;2;2;3
20;0;2;3;2;1;0;1;1;0;4;0;1;2;1;1;3;2;3
21;1;2;2;3;0;2;0;1;1;0;5;1;1;3;2;1;2;2
22;0;2;3;1;2;0;3;0;2;2;0;5;1;1;3;2;1;2
23;3;1;3;0;1;2;0;2;0;3;2;0;5;1;1;3;0;1
24;0;1;3;2;0;1;4;0;2;1;3;2;1;4;1;1;3;0
25;1;1;1;3;0;0;1;4;1;3;1;2;1;1;10;1;2;1
26;0;1;0;0;2;0;1;0;5;1;3;1;2;1;1;9;1;2
27;2;0;0;1;0;1;0;0;0;5;2;2;0;2;0;1;7;1
28;2;3;0;0;1;0;2;0;0;1;5;2;2;0;2;0;1;8
29;0;1;3;1;0;1;0;3;0;0;1;5;3;2;0;2;0;1
30;0;0;2;4;3;0;1;0;7;0;0;1;5;2;2;1;2;1
31;1;0;2;0;3;3;0;0;0;8;0;2;1;5;3;2;2;3
32;1;0;0;2;0;5;5;0;0;0;8;0;4;1;5;5;3;2
33;0;1;0;0;1;0;3;7;0;1;1;7;0;5;1;7;5;3
34;1;1;1;0;0;0;2;3;6;0;4;0;8;3;4;1;5;6
35;0;1;2;2;0;0;1;2;4;5;0;3;1;8;3;3;2;4
36;1;0;1;1;0;0;1;1;2;4;5;1;4;1;9;3;2;2
37;0;1;0;1;0;0;0;1;1;3;5;4;2;4;2;7;4;3
38;1;0;3;0;1;1;0;0;1;1;4;5;4;3;4;2;6;5
39;0;1;1;5;2;1;3;0;0;1;1;5;5;5;3;4;2;7
40;0;0;1;2;6;2;1;4;0;1;1;1;6;5;5;2;4;2
41;0;0;0;1;1;6;2;1;4;0;1;1;1;7;4;5;2;4
42;1;0;2;0;1;2;5;2;1;2;0;1;1;1;7;2;4;2
43;1;0;0;0;0;1;1;5;3;1;2;0;1;1;1;7;2;5
44;0;1;2;0;0;0;1;1;5;3;1;1;0;1;1;1;6;5
45;0;0;0;2;0;0;0;1;2;5;4;1;5;1;2;1;1;7
46;1;0;0;0;2;0;0;0;1;0;5;4;3;6;1;2;1;2
47;0;1;0;0;0;2;0;0;0;1;1;5;3;1;5;0;2;1
48;0;0;1;0;0;0;2;0;0;1;1;1;4;2;0;4;0;3
49;1;0;0;1;0;0;0;1;0;0;1;1;1;4;3;0;3;0
50;0;2;0;0;2;0;0;0;1;0;0;1;1;1;4;3;0;4
51;1;0;2;0;0;2;0;0;0;1;0;0;2;1;1;4;4;0
52;0;1;0;2;0;0;2;0;0;0;1;0;0;2;1;2;5;4
53;0;0;1;0;2;0;0;0;0;0;0;2;0;0;2;1;2;4
54;0;0;0;1;0;2;0;0;0;0;0;0;3;0;0;2;2;2
55;0;1;0;1;1;0;2;0;1;0;0;0;0;2;0;0;2;1
56;0;0;1;0;1;1;0;2;0;1;0;0;1;0;2;0;0;2
57;0;0;0;1;0;1;1;0;2;0;1;0;0;1;1;2;0;0
58;0;0;0;0;1;0;1;1;0;2;0;1;0;0;0;1;1;0
59;0;0;0;0;0;1;0;1;1;0;2;0;1;0;0;0;1;1
60;1;0;0;0;0;0;1;0;0;1;0;2;0;1;0;0;1;1
61;0;1;0;0;0;0;0;1;0;0;1;0;1;0;1;0;0;1
62;0;0;1;0;0;0;0;0;0;0;0;1;0;1;0;1;0;0
63;1;0;0;1;0;0;0;0;0;0;0;0;1;0;1;0;1;0
64;0;0;0;0;1;0;0;0;0;0;0;0;0;1;0;1;0;1
65;0;0;0;0;0;1;0;0;0;0;0;0;0;0;1;0;1;0
66;0;0;0;0;0;0;1;0;0;0;0;0;0;0;0;1;0;1
67;1;1;0;0;1;0;0;1;0;0;0;0;0;0;0;0;1;1
68;0;1;0;0;0;1;0;0;1;0;1;0;0;0;0;0;0;1
69;0;1;1;0;0;0;1;0;0;1;0;1;0;0;0;0;0;0
70;0;0;1;1;0;0;0;0;0;0;1;0;1;0;0;0;0;0
71;0;0;0;1;1;0;0;1;0;0;0;1;0;1;0;0;0;0
72;0;0;0;0;1;1;0;0;1;0;0;0;1;0;1;0;0;0
73;0;0;0;0;0;1;1;0;0;1;0;0;0;1;0;1;0;0
74;0;0;0;0;0;0;1;1;0;0;1;0;0;0;1;0;1;0
75;0;0;0;0;0;0;0;1;1;0;1;1;0;0;0;1;0;1
76;0;0;0;0;0;0;0;0;1;1;0;0;1;0;0;0;1;0
77;0;0;0;0;0;0;0;0;0;1;1;0;0;1;0;0;0;0
78;0;0;0;0;0;0;0;0;0;0;1;1;0;0;1;0;0;0
79;0;0;0;0;0;0;0;0;0;0;0;1;1;0;0;1;0;0
80;0;0;0;0;0;0;0;0;0;0;0;0;1;1;0;0;0;0
81;0;0;0;0;0;0;0;0;0;0;0;0;0;1;1;0;0;0
82;0;0;0;0;0;0;0;0;0;0;0;0;0;0;1;1;0;0
83;0;0;0;0;0;0;0;0;0;0;0;0;0;0;0;1;1;0
84;0;0;0;0;0;0;0;0;0;0;0;0;0;0;0;0;1;1
85;0;0;0;0;0;0;0;0;0;0;0;0;0;0;0;0;0;1
86;0;0;0;0;0;0;0;0;0;0;0;0;0;0;0;0;0;0
87;0;0;0;0;0;0;0;0;0;0;0;0;0;0;0;0;0;0
88;0;0;0;0;0;0;0;0;0;0;0;0;0;0;0;0;0;0
89;0;0;0;0;0;0;0;0;0;0;1;0;0;0;0;0;0;0
90;0;0;0;0;0;0;0;0;0;0;0;1;0;0;0;0;0;0
91;0;0;0;0;0;0;0;0;0;0;0;0;1;0;0;0;0;0
92;0;0;0;0;0;0;0;0;0;0;0;0;0;1;0;0;0;0
93;0;0;0;0;0;0;0;0;0;0;0;0;0;0;1;0;0;0
94;0;0;0;0;0;0;0;0;0;0;0;0;0;0;0;1;0;0
95;0;0;0;0;0;0;0;0;0;0;0;0;0;0;0;0;1;0
96;0;0;0;0;0;0;0;0;0;0;0;0;0;0;0;0;0;1
97;0;0;0;0;0;0;0;0;0;0;0;0;0;0;0;0;0;0
98;0;0;0;0;0;0;0;0;0;0;0;0;0;0;0;0;0;0
99;0;0;0;0;0;0;0;0;0;0;0;0;0;0;0;0;0;0
100 e oltre;0;0;0;0;0;0;0;0;0;0;0;0;0;0;0;0;0;0
Totale;30;37;54;56;50;56;75;67;82;88;109;105;120;130;140;142;141;159
Età/Anno;2002;2003;2004;2005;2006;2007;2008;2009;2010;2011;2012;2013;2014;2015;2016;2017;2018;2019
Età;Femmine
0;0;2;0;0;1;4;1;2;0;4;5;0;2;2;2;1;3;0
1;0;0;2;0;0;1;3;1;2;2;4;5;2;2;2;2;2;3
2;0;0;1;3;0;0;1;2;1;3;1;4;5;2;1;2;1;2
3;1;0;0;1;3;0;0;1;2;0;3;0;5;5;2;1;2;1
4;0;3;0;0;1;4;0;0;1;2;0;3;0;5;4;2;1;2
5;0;0;4;0;0;1;4;1;1;2;3;0;3;0;5;3;2;1
6;0;0;1;5;0;0;2;4;1;1;2;3;0;3;0;4;3;2
7;0;0;0;1;2;0;0;2;5;1;1;1;3;0;3;0;4;3
8;0;0;0;1;1;3;1;0;2;5;1;1;1;3;0;2;0;4
9;0;0;1;0;1;2;4;1;1;2;5;1;1;1;4;1;1;1
10;0;0;0;0;0;1;2;5;1;1;2;4;1;1;1;2;1;1
11;0;1;0;1;0;0;1;2;6;2;1;2;3;1;1;1;2;1
12;0;0;1;0;1;0;1;1;2;7;2;1;2;3;1;0;1;2
13;0;0;0;1;0;1;0;1;2;2;8;3;1;2;3;1;0;1
14;0;0;0;0;2;0;1;0;1;2;3;8;3;1;2;1;1;1
15;1;0;0;0;1;2;0;1;0;1;2;2;7;5;1;2;1;1
16;0;1;0;0;0;1;2;0;1;0;1;2;2;6;5;1;2;1
17;0;0;2;0;0;0;2;3;0;1;0;1;1;2;5;4;1;2
18;1;0;0;1;0;0;1;1;2;0;1;0;1;1;2;4;3;1
19;0;1;0;0;0;0;0;2;1;3;1;2;0;1;1;2;2;3
20;0;0;1;0;0;0;1;1;2;2;3;1;2;0;1;1;2;1
21;0;1;0;0;0;0;1;1;2;2;3;3;2;1;0;1;1;2
22;0;0;2;0;0;0;2;2;1;1;2;2;3;2;1;0;1;2
23;1;0;0;2;2;0;1;2;2;2;2;2;3;3;2;1;0;1
24;0;1;0;0;1;2;1;0;2;3;2;2;3;4;4;1;1;0
25;0;0;1;0;0;0;1;2;0;2;3;2;3;3;5;4;3;1
26;0;1;0;2;0;0;2;0;2;0;2;2;2;4;4;3;3;4
27;0;0;0;2;2;0;0;2;1;2;1;3;5;2;4;4;2;3
28;2;1;1;2;2;3;0;1;5;1;3;1;3;5;3;4;4;3
29;0;2;4;2;2;2;4;1;3;4;1;2;2;2;5;3;5;4
30;0;0;4;5;2;3;2;4;0;1;4;0;3;2;2;5;3;5
31;0;1;0;3;3;1;4;0;5;1;2;4;2;4;1;2;4;4
32;0;0;2;0;2;2;2;5;0;5;2;3;4;2;3;2;1;4
33;0;0;0;1;0;2;2;2;5;0;6;2;3;4;2;4;2;0
34;2;0;0;0;1;0;3;4;2;5;0;5;3;3;4;2;5;2
35;0;1;0;0;0;1;0;3;1;2;5;0;7;3;3;3;2;5
36;0;0;1;1;0;0;0;0;3;1;3;5;0;9;3;3;3;0
37;0;0;1;1;1;0;0;0;2;3;1;3;7;0;9;2;2;3
38;0;1;0;0;1;1;0;2;0;1;3;1;3;7;0;8;3;2
39;1;0;1;2;0;1;1;0;3;0;1;3;2;3;7;1;8;3
40;0;1;0;0;2;0;1;4;0;3;0;1;2;2;3;7;1;8
41;0;1;1;0;0;2;1;1;4;0;3;0;1;2;4;1;7;1
42;0;0;0;1;0;0;2;1;1;4;0;3;1;1;1;3;1;7
43;0;0;0;0;1;0;2;2;1;1;4;0;2;1;1;2;3;3
44;1;0;0;0;0;1;2;2;2;1;1;4;0;2;1;1;3;3
45;1;4;0;0;0;0;2;2;2;2;1;1;4;0;2;1;2;3
46;0;1;4;0;0;0;0;2;3;1;2;1;2;3;0;2;1;1
47;0;0;1;4;0;0;1;0;2;3;2;2;1;2;2;0;2;0
48;0;0;0;1;4;0;0;0;0;2;3;2;1;1;2;3;0;2
49;0;0;0;0;1;4;0;0;0;0;2;3;2;1;1;1;5;0
50;0;0;0;0;0;1;4;0;0;0;0;2;3;2;2;1;2;5
51;0;0;0;0;0;0;1;4;0;0;0;0;2;3;3;2;1;2
52;0;0;0;0;0;0;0;1;4;0;0;0;0;2;3;3;2;1
53;0;0;0;0;0;0;0;0;1;4;0;0;0;0;2;3;3;2
54;0;0;2;0;0;0;0;0;1;1;4;0;0;0;0;1;3;2
55;0;0;0;1;0;0;0;0;0;0;1;3;0;0;0;1;1;3
56;0;0;0;0;1;0;1;0;0;0;0;1;3;0;0;0;1;1
57;0;0;1;0;0;1;0;1;0;0;0;0;1;3;0;0;0;1
58;0;0;0;1;0;0;0;0;1;0;0;0;0;1;3;0;0;0
59;0;0;0;0;1;0;0;0;0;1;0;0;2;0;0;2;0;0
60;0;1;0;0;0;1;0;0;0;0;1;0;0;2;0;0;2;0
61;0;0;1;0;0;0;1;0;0;1;0;1;1;0;1;0;1;2
62;0;0;0;0;0;0;0;1;0;0;1;0;1;1;0;1;0;1
63;1;1;0;1;0;0;0;0;1;0;0;1;0;1;1;0;1;0
64;0;1;1;0;1;0;0;0;0;1;0;0;1;0;1;1;0;0
65;0;0;1;2;0;1;0;0;0;0;1;0;0;1;0;1;1;1
66;1;0;0;0;2;0;1;1;0;0;0;1;0;0;1;0;0;1
67;0;1;0;0;0;2;0;1;1;0;0;0;1;0;0;1;0;0
68;0;0;1;0;1;0;2;0;1;1;0;0;0;1;0;0;1;0
69;0;0;0;1;0;0;0;2;0;1;1;0;0;0;1;0;0;1
70;0;0;0;0;1;0;0;0;2;0;1;1;0;0;0;1;0;0
71;0;0;0;0;0;1;0;0;0;0;0;1;2;0;0;0;1;0
72;0;0;0;0;0;0;1;0;0;0;0;0;1;2;0;0;0;1
73;0;0;0;0;0;0;0;1;0;0;0;0;0;1;2;0;0;0
74;0;0;0;0;0;0;0;0;1;0;0;0;1;0;1;2;1;0
75;0;0;0;0;0;0;0;0;0;0;0;0;0;1;0;1;2;1
76;0;0;0;0;0;0;0;0;0;0;0;0;0;0;1;0;1;2
77;0;0;0;0;0;0;0;0;0;0;0;0;1;0;0;1;0;0
78;0;0;0;0;0;0;0;0;0;0;0;0;0;1;0;0;1;0
79;0;0;0;0;0;0;0;0;0;0;0;0;0;0;1;0;0;1
80;0;0;0;0;0;0;0;0;0;0;0;0;0;0;0;1;0;0
81;0;0;0;0;0;0;0;0;0;0;0;0;0;0;0;0;1;0
82;0;0;0;0;0;0;0;0;0;0;0;0;0;0;0;0;0;1
83;0;0;0;0;0;0;0;0;0;0;0;0;0;0;0;0;0;0
84;0;0;0;0;0;0;0;0;0;0;0;0;0;0;0;0;0;0
85;0;0;0;0;0;0;0;0;0;0;0;0;0;0;0;0;0;0
86;0;0;0;0;0;0;0;0;0;0;0;0;0;0;0;0;0;0
87;0;0;0;0;0;0;0;0;0;0;0;0;0;0;0;0;0;0
88;0;0;0;0;0;0;0;0;0;0;0;0;0;0;0;0;0;0
89;0;0;0;0;0;0;0;0;0;0;0;0;0;0;0;0;0;0
90;0;0;0;0;0;0;0;0;0;0;0;0;0;0;0;0;0;0
91;0;0;0;0;0;0;0;0;0;0;0;0;0;0;0;0;0;0
92;0;0;0;0;0;0;0;0;0;0;0;0;0;0;0;0;0;0
93;0;0;0;0;0;0;0;0;0;0;0;0;0;0;0;0;0;0
94;0;0;0;0;0;0;0;0;0;0;0;0;0;0;0;0;0;0
95;0;0;0;0;0;0;0;0;0;0;0;0;0;0;0;0;0;0
96;0;0;0;0;0;0;0;0;0;0;0;0;0;0;0;0;0;0
97;0;0;0;0;0;0;0;0;0;0;0;0;0;0;0;0;0;0
98;0;0;0;0;0;0;0;0;0;0;0;0;0;0;0;0;0;0
99;0;0;0;0;0;0;0;0;0;0;0;0;0;0;0;0;0;0
100 e oltre;0;0;0;0;0;0;0;0;0;0;0;0;0;0;0;0;0;0
Totale;13;28;43;49;47;52;75;88;101;106;123;117;141;146;148;134;139;139
