"Popolazione per età, vista per singola area - Comune: 015167 - Pantigliate"

"Ricostruzione della popolazione intercensuaria - Popolazione al 1° gennaio per età"
"Tutte le cittadinanze - Comune: Pantigliate"
Età/Anno;2002;2003;2004;2005;2006;2007;2008;2009;2010;2011;2012;2013;2014;2015;2016;2017;2018;2019
Età;Totale
0;58;54;50;56;69;77;68;70;60;57;63;52;52;62;48;42;37;43
1;41;64;57;48;56;64;79;63;66;62;57;62;42;56;68;55;41;39
2;45;44;64;54;54;60;59;80;60;68;60;57;57;44;56;69;57;38
3;56;44;56;61;59;57;60;60;84;66;71;62;55;56;45;56;62;59
4;48;52;45;57;55;59;58;60;61;83;68;69;61;56;55;49;56;57
5;46;48;55;45;60;55;52;60;63;60;82;63;72;60;59;58;49;59
6;46;46;51;56;40;58;56;51;62;64;58;84;64;72;59;58;59;53
7;54;46;51;52;60;36;53;61;52;61;65;57;81;65;76;59;56;59
8;52;56;48;53;50;59;37;56;61;51;61;66;55;79;67;78;59;59
9;39;50;56;48;52;52;61;41;61;62;54;61;67;53;80;67;78;59
10;60;39;55;55;47;55;52;69;40;59;60;53;60;66;54;81;68;77
11;48;60;41;56;59;52;55;49;66;40;60;59;51;59;66;56;80;67
12;49;49;60;39;52;61;52;56;51;64;39;60;60;50;62;68;56;81
13;52;47;47;60;43;51;56;56;59;56;67;44;61;60;50;62;67;55
14;50;51;47;51;60;42;50;57;55;59;57;66;44;63;60;54;62;64
15;51;52;55;47;50;59;43;50;57;59;57;57;66;43;65;58;55;58
16;46;52;53;56;47;49;58;43;52;56;56;57;57;64;42;61;61;52
17;41;47;52;53;53;49;48;59;43;53;58;55;56;57;63;43;58;58
18;42;36;44;54;55;55;50;50;62;42;55;58;53;55;55;66;44;57
19;47;41;37;41;51;58;53;50;48;63;44;55;56;54;56;54;67;43
20;60;49;39;39;42;51;56;52;49;47;64;46;56;57;54;54;56;67
21;72;54;50;42;36;40;53;60;52;50;50;63;47;54;65;55;57;59
22;67;72;55;51;42;33;44;56;57;59;53;50;63;50;60;62;59;56
23;66;65;75;51;54;43;35;51;58;59;57;57;49;60;49;55;60;58
24;76;69;69;68;55;58;43;37;50;55;60;60;57;50;60;48;58;56
25;72;73;74;71;69;64;58;50;37;51;57;60;62;49;49;63;50;55
26;88;67;85;83;76;63;60;59;49;39;50;55;55;66;52;55;59;49
27;100;85;69;82;95;77;57;55;55;52;42;53;53;61;66;56;54;56
28;84;104;97;75;89;84;74;66;56;56;54;44;58;53;71;67;58;51
29;86;88;101;103;80;90;78;70;72;59;57;52;40;62;57;76;56;58
30;98;89;95;109;102;81;90;70;71;81;56;57;53;51;55;55;69;56
31;90;101;96;94;113;106;87;95;73;80;86;57;60;58;54;58;60;73
32;94;92;103;107;100;112;104;98;91;78;85;79;64;65;60;49;55;56
33;72;95;100;111;115;91;112;113;92;99;73;82;70;67;68;55;47;49
34;79;77;102;111;112;112;97;109;118;102;93;73;88;76;64;73;60;34
35;106;86;82;107;111;106;114;102;109;116;102;91;69;90;72;67;71;61
36;100;109;99;87;101;106;104;111;105;114;109;101;86;77;94;69;69;68
37;98;100;121;102;92;109;105;101;115;105;114;100;98;87;73;87;66;68
38;101;95;103;124;105;97;110;109;93;117;102;112;99;98;86;74;84;75
39;84;99;97;101;124;106;93;109;111;101;117;101;110;108;91;92;74;82
40;88;88;95;101;102;118;103;91;111;111;103;112;99;114;109;91;94;73
41;82;88;88;89;102;104;120;102;91;108;115;107;113;99;113;114;88;95
42;72;84;92;91;90;98;104;121;105;96;109;111;104;118;100;118;113;86
43;70;75;80;95;89;87;99;105;123;103;96;111;111;107;114;102;117;109
44;64;66;78;76;96;85;80;100;107;124;103;100;112;109;105;113;98;112
45;79;64;68;75;77;100;88;80;98;108;120;100;94;115;110;106;112;94
46;79;72;69;69;74;75;99;89;84;99;108;119;97;90;119;117;99;106
47;74;74;74;70;69;75;77;98;88;84;100;110;116;95;91;121;119;99
48;69;72;77;71;71;69;74;78;93;90;81;102;114;117;96;93;117;111
49;79;68;71;82;72;70;70;76;79;95;90;83;97;109;115;97;92;116
50;65;80;69;73;81;74;67;70;76;78;94;92;85;97;109;113;97;98
51;87;65;81;71;68;81;73;64;69;74;80;95;88;84;100;104;116;97
52;75;86;66;79;67;68;81;76;64;69;75;79;93;89;86;99;101;119
53;90;73;86;66;79;69;68;80;76;65;71;76;75;89;84;89;95;101
54;76;87;74;87;65;74;68;67;76;79;65;68;76;75;86;81;88;95
55;87;74;88;78;83;66;75;70;66;76;77;66;66;73;68;87;82;84
56;79;84;78;87;73;84;65;76;68;66;75;77;67;63;71;67;92;78
57;74;77;83;78;86;75;86;63;72;68;67;75;74;70;63;71;67;92
58;54;73;77;84;78;90;72;88;64;71;66;65;74;75;71;60;70;69
59;58;55;72;78;84;81;87;72;86;64;71;66;65;76;77;68;60;71
60;68;58;56;75;78;80;81;88;72;85;63;72;72;62;73;76;66;60
61;68;66;59;60;72;78;79;79;85;75;82;61;69;71;62;73;76;66
62;79;69;67;58;60;71;78;76;78;84;74;81;58;71;69;62;70;75
63;65;81;68;66;59;60;72;75;76;74;85;71;82;58;70;69;63;73
64;59;67;81;72;66;57;56;70;72;80;74;83;69;79;59;65;63;66
65;55;58;67;78;70;68;57;57;69;67;80;73;82;68;80;59;65;61
66;51;55;62;64;79;71;70;56;57;65;67;79;73;86;66;79;61;66
67;55;50;55;60;65;79;71;71;56;55;67;67;80;73;82;66;79;59
68;50;51;47;57;59;65;79;70;71;57;53;66;65;79;71;81;65;75
69;43;52;52;47;54;63;63;79;70;69;57;52;66;65;76;70;81;61
70;51;44;52;50;48;53;62;58;77;68;67;54;52;67;66;74;67;84
71;41;46;43;51;49;50;48;59;59;76;67;65;54;51;70;68;74;68
72;26;39;42;45;55;49;52;45;57;60;74;64;63;52;48;71;68;77
73;29;28;38;44;43;50;49;51;46;57;60;73;64;62;53;48;69;65
74;41;28;30;37;44;39;48;46;52;44;56;61;69;67;58;52;49;65
75;29;37;27;29;35;46;36;48;46;50;45;55;61;69;61;57;51;48
76;28;30;37;25;28;35;42;38;47;46;49;43;51;61;65;60;56;49
77;28;27;29;35;24;29;33;44;36;46;46;47;42;50;61;63;51;53
78;31;29;27;28;34;24;26;33;38;36;42;46;45;40;50;57;61;53
79;20;27;30;27;28;36;22;25;34;38;34;41;44;46;36;52;53;57
80;15;19;26;30;26;28;31;20;22;36;34;29;36;42;41;35;51;50
81;22;14;17;27;25;26;26;31;18;21;34;33;26;36;37;40;34;49
82;4;21;14;17;25;20;25;24;28;16;21;33;28;26;32;36;38;29
83;10;4;19;12;16;21;20;23;21;25;16;21;31;28;23;32;32;34
84;4;10;2;17;12;13;19;20;23;17;22;13;20;29;22;22;28;28
85;7;2;10;2;12;10;10;15;19;18;17;18;13;17;25;21;17;27
86;7;8;2;10;2;10;11;7;15;16;17;14;14;13;17;23;20;17
87;10;7;3;2;10;5;11;10;7;13;14;11;13;11;12;15;20;21
88;5;11;7;4;1;6;5;9;8;8;13;12;8;12;9;12;12;16
89;10;4;10;6;4;0;4;5;8;8;7;13;12;8;11;10;11;11
90;1;6;4;9;2;3;0;3;3;5;9;7;10;11;8;9;9;11
91;2;1;5;4;7;2;3;0;3;0;5;7;6;7;10;6;8;7
92;1;1;1;5;3;6;2;3;0;3;0;5;5;4;6;8;5;8
93;0;0;0;1;4;1;3;0;3;0;1;0;6;5;3;5;4;5
94;2;0;0;0;0;3;1;1;0;3;1;0;0;5;3;2;5;3
95;0;2;0;0;0;0;3;1;1;0;2;1;0;0;4;3;1;2
96;1;0;2;0;0;0;0;3;0;1;0;2;1;0;0;2;2;0
97;0;1;0;1;0;0;0;0;1;0;1;0;0;1;0;0;2;2
98;0;0;1;0;0;0;0;0;0;0;0;1;0;0;0;0;0;1
99;0;0;0;1;0;0;0;0;0;1;0;0;1;0;0;0;0;0
100 e oltre;0;0;0;0;0;0;0;0;0;0;1;0;0;0;0;0;0;0
Totale;5183;5205;5394;5516;5590;5637;5628;5723;5750;5856;5896;5878;5818;5909;5912;5958;5898;5831
Età/Anno;2002;2003;2004;2005;2006;2007;2008;2009;2010;2011;2012;2013;2014;2015;2016;2017;2018;2019
Età;Maschi
0;26;25;29;30;34;36;35;29;26;33;33;28;25;35;29;26;21;21
1;24;27;24;27;31;37;38;29;28;28;29;33;25;26;37;32;27;24
2;24;26;28;22;31;30;35;41;29;29;26;29;30;27;26;40;32;22
3;28;24;35;25;25;32;32;36;41;31;30;28;29;29;24;26;35;32
4;23;27;26;36;24;27;31;32;36;42;31;28;27;29;28;26;26;32
5;21;23;28;27;39;24;25;32;32;34;41;29;29;26;33;31;27;27
6;13;19;25;28;23;38;25;24;31;34;34;41;29;28;24;32;31;32
7;31;12;21;24;30;21;35;25;25;31;35;34;40;29;31;25;31;32
8;32;32;16;21;23;28;21;38;25;25;32;37;33;36;29;33;26;30
9;17;31;33;16;22;25;28;23;41;27;25;34;36;31;36;29;34;23
10;35;17;33;34;16;25;26;32;20;39;25;24;34;35;32;38;30;34
11;30;36;19;34;36;21;26;22;29;20;40;26;24;33;35;34;38;26
12;25;31;36;18;30;38;20;26;22;28;20;40;27;23;34;37;33;39
13;22;26;30;38;19;30;33;21;28;23;30;22;38;27;22;36;37;32
14;26;21;27;31;37;18;29;34;22;28;23;29;23;40;28;25;36;35
15;26;27;25;27;29;37;18;29;34;22;26;23;29;23;41;27;25;35
16;30;26;28;26;28;27;36;17;30;34;20;26;23;29;22;40;30;24
17;21;31;27;28;23;28;27;36;17;31;34;21;25;23;29;22;38;29
18;22;18;28;28;31;24;28;29;39;15;34;34;20;24;23;31;24;38
19;22;20;18;27;26;34;22;30;27;40;15;30;33;20;24;24;33;23
20;26;23;18;18;27;26;34;23;28;26;40;17;32;33;20;23;28;32
21;42;24;24;20;15;27;27;36;21;27;29;40;16;30;38;20;24;28
22;38;43;25;22;19;17;29;28;34;26;27;29;40;18;35;37;23;25
23;33;37;45;22;24;22;17;32;29;35;24;29;27;40;17;32;38;23
24;33;34;39;39;25;28;23;18;31;26;35;24;28;25;39;19;32;30
25;36;33;37;42;39;25;27;27;18;30;26;37;28;25;22;40;19;29
26;47;33;36;41;46;40;24;25;25;19;28;26;34;32;28;24;39;23
27;56;45;34;31;46;44;34;25;25;29;20;28;23;34;32;29;20;35
28;44;56;47;33;32;38;39;36;23;23;33;21;30;27;35;37;29;22
29;40;45;57;56;33;34;40;38;38;27;25;32;20;34;28;37;31;30
30;56;42;46;65;56;30;36;35;41;44;25;25;30;26;32;29;31;35
31;50;59;45;44;66;60;35;39;36;49;45;27;24;34;29;34;32;37
32;52;52;61;52;46;64;64;39;41;40;47;39;28;27;36;26;31;32
33;36;51;53;63;58;41;62;67;35;46;38;46;34;34;28;33;24;26
34;37;36;56;59;63;54;43;63;67;43;43;37;51;40;30;32;38;18
35;49;40;42;60;56;56;53;46;60;65;42;43;35;53;36;30;32;35
36;52;48;47;45;56;54;57;52;52;64;60;43;39;41;57;34;32;32
37;48;52;56;49;49;65;58;58;52;51;62;56;42;40;39;49;33;31
38;49;50;53;54;54;49;64;57;53;54;44;62;55;43;39;35;48;37
39;35;48;52;50;55;54;45;63;57;59;55;45;60;60;40;42;34;43
40;46;37;46;54;51;55;52;40;63;55;60;51;42;61;64;41;43;34
41;46;46;38;42;53;50;58;50;41;62;57;57;53;42;60;67;39;46
42;35;46;48;41;45;51;50;60;51;44;62;56;56;57;44;63;67;38
43;38;36;44;49;42;43;53;50;62;46;42;61;55;59;52;43;62;63
44;24;36;38;40;48;40;39;53;50;63;45;45;62;53;58;50;41;60
45;40;25;36;35;42;48;40;39;50;52;61;44;43;64;55;57;51;39
46;39;34;29;38;36;43;47;40;41;49;52;61;43;39;63;55;53;49
47;34;40;35;29;37;37;45;46;38;41;49;53;62;41;41;64;56;53
48;33;31;41;32;28;37;38;44;43;41;40;49;57;64;40;42;62;53
49;35;33;30;42;33;27;38;38;45;43;41;42;45;56;63;41;42;61
50;32;35;31;32;42;32;27;38;39;43;44;39;41;47;55;64;41;51
51;49;30;36;32;29;40;32;26;37;37;44;44;38;41;52;54;66;45
52;35;48;31;35;28;30;40;33;27;37;38;45;42;37;43;52;52;67
53;42;35;48;32;35;31;30;41;34;27;39;40;42;40;33;46;49;52
54;40;42;35;49;30;31;31;29;38;36;27;37;39;44;39;30;45;48
55;45;40;43;36;45;30;32;33;29;38;34;27;34;36;39;40;31;41
56;45;45;43;41;32;46;29;33;32;28;37;36;27;29;34;38;44;30
57;43;44;44;44;42;32;48;29;31;33;29;37;35;30;28;35;38;44
58;33;42;44;43;43;43;31;51;30;32;32;29;36;36;30;27;35;37
59;36;34;41;43;43;43;41;31;49;30;32;31;28;36;38;29;27;34
60;29;35;34;42;42;42;43;42;31;48;30;32;35;27;36;37;29;26
61;29;28;36;36;41;42;41;43;39;32;45;28;31;33;27;36;37;28
62;40;29;27;35;35;40;42;41;41;37;33;44;27;31;32;27;35;37
63;28;42;29;25;37;38;41;39;41;39;37;31;44;28;30;32;27;38
64;30;29;43;30;24;36;37;40;37;44;40;36;30;43;29;29;29;28
65;26;28;29;41;28;26;36;38;40;34;43;40;36;29;44;29;29;28
66;25;26;31;27;41;28;26;33;38;36;34;42;40;37;27;42;29;28
67;29;25;25;29;29;39;27;26;33;36;38;34;42;39;35;27;43;28
68;29;28;24;27;28;29;39;26;26;34;33;37;32;42;39;33;26;40
69;20;30;28;23;27;29;29;40;26;26;32;32;37;31;38;38;33;23
70;31;20;29;26;24;27;29;25;37;24;25;30;32;37;31;36;35;35
71;25;27;20;29;25;26;26;27;25;36;24;24;28;32;38;32;36;36
72;12;24;26;20;32;25;26;23;26;24;35;24;23;27;29;38;32;36
73;11;12;24;28;19;30;26;25;23;26;24;33;23;22;28;29;35;30
74;10;10;13;24;29;16;28;23;25;22;25;25;32;26;19;27;28;32
75;11;9;9;13;23;28;14;28;23;23;22;25;25;32;24;20;27;28
76;13;12;10;7;13;24;24;14;28;23;23;21;24;26;33;23;19;25
77;4;13;12;9;7;13;23;26;14;28;24;21;20;23;26;31;20;18
78;8;5;13;11;9;8;12;24;23;13;26;24;19;19;23;24;30;19
79;6;8;6;13;10;11;7;9;24;23;13;26;23;20;18;24;22;27
80;6;6;8;6;12;10;10;6;7;24;20;11;22;21;16;18;23;20
81;5;5;4;7;5;12;10;9;4;6;22;20;9;21;16;15;16;21
82;2;5;5;3;6;3;11;9;8;3;6;21;15;8;17;16;14;12
83;4;2;4;3;2;3;3;11;8;7;3;6;20;14;8;17;14;12
84;1;4;0;3;3;2;3;3;10;5;5;1;6;19;10;7;17;13
85;3;0;4;0;1;2;2;3;2;8;4;4;1;5;16;11;4;16
86;2;3;0;4;0;1;3;2;3;1;7;4;3;1;4;15;10;5
87;6;2;0;0;4;0;1;3;2;2;1;4;3;2;1;3;13;11
88;1;6;2;1;0;2;0;1;3;2;2;1;2;3;1;1;3;10
89;0;1;5;2;1;0;1;0;0;3;2;3;1;2;2;1;1;3
90;0;0;1;3;0;0;0;1;0;0;3;2;3;1;2;2;1;1
91;1;0;0;1;3;0;0;0;1;0;0;3;2;3;1;1;1;0
92;0;0;0;0;0;2;0;0;0;1;0;0;1;2;1;1;1;1
93;0;0;0;0;0;0;0;0;0;0;0;0;1;1;0;1;1;1
94;0;0;0;0;0;0;0;0;0;0;0;0;0;0;1;0;1;0
95;0;0;0;0;0;0;0;0;0;0;0;0;0;0;0;1;0;1
96;0;0;0;0;0;0;0;0;0;0;0;0;0;0;0;0;1;0
97;0;0;0;0;0;0;0;0;0;0;0;0;0;0;0;0;0;1
98;0;0;0;0;0;0;0;0;0;0;0;0;0;0;0;0;0;0
99;0;0;0;0;0;0;0;0;0;0;0;0;0;0;0;0;0;0
100 e oltre;0;0;0;0;0;0;0;0;0;0;0;0;0;0;0;0;0;0
Totale;2574;2583;2691;2729;2766;2791;2802;2836;2826;2884;2877;2875;2827;2888;2880;2918;2898;2856
Età/Anno;2002;2003;2004;2005;2006;2007;2008;2009;2010;2011;2012;2013;2014;2015;2016;2017;2018;2019
Età;Femmine
0;32;29;21;26;35;41;33;41;34;24;30;24;27;27;19;16;16;22
1;17;37;33;21;25;27;41;34;38;34;28;29;17;30;31;23;14;15
2;21;18;36;32;23;30;24;39;31;39;34;28;27;17;30;29;25;16
3;28;20;21;36;34;25;28;24;43;35;41;34;26;27;21;30;27;27
4;25;25;19;21;31;32;27;28;25;41;37;41;34;27;27;23;30;25
5;25;25;27;18;21;31;27;28;31;26;41;34;43;34;26;27;22;32
6;33;27;26;28;17;20;31;27;31;30;24;43;35;44;35;26;28;21
7;23;34;30;28;30;15;18;36;27;30;30;23;41;36;45;34;25;27
8;20;24;32;32;27;31;16;18;36;26;29;29;22;43;38;45;33;29
9;22;19;23;32;30;27;33;18;20;35;29;27;31;22;44;38;44;36
10;25;22;22;21;31;30;26;37;20;20;35;29;26;31;22;43;38;43
11;18;24;22;22;23;31;29;27;37;20;20;33;27;26;31;22;42;41
12;24;18;24;21;22;23;32;30;29;36;19;20;33;27;28;31;23;42
13;30;21;17;22;24;21;23;35;31;33;37;22;23;33;28;26;30;23
14;24;30;20;20;23;24;21;23;33;31;34;37;21;23;32;29;26;29
15;25;25;30;20;21;22;25;21;23;37;31;34;37;20;24;31;30;23
16;16;26;25;30;19;22;22;26;22;22;36;31;34;35;20;21;31;28
17;20;16;25;25;30;21;21;23;26;22;24;34;31;34;34;21;20;29
18;20;18;16;26;24;31;22;21;23;27;21;24;33;31;32;35;20;19
19;25;21;19;14;25;24;31;20;21;23;29;25;23;34;32;30;34;20
20;34;26;21;21;15;25;22;29;21;21;24;29;24;24;34;31;28;35
21;30;30;26;22;21;13;26;24;31;23;21;23;31;24;27;35;33;31
22;29;29;30;29;23;16;15;28;23;33;26;21;23;32;25;25;36;31
23;33;28;30;29;30;21;18;19;29;24;33;28;22;20;32;23;22;35
24;43;35;30;29;30;30;20;19;19;29;25;36;29;25;21;29;26;26
25;36;40;37;29;30;39;31;23;19;21;31;23;34;24;27;23;31;26
26;41;34;49;42;30;23;36;34;24;20;22;29;21;34;24;31;20;26
27;44;40;35;51;49;33;23;30;30;23;22;25;30;27;34;27;34;21
28;40;48;50;42;57;46;35;30;33;33;21;23;28;26;36;30;29;29
29;46;43;44;47;47;56;38;32;34;32;32;20;20;28;29;39;25;28
30;42;47;49;44;46;51;54;35;30;37;31;32;23;25;23;26;38;21
31;40;42;51;50;47;46;52;56;37;31;41;30;36;24;25;24;28;36
32;42;40;42;55;54;48;40;59;50;38;38;40;36;38;24;23;24;24
33;36;44;47;48;57;50;50;46;57;53;35;36;36;33;40;22;23;23
34;42;41;46;52;49;58;54;46;51;59;50;36;37;36;34;41;22;16
35;57;46;40;47;55;50;61;56;49;51;60;48;34;37;36;37;39;26
36;48;61;52;42;45;52;47;59;53;50;49;58;47;36;37;35;37;36
37;50;48;65;53;43;44;47;43;63;54;52;44;56;47;34;38;33;37
38;52;45;50;70;51;48;46;52;40;63;58;50;44;55;47;39;36;38
39;49;51;45;51;69;52;48;46;54;42;62;56;50;48;51;50;40;39
40;42;51;49;47;51;63;51;51;48;56;43;61;57;53;45;50;51;39
41;36;42;50;47;49;54;62;52;50;46;58;50;60;57;53;47;49;49
42;37;38;44;50;45;47;54;61;54;52;47;55;48;61;56;55;46;48
43;32;39;36;46;47;44;46;55;61;57;54;50;56;48;62;59;55;46
44;40;30;40;36;48;45;41;47;57;61;58;55;50;56;47;63;57;52
45;39;39;32;40;35;52;48;41;48;56;59;56;51;51;55;49;61;55
46;40;38;40;31;38;32;52;49;43;50;56;58;54;51;56;62;46;57
47;40;34;39;41;32;38;32;52;50;43;51;57;54;54;50;57;63;46
48;36;41;36;39;43;32;36;34;50;49;41;53;57;53;56;51;55;58
49;44;35;41;40;39;43;32;38;34;52;49;41;52;53;52;56;50;55
50;33;45;38;41;39;42;40;32;37;35;50;53;44;50;54;49;56;47
51;38;35;45;39;39;41;41;38;32;37;36;51;50;43;48;50;50;52
52;40;38;35;44;39;38;41;43;37;32;37;34;51;52;43;47;49;52
53;48;38;38;34;44;38;38;39;42;38;32;36;33;49;51;43;46;49
54;36;45;39;38;35;43;37;38;38;43;38;31;37;31;47;51;43;47
55;42;34;45;42;38;36;43;37;37;38;43;39;32;37;29;47;51;43
56;34;39;35;46;41;38;36;43;36;38;38;41;40;34;37;29;48;48
57;31;33;39;34;44;43;38;34;41;35;38;38;39;40;35;36;29;48
58;21;31;33;41;35;47;41;37;34;39;34;36;38;39;41;33;35;32
59;22;21;31;35;41;38;46;41;37;34;39;35;37;40;39;39;33;37
60;39;23;22;33;36;38;38;46;41;37;33;40;37;35;37;39;37;34
61;39;38;23;24;31;36;38;36;46;43;37;33;38;38;35;37;39;38
62;39;40;40;23;25;31;36;35;37;47;41;37;31;40;37;35;35;38
63;37;39;39;41;22;22;31;36;35;35;48;40;38;30;40;37;36;35
64;29;38;38;42;42;21;19;30;35;36;34;47;39;36;30;36;34;38
65;29;30;38;37;42;42;21;19;29;33;37;33;46;39;36;30;36;33
66;26;29;31;37;38;43;44;23;19;29;33;37;33;49;39;37;32;38
67;26;25;30;31;36;40;44;45;23;19;29;33;38;34;47;39;36;31
68;21;23;23;30;31;36;40;44;45;23;20;29;33;37;32;48;39;35
69;23;22;24;24;27;34;34;39;44;43;25;20;29;34;38;32;48;38
70;20;24;23;24;24;26;33;33;40;44;42;24;20;30;35;38;32;49
71;16;19;23;22;24;24;22;32;34;40;43;41;26;19;32;36;38;32
72;14;15;16;25;23;24;26;22;31;36;39;40;40;25;19;33;36;41
73;18;16;14;16;24;20;23;26;23;31;36;40;41;40;25;19;34;35
74;31;18;17;13;15;23;20;23;27;22;31;36;37;41;39;25;21;33
75;18;28;18;16;12;18;22;20;23;27;23;30;36;37;37;37;24;20
76;15;18;27;18;15;11;18;24;19;23;26;22;27;35;32;37;37;24
77;24;14;17;26;17;16;10;18;22;18;22;26;22;27;35;32;31;35
78;23;24;14;17;25;16;14;9;15;23;16;22;26;21;27;33;31;34
79;14;19;24;14;18;25;15;16;10;15;21;15;21;26;18;28;31;30
80;9;13;18;24;14;18;21;14;15;12;14;18;14;21;25;17;28;30
81;17;9;13;20;20;14;16;22;14;15;12;13;17;15;21;25;18;28
82;2;16;9;14;19;17;14;15;20;13;15;12;13;18;15;20;24;17
83;6;2;15;9;14;18;17;12;13;18;13;15;11;14;15;15;18;22
84;3;6;2;14;9;11;16;17;13;12;17;12;14;10;12;15;11;15
85;4;2;6;2;11;8;8;12;17;10;13;14;12;12;9;10;13;11
86;5;5;2;6;2;9;8;5;12;15;10;10;11;12;13;8;10;12
87;4;5;3;2;6;5;10;7;5;11;13;7;10;9;11;12;7;10
88;4;5;5;3;1;4;5;8;5;6;11;11;6;9;8;11;9;6
89;10;3;5;4;3;0;3;5;8;5;5;10;11;6;9;9;10;8
90;1;6;3;6;2;3;0;2;3;5;6;5;7;10;6;7;8;10
91;1;1;5;3;4;2;3;0;2;0;5;4;4;4;9;5;7;7
92;1;1;1;5;3;4;2;3;0;2;0;5;4;2;5;7;4;7
93;0;0;0;1;4;1;3;0;3;0;1;0;5;4;3;4;3;4
94;2;0;0;0;0;3;1;1;0;3;1;0;0;5;2;2;4;3
95;0;2;0;0;0;0;3;1;1;0;2;1;0;0;4;2;1;1
96;1;0;2;0;0;0;0;3;0;1;0;2;1;0;0;2;1;0
97;0;1;0;1;0;0;0;0;1;0;1;0;0;1;0;0;2;1
98;0;0;1;0;0;0;0;0;0;0;0;1;0;0;0;0;0;1
99;0;0;0;1;0;0;0;0;0;1;0;0;1;0;0;0;0;0
100 e oltre;0;0;0;0;0;0;0;0;0;0;1;0;0;0;0;0;0;0
Totale;2609;2622;2703;2787;2824;2846;2826;2887;2924;2972;3019;3003;2991;3021;3032;3040;3000;2975

"Ricostruzione della popolazione intercensuaria - Popolazione al 1° gennaio per età"
"Cittadinanza italiana - Comune: Pantigliate"
Età/Anno;2002;2003;2004;2005;2006;2007;2008;2009;2010;2011;2012;2013;2014;2015;2016;2017;2018;2019
Età;Totale
0;56;51;48;56;65;68;63;65;55;56;55;44;40;51;34;33;24;33
1;41;62;54;46;55;60;73;61;63;58;57;53;37;40;54;40;32;28
2;44;44;62;50;52;59;57;74;58;66;59;57;49;40;41;54;41;28
3;54;43;55;58;54;55;60;60;80;64;69;57;52;47;39;42;50;41
4;47;51;43;55;55;54;57;60;61;82;66;66;56;52;46;41;43;48
5;45;47;54;43;58;55;49;56;62;60;82;60;66;56;53;49;41;44
6;46;45;48;55;39;56;56;48;57;64;58;83;59;66;57;51;52;44
7;52;45;49;49;60;34;51;59;50;58;65;57;79;55;69;57;51;50
8;51;54;46;46;47;58;35;54;59;50;59;66;53;76;57;70;57;52
9;38;49;54;46;46;49;59;39;56;59;51;59;66;49;76;58;71;56
10;60;38;54;54;45;46;50;64;38;53;56;49;57;64;50;78;62;71
11;47;60;39;53;56;49;45;47;63;38;53;55;49;55;63;52;78;60
12;49;47;58;38;51;58;49;46;48;59;37;53;56;47;58;64;52;78
13;52;47;45;58;40;50;55;54;49;49;61;39;54;54;47;59;61;52
14;49;51;46;45;59;39;49;57;54;46;49;61;39;54;53;51;58;59
15;51;51;52;46;47;58;39;49;56;56;45;49;61;36;56;52;52;54
16;45;52;52;53;46;47;57;39;51;54;53;45;50;58;37;53;55;50
17;40;45;52;51;51;47;46;58;39;51;55;51;44;51;57;38;52;54
18;42;35;42;52;52;52;48;48;61;40;51;55;49;45;49;61;41;50
19;47;41;36;39;49;55;51;49;48;62;42;48;54;51;46;48;62;37
20;60;49;39;37;40;50;53;50;48;47;62;42;50;55;49;45;47;62
21;71;54;50;41;34;37;52;55;48;48;49;60;43;46;59;50;47;49
22;67;71;55;50;42;31;39;56;51;51;48;48;59;44;52;55;55;48
23;66;65;72;51;50;42;32;44;58;51;50;49;47;57;44;46;52;53
24;76;68;68;65;52;53;38;33;43;51;52;50;47;48;54;43;49;48
25;65;73;72;66;67;60;56;43;33;43;50;50;49;45;46;53;44;46
26;87;61;84;76;69;61;56;56;45;31;40;48;47;52;44;47;56;41
27;94;83;62;78;86;66;54;52;53;47;33;39;45;46;54;48;47;51
28;81;96;93;69;81;76;62;61;51;51;48;32;42;46;52;57;46;42
29;85;81;93;97;71;80;68;57;65;51;47;44;29;47;48;53;46;47
30;94;88;87;96;97;68;80;66;57;73;47;44;45;38;45;45;50;46
31;87;97;91;84;93;99;74;88;65;61;75;46;44;49;38;44;47;51
32;90;89;96;101;88;90;97;81;85;65;66;65;51;46;49;33;41;43
33;69;90;97;96;103;81;90;106;78;86;59;62;57;54;49;44;34;38
34;74;74;96;107;96;99;86;89;112;89;80;60;67;63;51;52;45;25
35;103;82;76;96;108;91;101;90;93;109;87;80;59;63;60;52;53;48
36;98;106;94;80;91;104;86;103;94;98;105;81;76;65;65;56;55;51
37;96;99;116;93;82;96;102;83;103;91;99;95;83;76;63;61;56;57
38;97;92;100;119;96;83;96;102;77;103;92;96;95;82;75;61;60;62
39;81;95;94;96;120;96;82;97;105;82;101;91;95;101;76;77;63;62
40;82;85;91;97;97;114;93;81;100;105;81;99;90;98;102;76;78;64
41;82;82;83;85;99;99;115;93;79;97;104;87;98;88;97;105;73;78
42;71;83;86;85;85;96;99;115;95;81;98;99;87;102;87;101;104;73
43;68;74;79;88;84;85;98;101;117;96;80;100;96;92;98;89;99;101
44;64;64;78;75;88;80;79;100;100;117;97;84;102;93;93;98;86;98
45;75;63;65;73;75;91;82;79;97;102;111;93;81;103;94;92;99;84
46;78;68;67;66;72;73;88;82;82;96;101;110;91;80;107;97;87;95
47;74;73;70;68;64;75;76;88;80;83;99;100;107;91;81;112;101;87
48;68;72;76;69;70;64;74;77;87;83;80;100;103;107;91;84;106;97
49;78;67;70;81;68;69;65;75;77;89;83;81;96;98;108;92;83;105
50;65;79;67;70;80;70;66;65;76;76;88;84;83;96;98;105;93;90
51;86;65;80;67;66;80;69;63;64;74;78;90;82;82;98;93;108;91
52;74;85;65;79;63;64;80;72;63;64;75;77;87;84;84;98;90;110
53;88;72;84;65;79;66;64;79;72;63;66;75;72;83;79;86;94;91
54;76;85;73;86;64;74;66;64;75;74;62;63;75;72;81;77;85;94
55;87;74;86;75;82;65;75;68;63;75;72;63;63;72;66;82;78;81
56;79;84;78;86;70;83;64;75;66;63;74;73;64;59;70;65;85;74
57;74;77;83;78;86;70;85;62;71;66;65;74;72;67;56;70;65;84
58;54;73;77;84;78;90;68;87;63;71;64;63;73;73;67;54;69;67
59;58;54;72;78;84;80;87;69;85;62;71;63;64;75;75;64;54;70
60;68;58;55;73;78;80;80;88;69;84;60;72;64;60;72;72;62;53
61;66;66;59;59;71;78;79;78;85;71;81;59;69;64;61;72;73;63
62;78;67;67;56;60;70;78;76;77;84;70;80;58;70;63;61;69;72
63;65;80;66;66;57;60;71;75;76;73;84;68;81;58;69;64;61;71
64;59;66;80;70;66;56;56;69;72;80;73;82;67;78;59;64;59;64
65;55;58;66;77;68;68;56;57;68;67;80;73;81;67;77;59;64;59
66;51;55;62;64;78;70;69;55;57;64;67;79;73;83;66;76;61;64
67;55;50;55;60;65;78;70;70;55;54;66;67;80;73;79;65;77;58
68;50;51;47;57;59;65;78;68;71;56;52;65;65;79;71;78;64;73
69;43;52;52;47;54;63;63;77;68;69;56;51;65;65;76;70;79;59
70;51;44;52;50;48;53;62;58;75;67;67;53;51;66;66;74;67;82
71;41;46;43;51;49;50;48;59;59;74;66;65;53;50;69;67;73;68
72;26;39;42;44;55;49;52;45;57;60;72;63;63;51;47;70;67;76
73;29;28;38;43;42;50;49;51;46;57;60;71;63;62;52;47;68;63
74;41;28;30;37;43;38;48;46;52;44;56;61;67;65;58;51;48;64
75;28;37;27;29;35;45;35;48;46;50;45;55;61;67;59;57;50;47
76;28;29;37;25;28;35;41;36;47;46;49;43;51;60;63;58;56;48
77;28;27;28;35;24;29;33;42;35;46;46;47;42;50;60;61;49;53
78;31;29;27;27;34;24;26;33;38;35;42;46;45;40;50;56;59;51
79;20;27;30;27;27;36;22;25;34;38;33;41;44;46;36;52;52;55
80;15;19;26;30;26;28;31;20;22;36;34;28;36;42;41;35;51;49
81;22;14;17;27;25;26;26;31;18;21;34;33;25;36;37;40;34;49
82;4;21;14;17;25;20;25;24;28;16;21;33;28;25;32;36;38;29
83;10;4;19;12;16;21;20;23;21;25;16;21;31;28;23;32;32;34
84;4;10;2;17;12;13;19;20;23;17;22;13;20;29;22;22;28;28
85;7;2;10;2;12;10;10;15;19;18;17;18;13;17;25;21;17;27
86;7;8;2;10;2;10;11;7;15;16;17;14;14;13;17;23;20;17
87;10;7;3;2;10;5;11;10;7;13;14;11;13;11;12;15;20;21
88;5;11;7;4;1;6;5;9;8;8;13;12;8;12;9;12;12;16
89;10;4;10;6;4;0;4;5;8;8;7;13;12;8;11;10;11;11
90;1;6;4;9;2;3;0;3;3;5;9;7;10;11;8;9;9;11
91;2;1;5;4;7;2;3;0;3;0;5;7;6;7;10;6;8;7
92;1;1;1;5;3;6;2;3;0;3;0;5;5;4;6;8;5;8
93;0;0;0;1;4;1;3;0;3;0;1;0;6;5;3;5;4;5
94;2;0;0;0;0;3;1;1;0;3;1;0;0;5;3;2;5;3
95;0;2;0;0;0;0;3;1;1;0;2;1;0;0;4;3;1;2
96;1;0;2;0;0;0;0;3;0;1;0;2;1;0;0;2;2;0
97;0;1;0;1;0;0;0;0;1;0;1;0;0;1;0;0;2;2
98;0;0;1;0;0;0;0;0;0;0;0;1;0;0;0;0;0;1
99;0;0;0;1;0;0;0;0;0;1;0;0;1;0;0;0;0;0
100 e oltre;0;0;0;0;0;0;0;0;0;0;1;0;0;0;0;0;0;0
Totale;5092;5098;5240;5291;5337;5351;5336;5425;5451;5500;5502;5427;5358;5393;5363;5368;5322;5256
Età/Anno;2002;2003;2004;2005;2006;2007;2008;2009;2010;2011;2012;2013;2014;2015;2016;2017;2018;2019
Età;Maschi
0;25;25;28;30;32;31;32;27;23;33;29;26;20;27;21;22;14;18
1;24;26;24;27;31;35;34;28;27;26;29;28;22;20;27;25;23;17
2;23;26;27;22;31;30;35;37;27;29;26;29;26;25;19;29;25;17
3;27;23;34;24;25;31;32;36;38;30;29;25;27;25;21;19;26;23
4;23;26;24;34;24;27;30;32;36;41;31;26;24;26;25;22;19;25
5;20;23;27;25;37;24;25;29;32;34;41;28;28;24;28;28;23;19
6;13;18;25;28;22;36;25;24;28;34;34;41;27;28;23;27;30;26
7;31;11;20;24;30;20;33;24;25;30;35;34;40;24;30;23;27;28
8;31;32;14;19;22;28;20;36;24;25;31;37;32;36;24;31;24;28
9;16;30;33;14;21;24;28;22;37;25;25;32;36;29;36;24;32;22
10;35;16;32;34;14;21;25;31;19;34;23;24;31;34;30;38;27;32
11;30;36;17;31;35;18;21;21;29;19;34;24;24;29;34;32;38;25
12;25;31;35;17;29;37;18;21;22;26;19;34;25;23;31;35;31;38
13;22;26;29;37;18;29;33;20;23;22;28;20;34;25;22;34;33;31
14;25;21;26;28;37;17;28;34;21;21;22;27;21;36;25;24;33;32
15;26;26;24;26;28;37;17;28;34;21;20;22;27;20;37;24;24;32
16;29;26;27;25;27;26;36;16;29;34;19;20;22;26;21;37;27;23
17;20;29;27;27;23;27;25;36;16;29;34;19;20;22;26;21;35;27
18;22;17;26;27;28;24;27;27;39;15;30;34;18;20;22;28;23;34
19;22;20;17;25;25;31;22;29;27;40;15;27;33;18;20;23;30;21
20;26;23;18;17;25;25;31;23;27;26;40;15;30;33;17;19;24;28
21;41;24;24;19;14;25;26;31;21;26;28;39;14;28;34;17;20;25
22;38;42;25;22;19;15;26;28;28;24;26;27;38;14;32;32;20;21
23;33;37;43;22;24;21;14;27;29;27;23;26;25;38;15;29;33;19
24;33;34;38;39;23;26;21;14;27;25;27;21;25;24;35;17;29;27
25;33;33;37;40;39;25;27;25;14;26;25;28;24;24;21;35;17;26
26;47;30;35;37;43;39;24;25;25;14;24;24;27;27;24;22;36;18
27;53;45;32;31;41;38;33;24;25;29;14;23;20;27;30;26;19;33
28;43;52;46;31;31;35;35;35;22;22;30;14;24;24;28;33;25;19
29;40;44;54;52;30;30;34;33;35;25;20;29;13;26;25;30;26;25
30;54;42;45;56;53;26;32;33;35;40;22;19;27;16;26;25;27;30
31;49;56;42;43;55;56;30;34;32;40;41;24;17;32;16;26;26;29
32;48;50;57;49;44;53;58;33;36;34;41;33;25;19;32;13;21;24
33;35;46;52;53;52;40;53;61;30;37;30;37;29;28;21;29;14;19
34;35;35;50;58;52;49;42;53;61;38;35;29;40;35;26;24;32;11
35;48;39;39;50;56;45;48;44;53;59;36;37;28;39;32;26;26;29
36;51;47;45;42;47;53;46;47;50;56;58;34;34;34;41;29;28;25
37;47;51;53;44;44;54;56;47;46;47;55;53;35;34;33;34;29;27
38;47;48;52;52;50;41;54;54;44;47;44;55;52;34;32;27;36;31
39;34;45;50;47;53;48;40;53;53;49;46;45;54;56;30;33;27;34
40;44;36;43;51;48;54;47;37;54;52;49;46;42;55;60;30;34;28
41;46;44;36;40;50;47;56;45;37;54;52;47;46;40;54;62;29;34
42;35;46;46;38;42;49;46;57;46;37;55;50;48;49;40;57;61;30
43;36;36;44;47;38;42;52;47;59;45;35;54;47;53;45;40;54;58
44;24;34;38;40;45;37;39;53;47;60;45;36;55;44;52;43;37;54
45;39;24;34;34;41;46;37;39;50;49;57;44;36;56;47;51;45;36
46;38;33;27;36;35;42;43;36;40;48;48;57;43;34;56;47;49;44
47;34;39;34;27;34;37;45;41;33;40;49;47;57;41;36;59;49;48
48;32;31;40;31;27;34;38;44;41;37;39;49;50;58;40;37;56;48
49;35;32;30;41;31;26;35;38;44;41;37;41;45;49;58;41;37;55
50;32;35;30;30;41;30;26;35;39;42;42;35;41;47;48;58;41;46
51;49;30;36;30;28;39;30;25;34;37;43;43;35;41;51;47;59;42
52;35;48;31;35;26;29;39;31;26;34;38;44;40;35;42;51;45;60
53;40;35;47;32;35;29;29;40;31;26;36;39;40;38;31;44;48;45
54;40;40;35;48;30;31;29;29;37;33;25;34;38;41;38;29;43;47
55;45;40;41;35;44;30;32;31;29;37;31;25;32;35;37;39;30;39
56;45;45;43;40;31;45;29;33;30;28;36;33;25;27;33;36;42;29
57;43;44;44;44;42;31;47;29;31;31;29;36;33;28;26;34;36;42
58;33;42;44;43;43;43;30;50;30;32;30;29;35;34;28;25;34;35
59;36;33;41;43;43;43;41;31;48;30;32;29;28;35;36;27;25;33
60;29;35;33;41;42;42;43;42;31;47;29;32;29;27;35;35;27;24
61;27;28;36;35;40;42;41;43;39;32;45;28;31;28;27;35;35;27
62;40;27;27;35;35;39;42;41;41;37;33;44;27;31;28;27;34;35
63;28;42;27;25;37;38;40;39;41;39;37;31;44;28;30;29;27;36
64;30;28;43;28;24;36;37;39;37;44;40;36;30;43;29;29;27;28
65;26;28;28;41;26;26;36;38;39;34;43;40;36;29;43;29;29;27
66;25;26;31;27;41;27;26;33;38;35;34;42;40;37;27;41;29;28
67;29;25;25;29;29;39;26;26;33;35;37;34;42;39;35;27;42;28
68;29;28;24;27;28;29;39;25;26;34;32;36;32;42;39;33;26;39
69;20;30;28;23;27;29;29;39;25;26;32;31;36;31;38;38;33;23
70;31;20;29;26;24;27;29;25;36;24;25;30;31;36;31;36;35;35
71;25;27;20;29;25;26;26;27;25;35;24;24;28;31;37;32;36;36
72;12;24;26;20;32;25;26;23;26;24;34;24;23;27;28;37;32;36
73;11;12;24;27;19;30;26;25;23;26;24;32;23;22;28;28;34;30
74;10;10;13;24;28;16;28;23;25;22;25;25;31;25;19;27;27;31
75;10;9;9;13;23;27;14;28;23;23;22;25;25;31;23;20;27;27
76;13;11;10;7;13;24;23;14;28;23;23;21;24;25;32;22;19;25
77;4;13;11;9;7;13;23;24;14;28;24;21;20;23;25;30;19;18
78;8;5;13;10;9;8;12;24;23;13;26;24;19;19;23;23;29;18
79;6;8;6;13;9;11;7;9;24;23;13;26;23;20;18;24;21;26
80;6;6;8;6;12;10;10;6;7;24;20;11;22;21;16;18;23;19
81;5;5;4;7;5;12;10;9;4;6;22;20;9;21;16;15;16;21
82;2;5;5;3;6;3;11;9;8;3;6;21;15;8;17;16;14;12
83;4;2;4;3;2;3;3;11;8;7;3;6;20;14;8;17;14;12
84;1;4;0;3;3;2;3;3;10;5;5;1;6;19;10;7;17;13
85;3;0;4;0;1;2;2;3;2;8;4;4;1;5;16;11;4;16
86;2;3;0;4;0;1;3;2;3;1;7;4;3;1;4;15;10;5
87;6;2;0;0;4;0;1;3;2;2;1;4;3;2;1;3;13;11
88;1;6;2;1;0;2;0;1;3;2;2;1;2;3;1;1;3;10
89;0;1;5;2;1;0;1;0;0;3;2;3;1;2;2;1;1;3
90;0;0;1;3;0;0;0;1;0;0;3;2;3;1;2;2;1;1
91;1;0;0;1;3;0;0;0;1;0;0;3;2;3;1;1;1;0
92;0;0;0;0;0;2;0;0;0;1;0;0;1;2;1;1;1;1
93;0;0;0;0;0;0;0;0;0;0;0;0;1;1;0;1;1;1
94;0;0;0;0;0;0;0;0;0;0;0;0;0;0;1;0;1;0
95;0;0;0;0;0;0;0;0;0;0;0;0;0;0;0;1;0;1
96;0;0;0;0;0;0;0;0;0;0;0;0;0;0;0;0;1;0
97;0;0;0;0;0;0;0;0;0;0;0;0;0;0;0;0;0;1
98;0;0;0;0;0;0;0;0;0;0;0;0;0;0;0;0;0;0
99;0;0;0;0;0;0;0;0;0;0;0;0;0;0;0;0;0;0
100 e oltre;0;0;0;0;0;0;0;0;0;0;0;0;0;0;0;0;0;0
Totale;2529;2528;2613;2615;2643;2652;2663;2688;2680;2718;2704;2673;2617;2646;2621;2641;2622;2575
Età/Anno;2002;2003;2004;2005;2006;2007;2008;2009;2010;2011;2012;2013;2014;2015;2016;2017;2018;2019
Età;Femmine
0;31;26;20;26;33;37;31;38;32;23;26;18;20;24;13;11;10;15
1;17;36;30;19;24;25;39;33;36;32;28;25;15;20;27;15;9;11
2;21;18;35;28;21;29;22;37;31;37;33;28;23;15;22;25;16;11
3;27;20;21;34;29;24;28;24;42;34;40;32;25;22;18;23;24;18
4;24;25;19;21;31;27;27;28;25;41;35;40;32;26;21;19;24;23
5;25;24;27;18;21;31;24;27;30;26;41;32;38;32;25;21;18;25
6;33;27;23;27;17;20;31;24;29;30;24;42;32;38;34;24;22;18
7;21;34;29;25;30;14;18;35;25;28;30;23;39;31;39;34;24;22
8;20;22;32;27;25;30;15;18;35;25;28;29;21;40;33;39;33;24
9;22;19;21;32;25;25;31;17;19;34;26;27;30;20;40;34;39;34
10;25;22;22;20;31;25;25;33;19;19;33;25;26;30;20;40;35;39
11;17;24;22;22;21;31;24;26;34;19;19;31;25;26;29;20;40;35
12;24;16;23;21;22;21;31;25;26;33;18;19;31;24;27;29;21;40
13;30;21;16;21;22;21;22;34;26;27;33;19;20;29;25;25;28;21
14;24;30;20;17;22;22;21;23;33;25;27;34;18;18;28;27;25;27
15;25;25;28;20;19;21;22;21;22;35;25;27;34;16;19;28;28;22
16;16;26;25;28;19;21;21;23;22;20;34;25;28;32;16;16;28;27
17;20;16;25;24;28;20;21;22;23;22;21;32;24;29;31;17;17;27
18;20;18;16;25;24;28;21;21;22;25;21;21;31;25;27;33;18;16
19;25;21;19;14;24;24;29;20;21;22;27;21;21;33;26;25;32;16
20;34;26;21;20;15;25;22;27;21;21;22;27;20;22;32;26;23;34
21;30;30;26;22;20;12;26;24;27;22;21;21;29;18;25;33;27;24
22;29;29;30;28;23;16;13;28;23;27;22;21;21;30;20;23;35;27
23;33;28;29;29;26;21;18;17;29;24;27;23;22;19;29;17;19;34
24;43;34;30;26;29;27;17;19;16;26;25;29;22;24;19;26;20;21
25;32;40;35;26;28;35;29;18;19;17;25;22;25;21;25;18;27;20
26;40;31;49;39;26;22;32;31;20;17;16;24;20;25;20;25;20;23
27;41;38;30;47;45;28;21;28;28;18;19;16;25;19;24;22;28;18
28;38;44;47;38;50;41;27;26;29;29;18;18;18;22;24;24;21;23
29;45;37;39;45;41;50;34;24;30;26;27;15;16;21;23;23;20;22
30;40;46;42;40;44;42;48;33;22;33;25;25;18;22;19;20;23;16
31;38;41;49;41;38;43;44;54;33;21;34;22;27;17;22;18;21;22
32;42;39;39;52;44;37;39;48;49;31;25;32;26;27;17;20;20;19
33;34;44;45;43;51;41;37;45;48;49;29;25;28;26;28;15;20;19
34;39;39;46;49;44;50;44;36;51;51;45;31;27;28;25;28;13;14
35;55;43;37;46;52;46;53;46;40;50;51;43;31;24;28;26;27;19
36;47;59;49;38;44;51;40;56;44;42;47;47;42;31;24;27;27;26
37;49;48;63;49;38;42;46;36;57;44;44;42;48;42;30;27;27;30
38;50;44;48;67;46;42;42;48;33;56;48;41;43;48;43;34;24;31
39;47;50;44;49;67;48;42;44;52;33;55;46;41;45;46;44;36;28
40;38;49;48;46;49;60;46;44;46;53;32;53;48;43;42;46;44;36
41;36;38;47;45;49;52;59;48;42;43;52;40;52;48;43;43;44;44
42;36;37;40;47;43;47;53;58;49;44;43;49;39;53;47;44;43;43
43;32;38;35;41;46;43;46;54;58;51;45;46;49;39;53;49;45;43
44;40;30;40;35;43;43;40;47;53;57;52;48;47;49;41;55;49;44
45;36;39;31;39;34;45;45;40;47;53;54;49;45;47;47;41;54;48
46;40;35;40;30;37;31;45;46;42;48;53;53;48;46;51;50;38;51
47;40;34;36;41;30;38;31;47;47;43;50;53;50;50;45;53;52;39
48;36;41;36;38;43;30;36;33;46;46;41;51;53;49;51;47;50;49
49;43;35;40;40;37;43;30;37;33;48;46;40;51;49;50;51;46;50
50;33;44;37;40;39;40;40;30;37;34;46;49;42;49;50;47;52;44
51;37;35;44;37;38;41;39;38;30;37;35;47;47;41;47;46;49;49
52;39;37;34;44;37;35;41;41;37;30;37;33;47;49;42;47;45;50
53;48;37;37;33;44;37;35;39;41;37;30;36;32;45;48;42;46;46
54;36;45;38;38;34;43;37;35;38;41;37;29;37;31;43;48;42;47
55;42;34;45;40;38;35;43;37;34;38;41;38;31;37;29;43;48;42
56;34;39;35;46;39;38;35;42;36;35;38;40;39;32;37;29;43;45
57;31;33;39;34;44;39;38;33;40;35;36;38;39;39;30;36;29;42
58;21;31;33;41;35;47;38;37;33;39;34;34;38;39;39;29;35;32
59;22;21;31;35;41;37;46;38;37;32;39;34;36;40;39;37;29;37
60;39;23;22;32;36;38;37;46;38;37;31;40;35;33;37;37;35;29
61;39;38;23;24;31;36;38;35;46;39;36;31;38;36;34;37;38;36
62;38;40;40;21;25;31;36;35;36;47;37;36;31;39;35;34;35;37
63;37;38;39;41;20;22;31;36;35;34;47;37;37;30;39;35;34;35
64;29;38;37;42;42;20;19;30;35;36;33;46;37;35;30;35;32;36
65;29;30;38;36;42;42;20;19;29;33;37;33;45;38;34;30;35;32
66;26;29;31;37;37;43;43;22;19;29;33;37;33;46;39;35;32;36
67;26;25;30;31;36;39;44;44;22;19;29;33;38;34;44;38;35;30
68;21;23;23;30;31;36;39;43;45;22;20;29;33;37;32;45;38;34
69;23;22;24;24;27;34;34;38;43;43;24;20;29;34;38;32;46;36
70;20;24;23;24;24;26;33;33;39;43;42;23;20;30;35;38;32;47
71;16;19;23;22;24;24;22;32;34;39;42;41;25;19;32;35;37;32
72;14;15;16;24;23;24;26;22;31;36;38;39;40;24;19;33;35;40
73;18;16;14;16;23;20;23;26;23;31;36;39;40;40;24;19;34;33
74;31;18;17;13;15;22;20;23;27;22;31;36;36;40;39;24;21;33
75;18;28;18;16;12;18;21;20;23;27;23;30;36;36;36;37;23;20
76;15;18;27;18;15;11;18;22;19;23;26;22;27;35;31;36;37;23
77;24;14;17;26;17;16;10;18;21;18;22;26;22;27;35;31;30;35
78;23;24;14;17;25;16;14;9;15;22;16;22;26;21;27;33;30;33
79;14;19;24;14;18;25;15;16;10;15;20;15;21;26;18;28;31;29
80;9;13;18;24;14;18;21;14;15;12;14;17;14;21;25;17;28;30
81;17;9;13;20;20;14;16;22;14;15;12;13;16;15;21;25;18;28
82;2;16;9;14;19;17;14;15;20;13;15;12;13;17;15;20;24;17
83;6;2;15;9;14;18;17;12;13;18;13;15;11;14;15;15;18;22
84;3;6;2;14;9;11;16;17;13;12;17;12;14;10;12;15;11;15
85;4;2;6;2;11;8;8;12;17;10;13;14;12;12;9;10;13;11
86;5;5;2;6;2;9;8;5;12;15;10;10;11;12;13;8;10;12
87;4;5;3;2;6;5;10;7;5;11;13;7;10;9;11;12;7;10
88;4;5;5;3;1;4;5;8;5;6;11;11;6;9;8;11;9;6
89;10;3;5;4;3;0;3;5;8;5;5;10;11;6;9;9;10;8
90;1;6;3;6;2;3;0;2;3;5;6;5;7;10;6;7;8;10
91;1;1;5;3;4;2;3;0;2;0;5;4;4;4;9;5;7;7
92;1;1;1;5;3;4;2;3;0;2;0;5;4;2;5;7;4;7
93;0;0;0;1;4;1;3;0;3;0;1;0;5;4;3;4;3;4
94;2;0;0;0;0;3;1;1;0;3;1;0;0;5;2;2;4;3
95;0;2;0;0;0;0;3;1;1;0;2;1;0;0;4;2;1;1
96;1;0;2;0;0;0;0;3;0;1;0;2;1;0;0;2;1;0
97;0;1;0;1;0;0;0;0;1;0;1;0;0;1;0;0;2;1
98;0;0;1;0;0;0;0;0;0;0;0;1;0;0;0;0;0;1
99;0;0;0;1;0;0;0;0;0;1;0;0;1;0;0;0;0;0
100 e oltre;0;0;0;0;0;0;0;0;0;0;1;0;0;0;0;0;0;0
Totale;2563;2570;2627;2676;2694;2699;2673;2737;2771;2782;2798;2754;2741;2747;2742;2727;2700;2681

"Ricostruzione della popolazione intercensuaria - Popolazione al 1° gennaio per età"
"Cittadinanza straniera - Comune: Pantigliate"
Età/Anno;2002;2003;2004;2005;2006;2007;2008;2009;2010;2011;2012;2013;2014;2015;2016;2017;2018;2019
Età;Totale
0;2;3;2;0;4;9;5;5;5;1;8;8;12;11;14;9;13;10
1;0;2;3;2;1;4;6;2;3;4;0;9;5;16;14;15;9;11
2;1;0;2;4;2;1;2;6;2;2;1;0;8;4;15;15;16;10
3;2;1;1;3;5;2;0;0;4;2;2;5;3;9;6;14;12;18
4;1;1;2;2;0;5;1;0;0;1;2;3;5;4;9;8;13;9
5;1;1;1;2;2;0;3;4;1;0;0;3;6;4;6;9;8;15
6;0;1;3;1;1;2;0;3;5;0;0;1;5;6;2;7;7;9
7;2;1;2;3;0;2;2;2;2;3;0;0;2;10;7;2;5;9
8;1;2;2;7;3;1;2;2;2;1;2;0;2;3;10;8;2;7
9;1;1;2;2;6;3;2;2;5;3;3;2;1;4;4;9;7;3
10;0;1;1;1;2;9;2;5;2;6;4;4;3;2;4;3;6;6
11;1;0;2;3;3;3;10;2;3;2;7;4;2;4;3;4;2;7
12;0;2;2;1;1;3;3;10;3;5;2;7;4;3;4;4;4;3
13;0;0;2;2;3;1;1;2;10;7;6;5;7;6;3;3;6;3
14;1;0;1;6;1;3;1;0;1;13;8;5;5;9;7;3;4;5
15;0;1;3;1;3;1;4;1;1;3;12;8;5;7;9;6;3;4
16;1;0;1;3;1;2;1;4;1;2;3;12;7;6;5;8;6;2
17;1;2;0;2;2;2;2;1;4;2;3;4;12;6;6;5;6;4
18;0;1;2;2;3;3;2;2;1;2;4;3;4;10;6;5;3;7
19;0;0;1;2;2;3;2;1;0;1;2;7;2;3;10;6;5;6
20;0;0;0;2;2;1;3;2;1;0;2;4;6;2;5;9;9;5
21;1;0;0;1;2;3;1;5;4;2;1;3;4;8;6;5;10;10
22;0;1;0;1;0;2;5;0;6;8;5;2;4;6;8;7;4;8
23;0;0;3;0;4;1;3;7;0;8;7;8;2;3;5;9;8;5
24;0;1;1;3;3;5;5;4;7;4;8;10;10;2;6;5;9;8
25;7;0;2;5;2;4;2;7;4;8;7;10;13;4;3;10;6;9
26;1;6;1;7;7;2;4;3;4;8;10;7;8;14;8;8;3;8
27;6;2;7;4;9;11;3;3;2;5;9;14;8;15;12;8;7;5
28;3;8;4;6;8;8;12;5;5;5;6;12;16;7;19;10;12;9
29;1;7;8;6;9;10;10;13;7;8;10;8;11;15;9;23;10;11
30;4;1;8;13;5;13;10;4;14;8;9;13;8;13;10;10;19;10
31;3;4;5;10;20;7;13;7;8;19;11;11;16;9;16;14;13;22
32;4;3;7;6;12;22;7;17;6;13;19;14;13;19;11;16;14;13
33;3;5;3;15;12;10;22;7;14;13;14;20;13;13;19;11;13;11
34;5;3;6;4;16;13;11;20;6;13;13;13;21;13;13;21;15;9
35;3;4;6;11;3;15;13;12;16;7;15;11;10;27;12;15;18;13
36;2;3;5;7;10;2;18;8;11;16;4;20;10;12;29;13;14;17
37;2;1;5;9;10;13;3;18;12;14;15;5;15;11;10;26;10;11
38;4;3;3;5;9;14;14;7;16;14;10;16;4;16;11;13;24;13
39;3;4;3;5;4;10;11;12;6;19;16;10;15;7;15;15;11;20
40;6;3;4;4;5;4;10;10;11;6;22;13;9;16;7;15;16;9
41;0;6;5;4;3;5;5;9;12;11;11;20;15;11;16;9;15;17
42;1;1;6;6;5;2;5;6;10;15;11;12;17;16;13;17;9;13
43;2;1;1;7;5;2;1;4;6;7;16;11;15;15;16;13;18;8
44;0;2;0;1;8;5;1;0;7;7;6;16;10;16;12;15;12;14
45;4;1;3;2;2;9;6;1;1;6;9;7;13;12;16;14;13;10
46;1;4;2;3;2;2;11;7;2;3;7;9;6;10;12;20;12;11
47;0;1;4;2;5;0;1;10;8;1;1;10;9;4;10;9;18;12
48;1;0;1;2;1;5;0;1;6;7;1;2;11;10;5;9;11;14
49;1;1;1;1;4;1;5;1;2;6;7;2;1;11;7;5;9;11
50;0;1;2;3;1;4;1;5;0;2;6;8;2;1;11;8;4;8
51;1;0;1;4;2;1;4;1;5;0;2;5;6;2;2;11;8;6
52;1;1;1;0;4;4;1;4;1;5;0;2;6;5;2;1;11;9
53;2;1;2;1;0;3;4;1;4;2;5;1;3;6;5;3;1;10
54;0;2;1;1;1;0;2;3;1;5;3;5;1;3;5;4;3;1
55;0;0;2;3;1;1;0;2;3;1;5;3;3;1;2;5;4;3
56;0;0;0;1;3;1;1;1;2;3;1;4;3;4;1;2;7;4
57;0;0;0;0;0;5;1;1;1;2;2;1;2;3;7;1;2;8
58;0;0;0;0;0;0;4;1;1;0;2;2;1;2;4;6;1;2
59;0;1;0;0;0;1;0;3;1;2;0;3;1;1;2;4;6;1
60;0;0;1;2;0;0;1;0;3;1;3;0;8;2;1;4;4;7
61;2;0;0;1;1;0;0;1;0;4;1;2;0;7;1;1;3;3
62;1;2;0;2;0;1;0;0;1;0;4;1;0;1;6;1;1;3
63;0;1;2;0;2;0;1;0;0;1;1;3;1;0;1;5;2;2
64;0;1;1;2;0;1;0;1;0;0;1;1;2;1;0;1;4;2
65;0;0;1;1;2;0;1;0;1;0;0;0;1;1;3;0;1;2
66;0;0;0;0;1;1;1;1;0;1;0;0;0;3;0;3;0;2
67;0;0;0;0;0;1;1;1;1;1;1;0;0;0;3;1;2;1
68;0;0;0;0;0;0;1;2;0;1;1;1;0;0;0;3;1;2
69;0;0;0;0;0;0;0;2;2;0;1;1;1;0;0;0;2;2
70;0;0;0;0;0;0;0;0;2;1;0;1;1;1;0;0;0;2
71;0;0;0;0;0;0;0;0;0;2;1;0;1;1;1;1;1;0
72;0;0;0;1;0;0;0;0;0;0;2;1;0;1;1;1;1;1
73;0;0;0;1;1;0;0;0;0;0;0;2;1;0;1;1;1;2
74;0;0;0;0;1;1;0;0;0;0;0;0;2;2;0;1;1;1
75;1;0;0;0;0;1;1;0;0;0;0;0;0;2;2;0;1;1
76;0;1;0;0;0;0;1;2;0;0;0;0;0;1;2;2;0;1
77;0;0;1;0;0;0;0;2;1;0;0;0;0;0;1;2;2;0
78;0;0;0;1;0;0;0;0;0;1;0;0;0;0;0;1;2;2
79;0;0;0;0;1;0;0;0;0;0;1;0;0;0;0;0;1;2
80;0;0;0;0;0;0;0;0;0;0;0;1;0;0;0;0;0;1
81;0;0;0;0;0;0;0;0;0;0;0;0;1;0;0;0;0;0
82;0;0;0;0;0;0;0;0;0;0;0;0;0;1;0;0;0;0
83;0;0;0;0;0;0;0;0;0;0;0;0;0;0;0;0;0;0
84;0;0;0;0;0;0;0;0;0;0;0;0;0;0;0;0;0;0
85;0;0;0;0;0;0;0;0;0;0;0;0;0;0;0;0;0;0
86;0;0;0;0;0;0;0;0;0;0;0;0;0;0;0;0;0;0
87;0;0;0;0;0;0;0;0;0;0;0;0;0;0;0;0;0;0
88;0;0;0;0;0;0;0;0;0;0;0;0;0;0;0;0;0;0
89;0;0;0;0;0;0;0;0;0;0;0;0;0;0;0;0;0;0
90;0;0;0;0;0;0;0;0;0;0;0;0;0;0;0;0;0;0
91;0;0;0;0;0;0;0;0;0;0;0;0;0;0;0;0;0;0
92;0;0;0;0;0;0;0;0;0;0;0;0;0;0;0;0;0;0
93;0;0;0;0;0;0;0;0;0;0;0;0;0;0;0;0;0;0
94;0;0;0;0;0;0;0;0;0;0;0;0;0;0;0;0;0;0
95;0;0;0;0;0;0;0;0;0;0;0;0;0;0;0;0;0;0
96;0;0;0;0;0;0;0;0;0;0;0;0;0;0;0;0;0;0
97;0;0;0;0;0;0;0;0;0;0;0;0;0;0;0;0;0;0
98;0;0;0;0;0;0;0;0;0;0;0;0;0;0;0;0;0;0
99;0;0;0;0;0;0;0;0;0;0;0;0;0;0;0;0;0;0
100 e oltre;0;0;0;0;0;0;0;0;0;0;0;0;0;0;0;0;0;0
Totale;91;107;154;225;253;286;292;298;299;356;394;451;460;516;549;590;576;575
Età/Anno;2002;2003;2004;2005;2006;2007;2008;2009;2010;2011;2012;2013;2014;2015;2016;2017;2018;2019
Età;Maschi
0;1;0;1;0;2;5;3;2;3;0;4;2;5;8;8;4;7;3
1;0;1;0;0;0;2;4;1;1;2;0;5;3;6;10;7;4;7
2;1;0;1;0;0;0;0;4;2;0;0;0;4;2;7;11;7;5
3;1;1;1;1;0;1;0;0;3;1;1;3;2;4;3;7;9;9
4;0;1;2;2;0;0;1;0;0;1;0;2;3;3;3;4;7;7
5;1;0;1;2;2;0;0;3;0;0;0;1;1;2;5;3;4;8
6;0;1;0;0;1;2;0;0;3;0;0;0;2;0;1;5;1;6
7;0;1;1;0;0;1;2;1;0;1;0;0;0;5;1;2;4;4
8;1;0;2;2;1;0;1;2;1;0;1;0;1;0;5;2;2;2
9;1;1;0;2;1;1;0;1;4;2;0;2;0;2;0;5;2;1
10;0;1;1;0;2;4;1;1;1;5;2;0;3;1;2;0;3;2
11;0;0;2;3;1;3;5;1;0;1;6;2;0;4;1;2;0;1
12;0;0;1;1;1;1;2;5;0;2;1;6;2;0;3;2;2;1
13;0;0;1;1;1;1;0;1;5;1;2;2;4;2;0;2;4;1
14;1;0;1;3;0;1;1;0;1;7;1;2;2;4;3;1;3;3
15;0;1;1;1;1;0;1;1;0;1;6;1;2;3;4;3;1;3
16;1;0;1;1;1;1;0;1;1;0;1;6;1;3;1;3;3;1
17;1;2;0;1;0;1;2;0;1;2;0;2;5;1;3;1;3;2
18;0;1;2;1;3;0;1;2;0;0;4;0;2;4;1;3;1;4
19;0;0;1;2;1;3;0;1;0;0;0;3;0;2;4;1;3;2
20;0;0;0;1;2;1;3;0;1;0;0;2;2;0;3;4;4;4
21;1;0;0;1;1;2;1;5;0;1;1;1;2;2;4;3;4;3
22;0;1;0;0;0;2;3;0;6;2;1;2;2;4;3;5;3;4
23;0;0;2;0;0;1;3;5;0;8;1;3;2;2;2;3;5;4
24;0;0;1;0;2;2;2;4;4;1;8;3;3;1;4;2;3;3
25;3;0;0;2;0;0;0;2;4;4;1;9;4;1;1;5;2;3
26;0;3;1;4;3;1;0;0;0;5;4;2;7;5;4;2;3;5
27;3;0;2;0;5;6;1;1;0;0;6;5;3;7;2;3;1;2
28;1;4;1;2;1;3;4;1;1;1;3;7;6;3;7;4;4;3
29;0;1;3;4;3;4;6;5;3;2;5;3;7;8;3;7;5;5
30;2;0;1;9;3;4;4;2;6;4;3;6;3;10;6;4;4;5
31;1;3;3;1;11;4;5;5;4;9;4;3;7;2;13;8;6;8
32;4;2;4;3;2;11;6;6;5;6;6;6;3;8;4;13;10;8
33;1;5;1;10;6;1;9;6;5;9;8;9;5;6;7;4;10;7
34;2;1;6;1;11;5;1;10;6;5;8;8;11;5;4;8;6;7
35;1;1;3;10;0;11;5;2;7;6;6;6;7;14;4;4;6;6
36;1;1;2;3;9;1;11;5;2;8;2;9;5;7;16;5;4;7
37;1;1;3;5;5;11;2;11;6;4;7;3;7;6;6;15;4;4
38;2;2;1;2;4;8;10;3;9;7;0;7;3;9;7;8;12;6
39;1;3;2;3;2;6;5;10;4;10;9;0;6;4;10;9;7;9
40;2;1;3;3;3;1;5;3;9;3;11;5;0;6;4;11;9;6
41;0;2;2;2;3;3;2;5;4;8;5;10;7;2;6;5;10;12
42;0;0;2;3;3;2;4;3;5;7;7;6;8;8;4;6;6;8
43;2;0;0;2;4;1;1;3;3;1;7;7;8;6;7;3;8;5
44;0;2;0;0;3;3;0;0;3;3;0;9;7;9;6;7;4;6
45;1;1;2;1;1;2;3;0;0;3;4;0;7;8;8;6;6;3
46;1;1;2;2;1;1;4;4;1;1;4;4;0;5;7;8;4;5
47;0;1;1;2;3;0;0;5;5;1;0;6;5;0;5;5;7;5
48;1;0;1;1;1;3;0;0;2;4;1;0;7;6;0;5;6;5
49;0;1;0;1;2;1;3;0;1;2;4;1;0;7;5;0;5;6
50;0;0;1;2;1;2;1;3;0;1;2;4;0;0;7;6;0;5
51;0;0;0;2;1;1;2;1;3;0;1;1;3;0;1;7;7;3
52;0;0;0;0;2;1;1;2;1;3;0;1;2;2;1;1;7;7
53;2;0;1;0;0;2;1;1;3;1;3;1;2;2;2;2;1;7
54;0;2;0;1;0;0;2;0;1;3;2;3;1;3;1;1;2;1
55;0;0;2;1;1;0;0;2;0;1;3;2;2;1;2;1;1;2
56;0;0;0;1;1;1;0;0;2;0;1;3;2;2;1;2;2;1
57;0;0;0;0;0;1;1;0;0;2;0;1;2;2;2;1;2;2
58;0;0;0;0;0;0;1;1;0;0;2;0;1;2;2;2;1;2
59;0;1;0;0;0;0;0;0;1;0;0;2;0;1;2;2;2;1
60;0;0;1;1;0;0;0;0;0;1;1;0;6;0;1;2;2;2
61;2;0;0;1;1;0;0;0;0;0;0;0;0;5;0;1;2;1
62;0;2;0;0;0;1;0;0;0;0;0;0;0;0;4;0;1;2
63;0;0;2;0;0;0;1;0;0;0;0;0;0;0;0;3;0;2
64;0;1;0;2;0;0;0;1;0;0;0;0;0;0;0;0;2;0
65;0;0;1;0;2;0;0;0;1;0;0;0;0;0;1;0;0;1
66;0;0;0;0;0;1;0;0;0;1;0;0;0;0;0;1;0;0
67;0;0;0;0;0;0;1;0;0;1;1;0;0;0;0;0;1;0
68;0;0;0;0;0;0;0;1;0;0;1;1;0;0;0;0;0;1
69;0;0;0;0;0;0;0;1;1;0;0;1;1;0;0;0;0;0
70;0;0;0;0;0;0;0;0;1;0;0;0;1;1;0;0;0;0
71;0;0;0;0;0;0;0;0;0;1;0;0;0;1;1;0;0;0
72;0;0;0;0;0;0;0;0;0;0;1;0;0;0;1;1;0;0
73;0;0;0;1;0;0;0;0;0;0;0;1;0;0;0;1;1;0
74;0;0;0;0;1;0;0;0;0;0;0;0;1;1;0;0;1;1
75;1;0;0;0;0;1;0;0;0;0;0;0;0;1;1;0;0;1
76;0;1;0;0;0;0;1;0;0;0;0;0;0;1;1;1;0;0
77;0;0;1;0;0;0;0;2;0;0;0;0;0;0;1;1;1;0
78;0;0;0;1;0;0;0;0;0;0;0;0;0;0;0;1;1;1
79;0;0;0;0;1;0;0;0;0;0;0;0;0;0;0;0;1;1
80;0;0;0;0;0;0;0;0;0;0;0;0;0;0;0;0;0;1
81;0;0;0;0;0;0;0;0;0;0;0;0;0;0;0;0;0;0
82;0;0;0;0;0;0;0;0;0;0;0;0;0;0;0;0;0;0
83;0;0;0;0;0;0;0;0;0;0;0;0;0;0;0;0;0;0
84;0;0;0;0;0;0;0;0;0;0;0;0;0;0;0;0;0;0
85;0;0;0;0;0;0;0;0;0;0;0;0;0;0;0;0;0;0
86;0;0;0;0;0;0;0;0;0;0;0;0;0;0;0;0;0;0
87;0;0;0;0;0;0;0;0;0;0;0;0;0;0;0;0;0;0
88;0;0;0;0;0;0;0;0;0;0;0;0;0;0;0;0;0;0
89;0;0;0;0;0;0;0;0;0;0;0;0;0;0;0;0;0;0
90;0;0;0;0;0;0;0;0;0;0;0;0;0;0;0;0;0;0
91;0;0;0;0;0;0;0;0;0;0;0;0;0;0;0;0;0;0
92;0;0;0;0;0;0;0;0;0;0;0;0;0;0;0;0;0;0
93;0;0;0;0;0;0;0;0;0;0;0;0;0;0;0;0;0;0
94;0;0;0;0;0;0;0;0;0;0;0;0;0;0;0;0;0;0
95;0;0;0;0;0;0;0;0;0;0;0;0;0;0;0;0;0;0
96;0;0;0;0;0;0;0;0;0;0;0;0;0;0;0;0;0;0
97;0;0;0;0;0;0;0;0;0;0;0;0;0;0;0;0;0;0
98;0;0;0;0;0;0;0;0;0;0;0;0;0;0;0;0;0;0
99;0;0;0;0;0;0;0;0;0;0;0;0;0;0;0;0;0;0
100 e oltre;0;0;0;0;0;0;0;0;0;0;0;0;0;0;0;0;0;0
Totale;45;55;78;114;123;139;139;148;146;166;173;202;210;242;259;277;276;281
Età/Anno;2002;2003;2004;2005;2006;2007;2008;2009;2010;2011;2012;2013;2014;2015;2016;2017;2018;2019
Età;Femmine
0;1;3;1;0;2;4;2;3;2;1;4;6;7;3;6;5;6;7
1;0;1;3;2;1;2;2;1;2;2;0;4;2;10;4;8;5;4
2;0;0;1;4;2;1;2;2;0;2;1;0;4;2;8;4;9;5
3;1;0;0;2;5;1;0;0;1;1;1;2;1;5;3;7;3;9
4;1;0;0;0;0;5;0;0;0;0;2;1;2;1;6;4;6;2
5;0;1;0;0;0;0;3;1;1;0;0;2;5;2;1;6;4;7
6;0;0;3;1;0;0;0;3;2;0;0;1;3;6;1;2;6;3
7;2;0;1;3;0;1;0;1;2;2;0;0;2;5;6;0;1;5
8;0;2;0;5;2;1;1;0;1;1;1;0;1;3;5;6;0;5
9;0;0;2;0;5;2;2;1;1;1;3;0;1;2;4;4;5;2
10;0;0;0;1;0;5;1;4;1;1;2;4;0;1;2;3;3;4
11;1;0;0;0;2;0;5;1;3;1;1;2;2;0;2;2;2;6
12;0;2;1;0;0;2;1;5;3;3;1;1;2;3;1;2;2;2
13;0;0;1;1;2;0;1;1;5;6;4;3;3;4;3;1;2;2
14;0;0;0;3;1;2;0;0;0;6;7;3;3;5;4;2;1;2
15;0;0;2;0;2;1;3;0;1;2;6;7;3;4;5;3;2;1
16;0;0;0;2;0;1;1;3;0;2;2;6;6;3;4;5;3;1
17;0;0;0;1;2;1;0;1;3;0;3;2;7;5;3;4;3;2
18;0;0;0;1;0;3;1;0;1;2;0;3;2;6;5;2;2;3
19;0;0;0;0;1;0;2;0;0;1;2;4;2;1;6;5;2;4
20;0;0;0;1;0;0;0;2;0;0;2;2;4;2;2;5;5;1
21;0;0;0;0;1;1;0;0;4;1;0;2;2;6;2;2;6;7
22;0;0;0;1;0;0;2;0;0;6;4;0;2;2;5;2;1;4
23;0;0;1;0;4;0;0;2;0;0;6;5;0;1;3;6;3;1
24;0;1;0;3;1;3;3;0;3;3;0;7;7;1;2;3;6;5
25;4;0;2;3;2;4;2;5;0;4;6;1;9;3;2;5;4;6
26;1;3;0;3;4;1;4;3;4;3;6;5;1;9;4;6;0;3
27;3;2;5;4;4;5;2;2;2;5;3;9;5;8;10;5;6;3
28;2;4;3;4;7;5;8;4;4;4;3;5;10;4;12;6;8;6
29;1;6;5;2;6;6;4;8;4;6;5;5;4;7;6;16;5;6
30;2;1;7;4;2;9;6;2;8;4;6;7;5;3;4;6;15;5
31;2;1;2;9;9;3;8;2;4;10;7;8;9;7;3;6;7;14
32;0;1;3;3;10;11;1;11;1;7;13;8;10;11;7;3;4;5
33;2;0;2;5;6;9;13;1;9;4;6;11;8;7;12;7;3;4
34;3;2;0;3;5;8;10;10;0;8;5;5;10;8;9;13;9;2
35;2;3;3;1;3;4;8;10;9;1;9;5;3;13;8;11;12;7
36;1;2;3;4;1;1;7;3;9;8;2;11;5;5;13;8;10;10
37;1;0;2;4;5;2;1;7;6;10;8;2;8;5;4;11;6;7
38;2;1;2;3;5;6;4;4;7;7;10;9;1;7;4;5;12;7
39;2;1;1;2;2;4;6;2;2;9;7;10;9;3;5;6;4;11
40;4;2;1;1;2;3;5;7;2;3;11;8;9;10;3;4;7;3
41;0;4;3;2;0;2;3;4;8;3;6;10;8;9;10;4;5;5
42;1;1;4;3;2;0;1;3;5;8;4;6;9;8;9;11;3;5
43;0;1;1;5;1;1;0;1;3;6;9;4;7;9;9;10;10;3
44;0;0;0;1;5;2;1;0;4;4;6;7;3;7;6;8;8;8
45;3;0;1;1;1;7;3;1;1;3;5;7;6;4;8;8;7;7
46;0;3;0;1;1;1;7;3;1;2;3;5;6;5;5;12;8;6
47;0;0;3;0;2;0;1;5;3;0;1;4;4;4;5;4;11;7
48;0;0;0;1;0;2;0;1;4;3;0;2;4;4;5;4;5;9
49;1;0;1;0;2;0;2;1;1;4;3;1;1;4;2;5;4;5
50;0;1;1;1;0;2;0;2;0;1;4;4;2;1;4;2;4;3
51;1;0;1;2;1;0;2;0;2;0;1;4;3;2;1;4;1;3
52;1;1;1;0;2;3;0;2;0;2;0;1;4;3;1;0;4;2
53;0;1;1;1;0;1;3;0;1;1;2;0;1;4;3;1;0;3
54;0;0;1;0;1;0;0;3;0;2;1;2;0;0;4;3;1;0
55;0;0;0;2;0;1;0;0;3;0;2;1;1;0;0;4;3;1
56;0;0;0;0;2;0;1;1;0;3;0;1;1;2;0;0;5;3
57;0;0;0;0;0;4;0;1;1;0;2;0;0;1;5;0;0;6
58;0;0;0;0;0;0;3;0;1;0;0;2;0;0;2;4;0;0
59;0;0;0;0;0;1;0;3;0;2;0;1;1;0;0;2;4;0
60;0;0;0;1;0;0;1;0;3;0;2;0;2;2;0;2;2;5
61;0;0;0;0;0;0;0;1;0;4;1;2;0;2;1;0;1;2
62;1;0;0;2;0;0;0;0;1;0;4;1;0;1;2;1;0;1
63;0;1;0;0;2;0;0;0;0;1;1;3;1;0;1;2;2;0
64;0;0;1;0;0;1;0;0;0;0;1;1;2;1;0;1;2;2
65;0;0;0;1;0;0;1;0;0;0;0;0;1;1;2;0;1;1
66;0;0;0;0;1;0;1;1;0;0;0;0;0;3;0;2;0;2
67;0;0;0;0;0;1;0;1;1;0;0;0;0;0;3;1;1;1
68;0;0;0;0;0;0;1;1;0;1;0;0;0;0;0;3;1;1
69;0;0;0;0;0;0;0;1;1;0;1;0;0;0;0;0;2;2
70;0;0;0;0;0;0;0;0;1;1;0;1;0;0;0;0;0;2
71;0;0;0;0;0;0;0;0;0;1;1;0;1;0;0;1;1;0
72;0;0;0;1;0;0;0;0;0;0;1;1;0;1;0;0;1;1
73;0;0;0;0;1;0;0;0;0;0;0;1;1;0;1;0;0;2
74;0;0;0;0;0;1;0;0;0;0;0;0;1;1;0;1;0;0
75;0;0;0;0;0;0;1;0;0;0;0;0;0;1;1;0;1;0
76;0;0;0;0;0;0;0;2;0;0;0;0;0;0;1;1;0;1
77;0;0;0;0;0;0;0;0;1;0;0;0;0;0;0;1;1;0
78;0;0;0;0;0;0;0;0;0;1;0;0;0;0;0;0;1;1
79;0;0;0;0;0;0;0;0;0;0;1;0;0;0;0;0;0;1
80;0;0;0;0;0;0;0;0;0;0;0;1;0;0;0;0;0;0
81;0;0;0;0;0;0;0;0;0;0;0;0;1;0;0;0;0;0
82;0;0;0;0;0;0;0;0;0;0;0;0;0;1;0;0;0;0
83;0;0;0;0;0;0;0;0;0;0;0;0;0;0;0;0;0;0
84;0;0;0;0;0;0;0;0;0;0;0;0;0;0;0;0;0;0
85;0;0;0;0;0;0;0;0;0;0;0;0;0;0;0;0;0;0
86;0;0;0;0;0;0;0;0;0;0;0;0;0;0;0;0;0;0
87;0;0;0;0;0;0;0;0;0;0;0;0;0;0;0;0;0;0
88;0;0;0;0;0;0;0;0;0;0;0;0;0;0;0;0;0;0
89;0;0;0;0;0;0;0;0;0;0;0;0;0;0;0;0;0;0
90;0;0;0;0;0;0;0;0;0;0;0;0;0;0;0;0;0;0
91;0;0;0;0;0;0;0;0;0;0;0;0;0;0;0;0;0;0
92;0;0;0;0;0;0;0;0;0;0;0;0;0;0;0;0;0;0
93;0;0;0;0;0;0;0;0;0;0;0;0;0;0;0;0;0;0
94;0;0;0;0;0;0;0;0;0;0;0;0;0;0;0;0;0;0
95;0;0;0;0;0;0;0;0;0;0;0;0;0;0;0;0;0;0
96;0;0;0;0;0;0;0;0;0;0;0;0;0;0;0;0;0;0
97;0;0;0;0;0;0;0;0;0;0;0;0;0;0;0;0;0;0
98;0;0;0;0;0;0;0;0;0;0;0;0;0;0;0;0;0;0
99;0;0;0;0;0;0;0;0;0;0;0;0;0;0;0;0;0;0
100 e oltre;0;0;0;0;0;0;0;0;0;0;0;0;0;0;0;0;0;0
Totale;46;52;76;111;130;147;153;150;153;190;221;249;250;274;290;313;300;294
