"Popolazione per età, vista per singola area - Comune: 080094 - Terranova Sappo Minulio"

"Ricostruzione della popolazione intercensuaria - Popolazione al 1° gennaio per età"
"Tutte le cittadinanze - Comune: Terranova Sappo Minulio"
Età/Anno;2002;2003;2004;2005;2006;2007;2008;2009;2010;2011;2012;2013;2014;2015;2016;2017;2018;2019
Età;Totale
0;4;8;6;6;2;3;5;3;5;4;6;6;2;3;4;8;5;3
1;6;4;10;6;6;2;3;6;3;5;4;5;5;2;4;3;8;4
2;5;6;3;10;6;6;2;3;5;3;6;3;6;5;2;4;3;8
3;5;5;6;4;10;5;6;2;3;5;4;6;3;5;5;2;4;2
4;7;5;6;6;4;9;5;6;2;3;5;3;6;4;5;5;2;3
5;5;7;7;6;6;3;9;5;6;2;3;5;3;6;4;5;5;2
6;4;5;7;8;6;6;4;9;5;6;2;3;5;3;6;4;5;5
7;5;4;6;7;8;6;6;4;9;5;6;2;3;5;3;6;3;5
8;5;5;4;5;7;6;6;6;4;9;5;6;1;4;5;2;6;3
9;8;5;6;4;5;7;6;6;5;4;9;5;6;1;4;4;3;6
10;6;8;5;5;4;5;7;7;7;5;5;12;5;6;1;4;4;3
11;13;6;7;5;5;4;5;7;7;7;5;5;10;5;6;2;4;4
12;7;13;6;7;5;6;4;7;7;6;9;5;5;10;6;6;2;4
13;8;7;14;8;7;5;5;5;7;7;6;9;5;5;7;6;6;2
14;8;8;7;13;8;7;5;5;5;7;7;6;8;5;5;7;6;6
15;7;8;8;7;12;8;7;6;4;4;7;8;6;8;5;5;7;6
16;10;7;8;9;7;12;8;7;6;4;4;7;6;6;8;6;5;7
17;10;10;7;8;9;7;12;9;7;5;5;4;7;6;5;8;6;5
18;5;10;11;9;6;8;7;11;9;8;5;6;4;7;6;5;8;6
19;7;5;10;12;9;6;9;7;12;8;8;5;3;4;7;6;5;8
20;11;8;5;10;11;10;6;9;7;13;8;9;5;3;4;7;6;5
21;4;11;8;5;9;11;10;7;8;7;13;8;9;5;3;4;8;5
22;7;4;11;7;5;10;11;11;7;7;7;13;6;9;5;3;4;9
23;8;6;2;11;7;5;10;11;11;8;9;7;14;7;10;4;3;4
24;9;8;6;2;11;6;6;12;11;9;8;9;7;13;8;10;6;3
25;6;9;7;8;2;10;4;5;11;12;9;9;6;8;13;7;10;6
26;4;6;8;8;7;2;10;4;4;9;14;9;9;8;6;13;7;8
27;3;4;5;8;8;5;3;10;3;6;8;14;9;8;8;6;13;6
28;6;3;2;7;8;6;7;3;11;4;6;8;13;8;8;9;7;14
29;8;6;3;2;7;7;7;6;2;12;4;4;8;9;7;7;9;7
30;6;8;6;4;2;9;6;8;6;2;12;4;5;7;9;7;7;10
31;4;6;8;7;4;2;9;7;8;6;2;11;5;6;8;8;6;8
32;4;4;7;8;7;3;4;7;6;8;6;2;10;6;6;8;8;5
33;11;4;4;8;9;7;3;5;7;5;8;6;2;11;7;6;8;8
34;6;10;4;5;7;8;7;5;4;9;3;8;6;1;12;7;7;8
35;10;7;9;5;6;6;8;5;4;3;8;3;9;5;2;11;7;5
36;5;10;7;9;5;6;6;8;6;4;3;7;2;10;6;2;11;5
37;10;5;11;7;9;5;5;7;8;6;4;3;7;6;10;6;2;11
38;7;11;5;10;9;7;5;5;6;9;6;4;3;7;7;8;6;2
39;8;8;11;6;10;9;7;5;5;6;9;6;4;3;7;6;8;6
40;5;8;8;12;6;9;9;8;4;5;6;9;5;4;3;7;5;7
41;8;5;9;8;12;6;9;8;8;4;6;5;7;6;3;3;7;5
42;7;8;5;9;8;12;7;9;8;7;4;7;5;7;6;3;3;7
43;5;7;8;5;7;9;12;7;9;7;7;5;4;5;7;6;4;3
44;11;5;7;8;5;8;9;12;7;9;7;7;4;4;5;7;6;4
45;10;11;5;7;9;5;8;8;11;6;9;7;7;5;4;6;7;6
46;12;10;11;6;7;9;5;8;8;11;6;9;7;7;6;3;6;7
47;7;12;10;11;6;7;9;5;8;9;10;6;9;7;7;7;3;6
48;8;7;12;10;11;7;7;9;5;8;10;10;6;8;7;7;8;3
49;3;8;7;11;10;11;7;7;9;5;8;10;8;6;8;7;6;7
50;10;3;8;9;12;10;10;7;7;9;5;9;9;8;6;8;7;6
51;3;10;3;8;8;10;11;10;7;8;9;5;9;9;9;6;8;7
52;2;3;10;3;8;8;10;11;10;7;8;9;5;10;9;8;6;8
53;9;2;3;11;2;8;6;10;10;10;8;8;9;5;9;10;8;6
54;7;9;2;4;11;2;8;6;10;8;10;8;8;9;5;10;10;8
55;4;7;9;2;4;11;2;8;7;10;8;10;8;8;9;5;9;11
56;2;4;7;9;2;5;11;2;8;7;10;8;10;8;9;9;5;9
57;3;2;4;7;9;2;5;11;2;8;7;10;8;10;7;9;9;5
58;4;2;2;4;7;9;3;4;11;3;8;7;9;8;10;7;8;8
59;5;5;2;2;4;7;9;3;5;11;2;8;7;9;8;9;8;8
60;3;5;5;2;2;4;8;9;3;5;11;2;8;7;9;8;9;7
61;4;3;4;5;2;2;5;8;9;3;5;11;2;8;8;9;7;9
62;3;4;3;4;5;2;2;5;7;9;4;5;11;2;8;7;9;7
63;3;3;4;3;3;5;2;2;5;7;9;4;5;11;2;8;7;10
64;2;3;3;4;3;3;4;3;1;5;6;9;5;5;10;2;8;7
65;5;2;3;3;4;3;3;4;3;1;5;7;9;5;5;9;2;8
66;7;5;2;4;3;3;3;3;4;3;1;5;6;9;5;4;9;2
67;3;6;5;2;4;3;3;3;3;5;3;1;5;3;9;5;4;9
68;11;3;6;5;2;4;3;5;3;3;5;4;1;5;2;8;4;4
69;8;11;2;6;4;2;5;3;4;3;3;5;3;1;5;2;8;4
70;8;8;11;2;6;5;2;5;3;3;3;3;4;3;1;5;2;7
71;3;8;7;9;2;6;5;2;5;3;3;3;3;4;3;1;4;3
72;7;3;8;7;8;2;6;5;2;5;3;3;3;3;4;3;1;4
73;7;7;3;7;7;8;2;6;4;2;6;3;3;3;3;6;3;1
74;6;7;7;1;7;7;9;2;6;4;2;6;3;3;4;3;6;2
75;6;6;7;7;1;8;7;9;2;5;4;2;6;3;3;4;3;6
76;7;6;6;7;7;1;8;7;8;2;5;3;2;5;3;3;4;2
77;6;7;6;4;6;7;1;8;7;6;3;5;4;2;4;3;3;4
78;8;6;7;6;4;6;7;1;8;7;6;3;5;4;2;4;3;3
79;8;8;6;7;5;4;5;7;0;6;8;6;3;5;4;2;4;3
80;4;8;7;5;7;3;4;5;7;0;6;7;6;3;5;3;2;4
81;3;4;8;6;4;7;2;4;5;7;0;6;7;6;3;5;2;2
82;1;3;3;7;4;3;7;2;4;5;7;0;6;5;6;3;5;2
83;3;1;3;3;5;4;3;7;2;3;5;6;0;6;4;6;3;5
84;0;3;1;2;3;4;5;3;7;2;3;4;5;0;5;4;6;2
85;0;0;2;1;2;3;4;5;3;7;2;3;4;6;0;5;4;5
86;3;0;0;2;1;2;1;4;5;4;6;2;2;3;6;0;5;4
87;2;3;0;0;2;0;2;1;4;5;3;5;2;2;1;5;0;5
88;6;1;3;0;0;2;0;3;1;4;5;3;5;2;1;1;3;0
89;3;6;1;3;0;0;2;0;3;0;2;5;3;3;2;1;0;2
90;0;1;4;1;2;0;0;2;0;3;0;1;3;3;3;2;1;0
91;1;0;1;4;1;2;0;0;2;0;3;0;2;3;3;3;2;1
92;0;0;0;2;3;1;2;0;0;1;0;3;0;1;3;3;2;2
93;0;0;0;0;2;1;1;2;0;0;1;0;4;0;1;3;3;2
94;0;0;0;0;0;1;0;1;1;0;0;1;0;4;0;0;1;2
95;0;0;0;0;0;0;1;0;1;1;0;0;0;0;4;0;0;1
96;0;0;0;0;0;0;0;1;0;1;1;0;0;0;0;4;0;0
97;0;0;0;0;0;0;0;0;0;0;1;0;0;0;0;0;2;0
98;0;0;0;0;0;0;0;0;0;0;0;1;0;0;0;0;0;1
99;0;0;0;0;0;0;0;0;0;0;0;0;1;0;0;0;0;0
100 e oltre;0;0;0;0;0;0;0;0;0;0;0;0;0;1;1;1;1;1
Totale;538;543;543;559;544;528;536;551;539;534;546;549;523;522;523;519;515;501
Età/Anno;2002;2003;2004;2005;2006;2007;2008;2009;2010;2011;2012;2013;2014;2015;2016;2017;2018;2019
Età;Maschi
0;2;4;3;5;1;1;3;3;2;2;3;4;1;3;0;4;2;1
1;2;2;6;3;5;1;1;3;3;2;2;2;4;1;3;0;4;1
2;2;2;2;6;3;5;1;1;3;3;3;1;3;4;1;3;0;4
3;4;2;2;1;6;3;5;1;1;3;4;3;1;2;4;1;3;0
4;3;4;2;2;1;6;3;5;1;1;3;3;3;2;2;4;1;2
5;2;3;4;2;2;0;6;3;5;1;1;3;3;3;2;2;4;1
6;3;2;3;5;2;2;1;6;3;5;1;1;3;3;3;2;2;4
7;3;3;2;3;5;2;2;1;6;3;5;1;1;3;3;3;1;2
8;3;3;3;1;3;4;2;2;1;6;3;5;1;2;3;2;3;1
9;3;3;3;3;1;3;4;2;1;1;6;3;5;1;2;2;3;3
10;3;3;3;3;3;1;3;5;2;1;2;9;3;5;1;2;2;3
11;8;3;2;3;3;3;1;3;5;2;1;2;7;3;5;1;2;2
12;3;8;3;2;3;4;3;1;3;4;3;1;2;7;4;5;1;2
13;3;3;9;3;2;3;3;3;1;3;4;3;1;2;4;4;5;1
14;7;3;3;9;3;2;3;3;3;1;3;4;3;1;2;4;4;5
15;4;7;3;3;9;3;2;3;2;3;1;3;4;3;1;1;4;4
16;8;4;7;4;3;8;3;2;3;2;3;1;4;4;3;1;1;4
17;6;8;4;7;4;3;8;3;2;3;3;3;1;4;4;3;1;1
18;3;6;8;5;6;3;3;7;3;3;3;4;3;1;4;4;4;1
19;2;3;5;8;5;6;3;3;7;3;3;3;2;3;1;4;4;4
20;7;3;3;5;8;6;6;3;3;8;3;3;3;2;3;1;4;4
21;2;7;4;3;5;8;6;7;4;3;8;3;3;3;2;3;2;3
22;3;2;7;3;3;6;8;6;7;3;3;8;3;3;3;2;3;3
23;3;2;0;7;3;3;6;8;7;7;5;3;8;4;3;2;2;3
24;4;3;2;0;7;2;4;8;8;5;7;4;3;8;4;3;3;2
25;2;4;2;3;0;6;2;4;8;9;5;7;2;3;8;4;3;3
26;3;2;4;2;3;0;6;2;3;7;9;5;7;3;3;8;4;3
27;1;3;2;4;2;1;0;6;1;3;6;9;5;7;3;3;8;3
28;3;1;2;2;4;0;2;1;6;1;3;6;8;4;7;3;4;8
29;5;3;1;2;2;3;1;2;1;7;1;3;6;6;3;7;4;4
30;2;5;3;1;2;4;2;2;2;1;7;1;3;5;6;3;7;5
31;1;2;5;4;2;2;4;3;2;2;1;6;1;3;7;5;3;7
32;4;1;3;5;4;2;2;3;3;2;2;1;6;2;3;7;5;2
33;6;4;1;4;6;4;2;3;4;3;2;2;1;7;2;3;7;5
34;4;5;4;1;3;5;4;3;2;5;2;3;2;0;7;2;3;7
35;4;5;4;5;2;2;5;2;2;3;4;2;4;1;1;7;2;3
36;2;4;5;4;5;2;2;5;3;2;3;3;2;5;1;1;7;1
37;3;2;5;5;4;5;1;3;5;3;2;3;3;3;5;1;1;7
38;3;3;2;4;6;3;5;1;2;6;3;2;3;3;3;3;1;1
39;4;4;3;2;4;6;3;5;1;3;6;3;2;3;3;3;3;1
40;3;4;4;3;2;4;6;4;4;1;3;6;2;2;3;3;3;2
41;2;3;4;4;3;2;4;5;4;4;2;2;4;3;1;3;3;3
42;3;2;3;4;4;3;2;4;5;3;4;2;2;4;3;1;3;3
43;2;3;2;3;4;4;3;2;4;5;3;5;2;2;4;3;2;3
44;5;2;3;2;3;4;4;3;2;4;5;3;4;2;2;4;3;2
45;4;5;2;3;3;3;4;3;3;2;4;5;3;4;2;3;4;3
46;7;4;5;3;3;3;3;4;3;3;2;4;5;3;5;1;3;4
47;4;7;4;5;3;3;3;3;4;4;3;2;4;5;3;5;1;3
48;4;4;7;4;5;4;3;3;3;4;5;3;2;3;5;3;5;1
49;2;4;4;6;4;5;4;3;3;3;4;5;2;2;3;5;3;5
50;6;2;4;5;7;4;5;4;3;3;3;5;5;2;2;3;5;3
51;2;6;2;4;5;5;5;5;4;4;3;3;5;5;2;2;3;5
52;2;2;6;2;4;5;5;5;5;4;4;3;3;6;5;2;2;3
53;8;2;2;7;1;4;4;5;4;5;4;4;3;3;6;5;2;2
54;3;8;2;2;7;1;4;4;5;3;5;4;4;3;3;6;5;2
55;0;3;8;2;2;7;1;4;4;5;3;5;4;4;3;3;6;6
56;1;0;3;8;2;2;7;1;4;4;5;3;5;4;5;3;3;6
57;2;1;0;3;8;2;2;7;1;4;4;5;3;5;4;5;3;3
58;3;1;1;0;3;8;3;2;7;1;4;4;5;3;5;4;4;2
59;3;4;1;1;0;3;8;3;2;7;1;4;4;5;3;4;4;4
60;1;3;4;1;1;0;4;8;3;2;7;1;4;4;5;3;4;3
61;1;1;3;4;1;1;0;4;8;3;2;7;1;4;4;5;3;4
62;1;1;1;3;4;1;1;0;3;8;4;2;7;1;4;4;5;3
63;1;1;1;1;2;4;1;1;0;3;8;4;2;7;1;4;4;5
64;0;1;1;1;1;2;3;2;1;0;3;8;5;2;7;1;4;4
65;5;0;1;1;1;1;2;3;2;1;0;4;8;5;2;6;1;4
66;1;5;0;1;1;1;1;2;3;2;1;0;4;8;5;2;6;1
67;0;1;5;0;1;1;1;1;2;4;2;1;0;1;8;5;2;6
68;4;0;1;5;0;1;1;1;1;2;4;2;1;0;1;7;4;2
69;3;4;0;1;4;0;2;1;1;1;2;4;2;1;0;1;7;4
70;4;3;4;0;1;5;0;2;1;1;1;1;3;2;1;0;1;6
71;2;4;2;4;0;1;5;0;2;1;1;1;1;3;2;1;0;1
72;4;2;4;2;4;0;1;5;0;2;1;1;1;1;3;2;1;0
73;3;4;2;4;2;4;0;1;4;0;2;1;1;1;1;5;2;1
74;3;3;4;1;4;2;5;0;1;3;0;2;1;1;1;1;5;2
75;1;3;3;4;1;5;2;5;0;1;3;0;2;1;1;1;1;5
76;3;1;3;3;4;1;5;2;5;0;1;2;0;1;1;1;1;1
77;3;3;1;1;3;4;1;5;2;3;0;1;3;0;1;1;1;1
78;3;3;3;1;1;3;4;1;5;2;3;0;1;3;0;1;1;1
79;2;3;3;3;0;1;3;4;0;3;3;3;0;1;3;0;2;1
80;1;2;2;2;3;0;1;3;4;0;3;3;3;0;1;3;0;2
81;2;1;2;2;1;3;0;1;3;4;0;3;3;3;0;1;2;0
82;0;2;0;2;1;0;3;0;1;3;4;0;3;1;3;0;1;2
83;2;0;2;0;1;1;0;3;0;1;3;3;0;3;1;3;0;1
84;0;2;0;2;0;1;1;0;3;0;1;3;2;0;3;1;3;0
85;0;0;2;0;2;0;1;1;0;3;0;1;3;2;0;3;1;2
86;0;0;0;2;0;2;0;1;1;1;2;0;1;2;2;0;3;1
87;0;0;0;0;2;0;2;0;1;1;1;1;0;1;1;2;0;3
88;2;0;0;0;0;2;0;2;0;2;1;1;1;0;1;1;1;0
89;2;2;0;0;0;0;2;0;2;0;2;1;1;0;0;1;0;1
90;0;0;1;0;0;0;0;2;0;2;0;1;1;1;0;0;1;0
91;0;0;0;1;0;0;0;0;2;0;2;0;1;1;1;0;0;1
92;0;0;0;0;1;0;0;0;0;1;0;2;0;0;1;1;0;0
93;0;0;0;0;0;0;0;0;0;0;1;0;3;0;0;1;1;0
94;0;0;0;0;0;0;0;0;0;0;0;1;0;3;0;0;0;0
95;0;0;0;0;0;0;0;0;0;0;0;0;0;0;3;0;0;0
96;0;0;0;0;0;0;0;0;0;0;0;0;0;0;0;3;0;0
97;0;0;0;0;0;0;0;0;0;0;0;0;0;0;0;0;1;0
98;0;0;0;0;0;0;0;0;0;0;0;0;0;0;0;0;0;1
99;0;0;0;0;0;0;0;0;0;0;0;0;0;0;0;0;0;0
100 e oltre;0;0;0;0;0;0;0;0;0;0;0;0;0;0;0;0;0;0
Totale;260;263;261;267;265;256;263;272;266;268;278;278;270;266;266;262;263;255
Età/Anno;2002;2003;2004;2005;2006;2007;2008;2009;2010;2011;2012;2013;2014;2015;2016;2017;2018;2019
Età;Femmine
0;2;4;3;1;1;2;2;0;3;2;3;2;1;0;4;4;3;2
1;4;2;4;3;1;1;2;3;0;3;2;3;1;1;1;3;4;3
2;3;4;1;4;3;1;1;2;2;0;3;2;3;1;1;1;3;4
3;1;3;4;3;4;2;1;1;2;2;0;3;2;3;1;1;1;2
4;4;1;4;4;3;3;2;1;1;2;2;0;3;2;3;1;1;1
5;3;4;3;4;4;3;3;2;1;1;2;2;0;3;2;3;1;1
6;1;3;4;3;4;4;3;3;2;1;1;2;2;0;3;2;3;1
7;2;1;4;4;3;4;4;3;3;2;1;1;2;2;0;3;2;3
8;2;2;1;4;4;2;4;4;3;3;2;1;0;2;2;0;3;2
9;5;2;3;1;4;4;2;4;4;3;3;2;1;0;2;2;0;3
10;3;5;2;2;1;4;4;2;5;4;3;3;2;1;0;2;2;0
11;5;3;5;2;2;1;4;4;2;5;4;3;3;2;1;1;2;2
12;4;5;3;5;2;2;1;6;4;2;6;4;3;3;2;1;1;2
13;5;4;5;5;5;2;2;2;6;4;2;6;4;3;3;2;1;1
14;1;5;4;4;5;5;2;2;2;6;4;2;5;4;3;3;2;1
15;3;1;5;4;3;5;5;3;2;1;6;5;2;5;4;4;3;2
16;2;3;1;5;4;4;5;5;3;2;1;6;2;2;5;5;4;3
17;4;2;3;1;5;4;4;6;5;2;2;1;6;2;1;5;5;4
18;2;4;3;4;0;5;4;4;6;5;2;2;1;6;2;1;4;5
19;5;2;5;4;4;0;6;4;5;5;5;2;1;1;6;2;1;4
20;4;5;2;5;3;4;0;6;4;5;5;6;2;1;1;6;2;1
21;2;4;4;2;4;3;4;0;4;4;5;5;6;2;1;1;6;2
22;4;2;4;4;2;4;3;5;0;4;4;5;3;6;2;1;1;6
23;5;4;2;4;4;2;4;3;4;1;4;4;6;3;7;2;1;1
24;5;5;4;2;4;4;2;4;3;4;1;5;4;5;4;7;3;1
25;4;5;5;5;2;4;2;1;3;3;4;2;4;5;5;3;7;3
26;1;4;4;6;4;2;4;2;1;2;5;4;2;5;3;5;3;5
27;2;1;3;4;6;4;3;4;2;3;2;5;4;1;5;3;5;3
28;3;2;0;5;4;6;5;2;5;3;3;2;5;4;1;6;3;6
29;3;3;2;0;5;4;6;4;1;5;3;1;2;3;4;0;5;3
30;4;3;3;3;0;5;4;6;4;1;5;3;2;2;3;4;0;5
31;3;4;3;3;2;0;5;4;6;4;1;5;4;3;1;3;3;1
32;0;3;4;3;3;1;2;4;3;6;4;1;4;4;3;1;3;3
33;5;0;3;4;3;3;1;2;3;2;6;4;1;4;5;3;1;3
34;2;5;0;4;4;3;3;2;2;4;1;5;4;1;5;5;4;1
35;6;2;5;0;4;4;3;3;2;0;4;1;5;4;1;4;5;2
36;3;6;2;5;0;4;4;3;3;2;0;4;0;5;5;1;4;4
37;7;3;6;2;5;0;4;4;3;3;2;0;4;3;5;5;1;4
38;4;8;3;6;3;4;0;4;4;3;3;2;0;4;4;5;5;1
39;4;4;8;4;6;3;4;0;4;3;3;3;2;0;4;3;5;5
40;2;4;4;9;4;5;3;4;0;4;3;3;3;2;0;4;2;5
41;6;2;5;4;9;4;5;3;4;0;4;3;3;3;2;0;4;2
42;4;6;2;5;4;9;5;5;3;4;0;5;3;3;3;2;0;4
43;3;4;6;2;3;5;9;5;5;2;4;0;2;3;3;3;2;0
44;6;3;4;6;2;4;5;9;5;5;2;4;0;2;3;3;3;2
45;6;6;3;4;6;2;4;5;8;4;5;2;4;1;2;3;3;3
46;5;6;6;3;4;6;2;4;5;8;4;5;2;4;1;2;3;3
47;3;5;6;6;3;4;6;2;4;5;7;4;5;2;4;2;2;3
48;4;3;5;6;6;3;4;6;2;4;5;7;4;5;2;4;3;2
49;1;4;3;5;6;6;3;4;6;2;4;5;6;4;5;2;3;2
50;4;1;4;4;5;6;5;3;4;6;2;4;4;6;4;5;2;3
51;1;4;1;4;3;5;6;5;3;4;6;2;4;4;7;4;5;2
52;0;1;4;1;4;3;5;6;5;3;4;6;2;4;4;6;4;5
53;1;0;1;4;1;4;2;5;6;5;4;4;6;2;3;5;6;4
54;4;1;0;2;4;1;4;2;5;5;5;4;4;6;2;4;5;6
55;4;4;1;0;2;4;1;4;3;5;5;5;4;4;6;2;3;5
56;1;4;4;1;0;3;4;1;4;3;5;5;5;4;4;6;2;3
57;1;1;4;4;1;0;3;4;1;4;3;5;5;5;3;4;6;2
58;1;1;1;4;4;1;0;2;4;2;4;3;4;5;5;3;4;6
59;2;1;1;1;4;4;1;0;3;4;1;4;3;4;5;5;4;4
60;2;2;1;1;1;4;4;1;0;3;4;1;4;3;4;5;5;4
61;3;2;1;1;1;1;5;4;1;0;3;4;1;4;4;4;4;5
62;2;3;2;1;1;1;1;5;4;1;0;3;4;1;4;3;4;4
63;2;2;3;2;1;1;1;1;5;4;1;0;3;4;1;4;3;5
64;2;2;2;3;2;1;1;1;0;5;3;1;0;3;3;1;4;3
65;0;2;2;2;3;2;1;1;1;0;5;3;1;0;3;3;1;4
66;6;0;2;3;2;2;2;1;1;1;0;5;2;1;0;2;3;1
67;3;5;0;2;3;2;2;2;1;1;1;0;5;2;1;0;2;3
68;7;3;5;0;2;3;2;4;2;1;1;2;0;5;1;1;0;2
69;5;7;2;5;0;2;3;2;3;2;1;1;1;0;5;1;1;0
70;4;5;7;2;5;0;2;3;2;2;2;2;1;1;0;5;1;1
71;1;4;5;5;2;5;0;2;3;2;2;2;2;1;1;0;4;2
72;3;1;4;5;4;2;5;0;2;3;2;2;2;2;1;1;0;4
73;4;3;1;3;5;4;2;5;0;2;4;2;2;2;2;1;1;0
74;3;4;3;0;3;5;4;2;5;1;2;4;2;2;3;2;1;0
75;5;3;4;3;0;3;5;4;2;4;1;2;4;2;2;3;2;1
76;4;5;3;4;3;0;3;5;3;2;4;1;2;4;2;2;3;1
77;3;4;5;3;3;3;0;3;5;3;3;4;1;2;3;2;2;3
78;5;3;4;5;3;3;3;0;3;5;3;3;4;1;2;3;2;2
79;6;5;3;4;5;3;2;3;0;3;5;3;3;4;1;2;2;2
80;3;6;5;3;4;3;3;2;3;0;3;4;3;3;4;0;2;2
81;1;3;6;4;3;4;2;3;2;3;0;3;4;3;3;4;0;2
82;1;1;3;5;3;3;4;2;3;2;3;0;3;4;3;3;4;0
83;1;1;1;3;4;3;3;4;2;2;2;3;0;3;3;3;3;4
84;0;1;1;0;3;3;4;3;4;2;2;1;3;0;2;3;3;2
85;0;0;0;1;0;3;3;4;3;4;2;2;1;4;0;2;3;3
86;3;0;0;0;1;0;1;3;4;3;4;2;1;1;4;0;2;3
87;2;3;0;0;0;0;0;1;3;4;2;4;2;1;0;3;0;2
88;4;1;3;0;0;0;0;1;1;2;4;2;4;2;0;0;2;0
89;1;4;1;3;0;0;0;0;1;0;0;4;2;3;2;0;0;1
90;0;1;3;1;2;0;0;0;0;1;0;0;2;2;3;2;0;0
91;1;0;1;3;1;2;0;0;0;0;1;0;1;2;2;3;2;0
92;0;0;0;2;2;1;2;0;0;0;0;1;0;1;2;2;2;2
93;0;0;0;0;2;1;1;2;0;0;0;0;1;0;1;2;2;2
94;0;0;0;0;0;1;0;1;1;0;0;0;0;1;0;0;1;2
95;0;0;0;0;0;0;1;0;1;1;0;0;0;0;1;0;0;1
96;0;0;0;0;0;0;0;1;0;1;1;0;0;0;0;1;0;0
97;0;0;0;0;0;0;0;0;0;0;1;0;0;0;0;0;1;0
98;0;0;0;0;0;0;0;0;0;0;0;1;0;0;0;0;0;0
99;0;0;0;0;0;0;0;0;0;0;0;0;1;0;0;0;0;0
100 e oltre;0;0;0;0;0;0;0;0;0;0;0;0;0;1;1;1;1;1
Totale;278;280;282;292;279;272;273;279;273;266;268;271;253;256;257;257;252;246

"Ricostruzione della popolazione intercensuaria - Popolazione al 1° gennaio per età"
"Cittadinanza italiana - Comune: Terranova Sappo Minulio"
Età/Anno;2002;2003;2004;2005;2006;2007;2008;2009;2010;2011;2012;2013;2014;2015;2016;2017;2018;2019
Età;Totale
0;4;8;6;6;2;3;5;3;5;4;6;6;2;3;4;6;4;3
1;6;4;10;6;6;2;3;6;3;5;4;5;5;2;4;3;6;3
2;5;6;3;10;6;6;2;3;5;3;5;3;6;5;2;4;3;6
3;5;5;6;4;10;5;6;2;3;5;4;5;3;5;5;2;4;2
4;7;5;6;6;4;9;5;6;2;3;5;3;5;4;5;5;2;3
5;5;7;7;6;6;3;9;5;6;2;3;5;3;5;4;5;5;2
6;4;5;7;8;6;6;4;9;5;6;2;3;5;3;5;4;5;5
7;5;4;6;7;8;6;6;4;9;5;6;2;3;5;3;5;3;5
8;5;5;4;5;7;6;6;6;4;9;5;6;1;4;5;2;5;3
9;8;5;6;4;5;7;6;6;5;4;9;5;6;1;4;4;3;5
10;6;8;5;5;4;5;7;6;6;5;5;12;5;6;1;4;4;3
11;13;6;7;5;5;4;5;7;6;6;5;5;10;5;6;1;4;4
12;7;13;6;7;5;6;4;6;7;6;8;5;5;10;5;6;1;4
13;8;7;14;8;7;5;5;4;6;7;6;8;5;5;7;5;6;1
14;8;8;7;13;8;7;5;5;4;6;7;6;6;5;5;7;5;6
15;7;8;8;7;12;8;7;5;4;4;6;8;6;6;5;4;7;5
16;10;7;8;9;7;12;8;7;5;4;4;6;6;6;6;5;4;7
17;10;10;7;8;9;7;12;8;7;5;5;4;6;6;5;5;5;4
18;5;10;11;9;6;8;7;11;8;8;5;6;4;6;6;5;6;5
19;7;5;10;12;9;6;8;7;11;8;8;5;3;4;6;6;5;6
20;11;8;5;10;11;10;6;8;7;12;8;8;5;3;4;6;6;5
21;4;11;7;5;9;11;10;7;7;7;12;8;8;5;3;4;6;5
22;7;4;11;7;5;10;11;11;7;6;7;12;6;8;5;3;4;6
23;8;6;2;11;7;5;10;11;10;8;8;7;12;7;9;4;3;4
24;9;8;6;2;11;6;6;10;10;8;8;7;7;12;8;9;6;3
25;5;9;7;8;2;10;4;5;9;11;8;9;6;8;12;7;9;6
26;4;5;8;8;7;2;10;4;4;8;12;8;9;6;6;12;6;8
27;3;4;4;8;8;5;3;10;3;6;7;12;8;8;6;6;12;5
28;6;3;2;6;8;6;7;3;11;4;6;7;10;7;8;6;7;13
29;8;6;3;2;6;7;7;6;2;12;4;4;7;7;6;7;6;7
30;6;8;6;4;2;8;6;7;6;2;12;4;5;6;7;6;7;7
31;4;6;8;7;4;2;8;7;7;6;2;11;5;6;7;6;5;8
32;4;4;7;8;7;3;2;6;6;8;6;2;10;6;6;7;6;5
33;10;4;4;8;9;7;3;3;5;5;8;6;2;11;7;6;7;6
34;6;10;4;5;7;8;7;4;2;8;3;8;6;1;12;7;7;7
35;9;7;9;5;6;6;8;5;3;3;7;3;9;5;2;11;7;5
36;5;10;7;9;5;6;6;8;6;3;3;7;2;10;5;2;11;5
37;10;5;9;7;9;5;5;7;8;6;3;3;7;5;10;5;2;11
38;6;11;5;9;8;7;5;5;6;9;6;3;3;7;6;8;5;2
39;8;8;11;6;9;8;7;5;5;6;9;6;3;3;7;5;8;5
40;5;8;8;12;6;8;8;7;4;5;6;9;5;3;3;7;5;7
41;8;5;9;8;12;6;8;7;7;4;6;5;7;6;2;3;7;5
42;7;8;5;9;8;12;7;8;7;7;4;7;5;7;6;2;3;7
43;5;7;8;5;7;9;12;7;8;7;7;5;4;5;7;6;3;3
44;11;5;7;8;5;8;9;12;7;9;7;7;4;4;5;7;6;3
45;10;11;5;7;9;5;8;8;11;6;9;7;7;4;4;6;7;6
46;12;10;11;6;7;9;5;8;7;11;6;9;7;7;5;3;6;7
47;7;12;10;11;6;7;9;5;8;8;10;6;9;7;7;6;3;6
48;8;7;12;10;11;7;7;9;5;8;8;10;6;8;7;7;6;3
49;3;8;7;11;10;11;7;7;9;5;8;9;8;6;8;7;6;6
50;10;3;8;9;12;10;10;7;7;9;5;8;8;8;6;8;7;6
51;3;10;3;8;8;10;11;10;7;8;9;5;8;8;9;6;8;7
52;2;3;10;3;8;8;10;11;10;7;8;9;5;9;8;8;6;8
53;9;2;3;11;2;8;6;10;10;10;8;8;9;5;8;8;8;6
54;7;9;2;3;11;2;8;6;10;8;10;8;8;9;5;9;8;8
55;4;7;9;2;3;11;2;8;7;10;8;10;8;8;9;5;8;9
56;2;4;7;9;2;4;11;2;8;7;10;8;10;8;8;9;5;8
57;3;2;4;7;9;2;4;11;2;8;7;10;8;10;7;8;9;5
58;4;2;2;4;7;9;3;3;11;3;8;7;9;8;10;7;8;8
59;5;5;2;2;4;7;9;3;4;11;2;8;7;9;8;9;8;8
60;3;5;5;2;2;4;8;9;3;4;11;2;8;7;9;8;9;7
61;4;3;4;5;2;2;5;8;9;3;4;11;2;8;8;9;7;9
62;3;4;3;4;5;2;2;5;7;9;4;4;11;2;8;7;9;7
63;2;3;4;3;3;5;2;2;5;7;9;4;5;11;2;8;7;10
64;2;2;3;4;3;3;4;3;1;5;6;9;5;5;10;2;8;7
65;5;2;2;3;4;3;3;4;3;1;5;7;9;5;5;9;2;8
66;7;5;2;3;3;3;3;3;4;3;1;5;6;9;5;4;9;2
67;3;6;5;2;3;3;3;3;3;5;3;1;5;3;9;5;4;9
68;11;3;6;5;2;3;3;5;3;3;5;4;1;5;2;8;4;4
69;8;11;2;6;4;2;4;3;4;3;3;5;3;1;5;2;8;4
70;8;8;11;2;6;4;2;4;3;3;3;2;4;3;1;5;2;7
71;3;8;7;9;2;6;4;2;4;3;3;3;2;4;3;1;4;3
72;7;3;8;7;8;2;6;4;2;4;3;3;3;2;4;3;1;4
73;7;7;3;6;7;8;2;6;3;2;5;3;3;3;2;6;3;1
74;6;7;7;1;6;7;9;2;6;3;2;5;3;3;3;2;6;2
75;6;6;7;7;1;7;7;9;2;5;3;2;5;3;3;3;2;6
76;7;6;6;7;7;1;7;7;8;2;5;3;2;4;3;3;3;2
77;6;7;6;4;6;7;1;7;7;6;3;5;4;2;3;3;3;3
78;8;6;7;6;4;6;7;1;7;7;6;3;5;4;2;3;3;3
79;8;8;6;7;5;4;5;7;0;5;8;5;3;5;4;2;4;3
80;4;8;7;5;7;3;4;5;7;0;5;7;5;3;5;3;2;4
81;3;4;8;6;4;7;2;4;5;7;0;5;7;5;3;5;2;2
82;1;3;3;7;4;3;7;2;4;5;7;0;6;5;5;3;5;2
83;3;1;3;3;5;4;3;7;2;3;5;6;0;6;4;5;3;5
84;0;3;1;2;3;4;5;3;7;2;3;4;5;0;5;4;5;2
85;0;0;2;1;2;3;4;5;3;7;2;3;4;6;0;5;4;5
86;3;0;0;2;1;2;1;4;5;4;6;2;2;3;6;0;5;4
87;2;3;0;0;2;0;2;1;4;5;3;5;2;2;1;5;0;5
88;6;1;3;0;0;2;0;3;1;4;5;3;5;2;1;1;3;0
89;3;6;1;3;0;0;2;0;3;0;2;5;3;3;2;1;0;2
90;0;1;4;1;2;0;0;2;0;3;0;1;3;3;3;2;1;0
91;1;0;1;4;1;2;0;0;2;0;3;0;2;3;3;3;2;1
92;0;0;0;2;3;1;2;0;0;1;0;3;0;1;3;3;2;2
93;0;0;0;0;2;1;1;2;0;0;1;0;4;0;1;3;3;2
94;0;0;0;0;0;1;0;1;1;0;0;1;0;4;0;0;1;2
95;0;0;0;0;0;0;1;0;1;1;0;0;0;0;4;0;0;1
96;0;0;0;0;0;0;0;1;0;1;1;0;0;0;0;4;0;0
97;0;0;0;0;0;0;0;0;0;0;1;0;0;0;0;0;2;0
98;0;0;0;0;0;0;0;0;0;0;0;1;0;0;0;0;0;1
99;0;0;0;0;0;0;0;0;0;0;0;0;1;0;0;0;0;0
100 e oltre;0;0;0;0;0;0;0;0;0;0;0;0;0;1;1;1;1;1
Totale;533;541;538;554;538;521;526;531;513;520;529;530;505;502;499;487;483;473
Età/Anno;2002;2003;2004;2005;2006;2007;2008;2009;2010;2011;2012;2013;2014;2015;2016;2017;2018;2019
Età;Maschi
0;2;4;3;5;1;1;3;3;2;2;3;4;1;3;0;2;1;1
1;2;2;6;3;5;1;1;3;3;2;2;2;4;1;3;0;2;0
2;2;2;2;6;3;5;1;1;3;3;2;1;3;4;1;3;0;2
3;4;2;2;1;6;3;5;1;1;3;4;2;1;2;4;1;3;0
4;3;4;2;2;1;6;3;5;1;1;3;3;2;2;2;4;1;2
5;2;3;4;2;2;0;6;3;5;1;1;3;3;2;2;2;4;1
6;3;2;3;5;2;2;1;6;3;5;1;1;3;3;2;2;2;4
7;3;3;2;3;5;2;2;1;6;3;5;1;1;3;3;2;1;2
8;3;3;3;1;3;4;2;2;1;6;3;5;1;2;3;2;2;1
9;3;3;3;3;1;3;4;2;1;1;6;3;5;1;2;2;3;2
10;3;3;3;3;3;1;3;4;2;1;2;9;3;5;1;2;2;3
11;8;3;2;3;3;3;1;3;4;2;1;2;7;3;5;1;2;2
12;3;8;3;2;3;4;3;1;3;4;3;1;2;7;3;5;1;2
13;3;3;9;3;2;3;3;3;1;3;4;3;1;2;4;3;5;1
14;7;3;3;9;3;2;3;3;3;1;3;4;3;1;2;4;3;5
15;4;7;3;3;9;3;2;3;2;3;1;3;4;3;1;1;4;3
16;8;4;7;4;3;8;3;2;3;2;3;1;4;4;3;1;1;4
17;6;8;4;7;4;3;8;3;2;3;3;3;1;4;4;2;1;1
18;3;6;8;5;6;3;3;7;3;3;3;4;3;1;4;4;3;1
19;2;3;5;8;5;6;3;3;7;3;3;3;2;3;1;4;4;3
20;7;3;3;5;8;6;6;3;3;8;3;3;3;2;3;1;4;4
21;2;7;3;3;5;8;6;7;3;3;8;3;3;3;2;3;1;3
22;3;2;7;3;3;6;8;6;7;2;3;8;3;3;3;2;3;1
23;3;2;0;7;3;3;6;8;6;7;4;3;8;4;3;2;2;3
24;4;3;2;0;7;2;4;6;7;4;7;3;3;8;4;3;3;2
25;1;4;2;3;0;6;2;4;6;8;4;7;2;3;8;4;3;3
26;3;1;4;2;3;0;6;2;3;6;8;4;7;2;3;8;3;3
27;1;3;1;4;2;1;0;6;1;3;5;8;4;7;2;3;8;2
28;3;1;2;1;4;0;2;1;6;1;3;5;6;3;7;2;4;8
29;5;3;1;2;1;3;1;2;1;7;1;3;5;5;2;7;3;4
30;2;5;3;1;2;3;2;1;2;1;7;1;3;4;5;2;7;4
31;1;2;5;4;2;2;3;3;1;2;1;6;1;3;6;4;2;7
32;4;1;3;5;4;2;2;2;3;2;2;1;6;2;3;6;4;2
33;5;4;1;4;6;4;2;3;2;3;2;2;1;7;2;3;6;4
34;4;5;4;1;3;5;4;3;2;4;2;3;2;0;7;2;3;6
35;3;5;4;5;2;2;5;2;2;3;3;2;4;1;1;7;2;3
36;2;4;5;4;5;2;2;5;3;2;3;3;2;5;1;1;7;1
37;3;2;3;5;4;5;1;3;5;3;2;3;3;3;5;1;1;7
38;2;3;2;3;6;3;5;1;2;6;3;2;3;3;3;3;1;1
39;4;4;3;2;3;6;3;5;1;3;6;3;2;3;3;3;3;1
40;3;4;4;3;2;3;6;3;4;1;3;6;2;2;3;3;3;2
41;2;3;4;4;3;2;3;5;3;4;2;2;4;3;1;3;3;3
42;3;2;3;4;4;3;2;3;5;3;4;2;2;4;3;1;3;3
43;2;3;2;3;4;4;3;2;3;5;3;5;2;2;4;3;2;3
44;5;2;3;2;3;4;4;3;2;4;5;3;4;2;2;4;3;2
45;4;5;2;3;3;3;4;3;3;2;4;5;3;4;2;3;4;3
46;7;4;5;3;3;3;3;4;3;3;2;4;5;3;5;1;3;4
47;4;7;4;5;3;3;3;3;4;4;3;2;4;5;3;5;1;3
48;4;4;7;4;5;4;3;3;3;4;4;3;2;3;5;3;5;1
49;2;4;4;6;4;5;4;3;3;3;4;5;2;2;3;5;3;5
50;6;2;4;5;7;4;5;4;3;3;3;4;5;2;2;3;5;3
51;2;6;2;4;5;5;5;5;4;4;3;3;4;5;2;2;3;5
52;2;2;6;2;4;5;5;5;5;4;4;3;3;5;5;2;2;3
53;8;2;2;7;1;4;4;5;4;5;4;4;3;3;5;5;2;2
54;3;8;2;2;7;1;4;4;5;3;5;4;4;3;3;5;5;2
55;0;3;8;2;2;7;1;4;4;5;3;5;4;4;3;3;5;6
56;1;0;3;8;2;2;7;1;4;4;5;3;5;4;4;3;3;5
57;2;1;0;3;8;2;2;7;1;4;4;5;3;5;4;4;3;3
58;3;1;1;0;3;8;3;2;7;1;4;4;5;3;5;4;4;2
59;3;4;1;1;0;3;8;3;2;7;1;4;4;5;3;4;4;4
60;1;3;4;1;1;0;4;8;3;2;7;1;4;4;5;3;4;3
61;1;1;3;4;1;1;0;4;8;3;2;7;1;4;4;5;3;4
62;1;1;1;3;4;1;1;0;3;8;4;2;7;1;4;4;5;3
63;1;1;1;1;2;4;1;1;0;3;8;4;2;7;1;4;4;5
64;0;1;1;1;1;2;3;2;1;0;3;8;5;2;7;1;4;4
65;5;0;1;1;1;1;2;3;2;1;0;4;8;5;2;6;1;4
66;1;5;0;1;1;1;1;2;3;2;1;0;4;8;5;2;6;1
67;0;1;5;0;1;1;1;1;2;4;2;1;0;1;8;5;2;6
68;4;0;1;5;0;1;1;1;1;2;4;2;1;0;1;7;4;2
69;3;4;0;1;4;0;2;1;1;1;2;4;2;1;0;1;7;4
70;4;3;4;0;1;4;0;2;1;1;1;1;3;2;1;0;1;6
71;2;4;2;4;0;1;4;0;2;1;1;1;1;3;2;1;0;1
72;4;2;4;2;4;0;1;4;0;2;1;1;1;1;3;2;1;0
73;3;4;2;3;2;4;0;1;3;0;2;1;1;1;1;5;2;1
74;3;3;4;1;3;2;5;0;1;2;0;2;1;1;1;1;5;2
75;1;3;3;4;1;4;2;5;0;1;2;0;2;1;1;1;1;5
76;3;1;3;3;4;1;4;2;5;0;1;2;0;1;1;1;1;1
77;3;3;1;1;3;4;1;4;2;3;0;1;3;0;1;1;1;1
78;3;3;3;1;1;3;4;1;4;2;3;0;1;3;0;1;1;1
79;2;3;3;3;0;1;3;4;0;2;3;2;0;1;3;0;2;1
80;1;2;2;2;3;0;1;3;4;0;2;3;2;0;1;3;0;2
81;2;1;2;2;1;3;0;1;3;4;0;2;3;2;0;1;2;0
82;0;2;0;2;1;0;3;0;1;3;4;0;3;1;2;0;1;2
83;2;0;2;0;1;1;0;3;0;1;3;3;0;3;1;2;0;1
84;0;2;0;2;0;1;1;0;3;0;1;3;2;0;3;1;2;0
85;0;0;2;0;2;0;1;1;0;3;0;1;3;2;0;3;1;2
86;0;0;0;2;0;2;0;1;1;1;2;0;1;2;2;0;3;1
87;0;0;0;0;2;0;2;0;1;1;1;1;0;1;1;2;0;3
88;2;0;0;0;0;2;0;2;0;2;1;1;1;0;1;1;1;0
89;2;2;0;0;0;0;2;0;2;0;2;1;1;0;0;1;0;1
90;0;0;1;0;0;0;0;2;0;2;0;1;1;1;0;0;1;0
91;0;0;0;1;0;0;0;0;2;0;2;0;1;1;1;0;0;1
92;0;0;0;0;1;0;0;0;0;1;0;2;0;0;1;1;0;0
93;0;0;0;0;0;0;0;0;0;0;1;0;3;0;0;1;1;0
94;0;0;0;0;0;0;0;0;0;0;0;1;0;3;0;0;0;0
95;0;0;0;0;0;0;0;0;0;0;0;0;0;0;3;0;0;0
96;0;0;0;0;0;0;0;0;0;0;0;0;0;0;0;3;0;0
97;0;0;0;0;0;0;0;0;0;0;0;0;0;0;0;0;1;0
98;0;0;0;0;0;0;0;0;0;0;0;0;0;0;0;0;0;1
99;0;0;0;0;0;0;0;0;0;0;0;0;0;0;0;0;0;0
100 e oltre;0;0;0;0;0;0;0;0;0;0;0;0;0;0;0;0;0;0
Totale;256;262;257;264;262;252;259;263;253;261;269;270;263;259;257;250;249;242
Età/Anno;2002;2003;2004;2005;2006;2007;2008;2009;2010;2011;2012;2013;2014;2015;2016;2017;2018;2019
Età;Femmine
0;2;4;3;1;1;2;2;0;3;2;3;2;1;0;4;4;3;2
1;4;2;4;3;1;1;2;3;0;3;2;3;1;1;1;3;4;3
2;3;4;1;4;3;1;1;2;2;0;3;2;3;1;1;1;3;4
3;1;3;4;3;4;2;1;1;2;2;0;3;2;3;1;1;1;2
4;4;1;4;4;3;3;2;1;1;2;2;0;3;2;3;1;1;1
5;3;4;3;4;4;3;3;2;1;1;2;2;0;3;2;3;1;1
6;1;3;4;3;4;4;3;3;2;1;1;2;2;0;3;2;3;1
7;2;1;4;4;3;4;4;3;3;2;1;1;2;2;0;3;2;3
8;2;2;1;4;4;2;4;4;3;3;2;1;0;2;2;0;3;2
9;5;2;3;1;4;4;2;4;4;3;3;2;1;0;2;2;0;3
10;3;5;2;2;1;4;4;2;4;4;3;3;2;1;0;2;2;0
11;5;3;5;2;2;1;4;4;2;4;4;3;3;2;1;0;2;2
12;4;5;3;5;2;2;1;5;4;2;5;4;3;3;2;1;0;2
13;5;4;5;5;5;2;2;1;5;4;2;5;4;3;3;2;1;0
14;1;5;4;4;5;5;2;2;1;5;4;2;3;4;3;3;2;1
15;3;1;5;4;3;5;5;2;2;1;5;5;2;3;4;3;3;2
16;2;3;1;5;4;4;5;5;2;2;1;5;2;2;3;4;3;3
17;4;2;3;1;5;4;4;5;5;2;2;1;5;2;1;3;4;3
18;2;4;3;4;0;5;4;4;5;5;2;2;1;5;2;1;3;4
19;5;2;5;4;4;0;5;4;4;5;5;2;1;1;5;2;1;3
20;4;5;2;5;3;4;0;5;4;4;5;5;2;1;1;5;2;1
21;2;4;4;2;4;3;4;0;4;4;4;5;5;2;1;1;5;2
22;4;2;4;4;2;4;3;5;0;4;4;4;3;5;2;1;1;5
23;5;4;2;4;4;2;4;3;4;1;4;4;4;3;6;2;1;1
24;5;5;4;2;4;4;2;4;3;4;1;4;4;4;4;6;3;1
25;4;5;5;5;2;4;2;1;3;3;4;2;4;5;4;3;6;3
26;1;4;4;6;4;2;4;2;1;2;4;4;2;4;3;4;3;5
27;2;1;3;4;6;4;3;4;2;3;2;4;4;1;4;3;4;3
28;3;2;0;5;4;6;5;2;5;3;3;2;4;4;1;4;3;5
29;3;3;2;0;5;4;6;4;1;5;3;1;2;2;4;0;3;3
30;4;3;3;3;0;5;4;6;4;1;5;3;2;2;2;4;0;3
31;3;4;3;3;2;0;5;4;6;4;1;5;4;3;1;2;3;1
32;0;3;4;3;3;1;0;4;3;6;4;1;4;4;3;1;2;3
33;5;0;3;4;3;3;1;0;3;2;6;4;1;4;5;3;1;2
34;2;5;0;4;4;3;3;1;0;4;1;5;4;1;5;5;4;1
35;6;2;5;0;4;4;3;3;1;0;4;1;5;4;1;4;5;2
36;3;6;2;5;0;4;4;3;3;1;0;4;0;5;4;1;4;4
37;7;3;6;2;5;0;4;4;3;3;1;0;4;2;5;4;1;4
38;4;8;3;6;2;4;0;4;4;3;3;1;0;4;3;5;4;1
39;4;4;8;4;6;2;4;0;4;3;3;3;1;0;4;2;5;4
40;2;4;4;9;4;5;2;4;0;4;3;3;3;1;0;4;2;5
41;6;2;5;4;9;4;5;2;4;0;4;3;3;3;1;0;4;2
42;4;6;2;5;4;9;5;5;2;4;0;5;3;3;3;1;0;4
43;3;4;6;2;3;5;9;5;5;2;4;0;2;3;3;3;1;0
44;6;3;4;6;2;4;5;9;5;5;2;4;0;2;3;3;3;1
45;6;6;3;4;6;2;4;5;8;4;5;2;4;0;2;3;3;3
46;5;6;6;3;4;6;2;4;4;8;4;5;2;4;0;2;3;3
47;3;5;6;6;3;4;6;2;4;4;7;4;5;2;4;1;2;3
48;4;3;5;6;6;3;4;6;2;4;4;7;4;5;2;4;1;2
49;1;4;3;5;6;6;3;4;6;2;4;4;6;4;5;2;3;1
50;4;1;4;4;5;6;5;3;4;6;2;4;3;6;4;5;2;3
51;1;4;1;4;3;5;6;5;3;4;6;2;4;3;7;4;5;2
52;0;1;4;1;4;3;5;6;5;3;4;6;2;4;3;6;4;5
53;1;0;1;4;1;4;2;5;6;5;4;4;6;2;3;3;6;4
54;4;1;0;1;4;1;4;2;5;5;5;4;4;6;2;4;3;6
55;4;4;1;0;1;4;1;4;3;5;5;5;4;4;6;2;3;3
56;1;4;4;1;0;2;4;1;4;3;5;5;5;4;4;6;2;3
57;1;1;4;4;1;0;2;4;1;4;3;5;5;5;3;4;6;2
58;1;1;1;4;4;1;0;1;4;2;4;3;4;5;5;3;4;6
59;2;1;1;1;4;4;1;0;2;4;1;4;3;4;5;5;4;4
60;2;2;1;1;1;4;4;1;0;2;4;1;4;3;4;5;5;4
61;3;2;1;1;1;1;5;4;1;0;2;4;1;4;4;4;4;5
62;2;3;2;1;1;1;1;5;4;1;0;2;4;1;4;3;4;4
63;1;2;3;2;1;1;1;1;5;4;1;0;3;4;1;4;3;5
64;2;1;2;3;2;1;1;1;0;5;3;1;0;3;3;1;4;3
65;0;2;1;2;3;2;1;1;1;0;5;3;1;0;3;3;1;4
66;6;0;2;2;2;2;2;1;1;1;0;5;2;1;0;2;3;1
67;3;5;0;2;2;2;2;2;1;1;1;0;5;2;1;0;2;3
68;7;3;5;0;2;2;2;4;2;1;1;2;0;5;1;1;0;2
69;5;7;2;5;0;2;2;2;3;2;1;1;1;0;5;1;1;0
70;4;5;7;2;5;0;2;2;2;2;2;1;1;1;0;5;1;1
71;1;4;5;5;2;5;0;2;2;2;2;2;1;1;1;0;4;2
72;3;1;4;5;4;2;5;0;2;2;2;2;2;1;1;1;0;4
73;4;3;1;3;5;4;2;5;0;2;3;2;2;2;1;1;1;0
74;3;4;3;0;3;5;4;2;5;1;2;3;2;2;2;1;1;0
75;5;3;4;3;0;3;5;4;2;4;1;2;3;2;2;2;1;1
76;4;5;3;4;3;0;3;5;3;2;4;1;2;3;2;2;2;1
77;3;4;5;3;3;3;0;3;5;3;3;4;1;2;2;2;2;2
78;5;3;4;5;3;3;3;0;3;5;3;3;4;1;2;2;2;2
79;6;5;3;4;5;3;2;3;0;3;5;3;3;4;1;2;2;2
80;3;6;5;3;4;3;3;2;3;0;3;4;3;3;4;0;2;2
81;1;3;6;4;3;4;2;3;2;3;0;3;4;3;3;4;0;2
82;1;1;3;5;3;3;4;2;3;2;3;0;3;4;3;3;4;0
83;1;1;1;3;4;3;3;4;2;2;2;3;0;3;3;3;3;4
84;0;1;1;0;3;3;4;3;4;2;2;1;3;0;2;3;3;2
85;0;0;0;1;0;3;3;4;3;4;2;2;1;4;0;2;3;3
86;3;0;0;0;1;0;1;3;4;3;4;2;1;1;4;0;2;3
87;2;3;0;0;0;0;0;1;3;4;2;4;2;1;0;3;0;2
88;4;1;3;0;0;0;0;1;1;2;4;2;4;2;0;0;2;0
89;1;4;1;3;0;0;0;0;1;0;0;4;2;3;2;0;0;1
90;0;1;3;1;2;0;0;0;0;1;0;0;2;2;3;2;0;0
91;1;0;1;3;1;2;0;0;0;0;1;0;1;2;2;3;2;0
92;0;0;0;2;2;1;2;0;0;0;0;1;0;1;2;2;2;2
93;0;0;0;0;2;1;1;2;0;0;0;0;1;0;1;2;2;2
94;0;0;0;0;0;1;0;1;1;0;0;0;0;1;0;0;1;2
95;0;0;0;0;0;0;1;0;1;1;0;0;0;0;1;0;0;1
96;0;0;0;0;0;0;0;1;0;1;1;0;0;0;0;1;0;0
97;0;0;0;0;0;0;0;0;0;0;1;0;0;0;0;0;1;0
98;0;0;0;0;0;0;0;0;0;0;0;1;0;0;0;0;0;0
99;0;0;0;0;0;0;0;0;0;0;0;0;1;0;0;0;0;0
100 e oltre;0;0;0;0;0;0;0;0;0;0;0;0;0;1;1;1;1;1
Totale;277;279;281;290;276;269;267;268;260;259;260;260;242;243;242;237;234;231

"Ricostruzione della popolazione intercensuaria - Popolazione al 1° gennaio per età"
"Cittadinanza straniera - Comune: Terranova Sappo Minulio"
Età/Anno;2002;2003;2004;2005;2006;2007;2008;2009;2010;2011;2012;2013;2014;2015;2016;2017;2018;2019
Età;Totale
0;0;0;0;0;0;0;0;0;0;0;0;0;0;0;0;2;1;0
1;0;0;0;0;0;0;0;0;0;0;0;0;0;0;0;0;2;1
2;0;0;0;0;0;0;0;0;0;0;1;0;0;0;0;0;0;2
3;0;0;0;0;0;0;0;0;0;0;0;1;0;0;0;0;0;0
4;0;0;0;0;0;0;0;0;0;0;0;0;1;0;0;0;0;0
5;0;0;0;0;0;0;0;0;0;0;0;0;0;1;0;0;0;0
6;0;0;0;0;0;0;0;0;0;0;0;0;0;0;1;0;0;0
7;0;0;0;0;0;0;0;0;0;0;0;0;0;0;0;1;0;0
8;0;0;0;0;0;0;0;0;0;0;0;0;0;0;0;0;1;0
9;0;0;0;0;0;0;0;0;0;0;0;0;0;0;0;0;0;1
10;0;0;0;0;0;0;0;1;1;0;0;0;0;0;0;0;0;0
11;0;0;0;0;0;0;0;0;1;1;0;0;0;0;0;1;0;0
12;0;0;0;0;0;0;0;1;0;0;1;0;0;0;1;0;1;0
13;0;0;0;0;0;0;0;1;1;0;0;1;0;0;0;1;0;1
14;0;0;0;0;0;0;0;0;1;1;0;0;2;0;0;0;1;0
15;0;0;0;0;0;0;0;1;0;0;1;0;0;2;0;1;0;1
16;0;0;0;0;0;0;0;0;1;0;0;1;0;0;2;1;1;0
17;0;0;0;0;0;0;0;1;0;0;0;0;1;0;0;3;1;1
18;0;0;0;0;0;0;0;0;1;0;0;0;0;1;0;0;2;1
19;0;0;0;0;0;0;1;0;1;0;0;0;0;0;1;0;0;2
20;0;0;0;0;0;0;0;1;0;1;0;1;0;0;0;1;0;0
21;0;0;1;0;0;0;0;0;1;0;1;0;1;0;0;0;2;0
22;0;0;0;0;0;0;0;0;0;1;0;1;0;1;0;0;0;3
23;0;0;0;0;0;0;0;0;1;0;1;0;2;0;1;0;0;0
24;0;0;0;0;0;0;0;2;1;1;0;2;0;1;0;1;0;0
25;1;0;0;0;0;0;0;0;2;1;1;0;0;0;1;0;1;0
26;0;1;0;0;0;0;0;0;0;1;2;1;0;2;0;1;1;0
27;0;0;1;0;0;0;0;0;0;0;1;2;1;0;2;0;1;1
28;0;0;0;1;0;0;0;0;0;0;0;1;3;1;0;3;0;1
29;0;0;0;0;1;0;0;0;0;0;0;0;1;2;1;0;3;0
30;0;0;0;0;0;1;0;1;0;0;0;0;0;1;2;1;0;3
31;0;0;0;0;0;0;1;0;1;0;0;0;0;0;1;2;1;0
32;0;0;0;0;0;0;2;1;0;0;0;0;0;0;0;1;2;0
33;1;0;0;0;0;0;0;2;2;0;0;0;0;0;0;0;1;2
34;0;0;0;0;0;0;0;1;2;1;0;0;0;0;0;0;0;1
35;1;0;0;0;0;0;0;0;1;0;1;0;0;0;0;0;0;0
36;0;0;0;0;0;0;0;0;0;1;0;0;0;0;1;0;0;0
37;0;0;2;0;0;0;0;0;0;0;1;0;0;1;0;1;0;0
38;1;0;0;1;1;0;0;0;0;0;0;1;0;0;1;0;1;0
39;0;0;0;0;1;1;0;0;0;0;0;0;1;0;0;1;0;1
40;0;0;0;0;0;1;1;1;0;0;0;0;0;1;0;0;0;0
41;0;0;0;0;0;0;1;1;1;0;0;0;0;0;1;0;0;0
42;0;0;0;0;0;0;0;1;1;0;0;0;0;0;0;1;0;0
43;0;0;0;0;0;0;0;0;1;0;0;0;0;0;0;0;1;0
44;0;0;0;0;0;0;0;0;0;0;0;0;0;0;0;0;0;1
45;0;0;0;0;0;0;0;0;0;0;0;0;0;1;0;0;0;0
46;0;0;0;0;0;0;0;0;1;0;0;0;0;0;1;0;0;0
47;0;0;0;0;0;0;0;0;0;1;0;0;0;0;0;1;0;0
48;0;0;0;0;0;0;0;0;0;0;2;0;0;0;0;0;2;0
49;0;0;0;0;0;0;0;0;0;0;0;1;0;0;0;0;0;1
50;0;0;0;0;0;0;0;0;0;0;0;1;1;0;0;0;0;0
51;0;0;0;0;0;0;0;0;0;0;0;0;1;1;0;0;0;0
52;0;0;0;0;0;0;0;0;0;0;0;0;0;1;1;0;0;0
53;0;0;0;0;0;0;0;0;0;0;0;0;0;0;1;2;0;0
54;0;0;0;1;0;0;0;0;0;0;0;0;0;0;0;1;2;0
55;0;0;0;0;1;0;0;0;0;0;0;0;0;0;0;0;1;2
56;0;0;0;0;0;1;0;0;0;0;0;0;0;0;1;0;0;1
57;0;0;0;0;0;0;1;0;0;0;0;0;0;0;0;1;0;0
58;0;0;0;0;0;0;0;1;0;0;0;0;0;0;0;0;0;0
59;0;0;0;0;0;0;0;0;1;0;0;0;0;0;0;0;0;0
60;0;0;0;0;0;0;0;0;0;1;0;0;0;0;0;0;0;0
61;0;0;0;0;0;0;0;0;0;0;1;0;0;0;0;0;0;0
62;0;0;0;0;0;0;0;0;0;0;0;1;0;0;0;0;0;0
63;1;0;0;0;0;0;0;0;0;0;0;0;0;0;0;0;0;0
64;0;1;0;0;0;0;0;0;0;0;0;0;0;0;0;0;0;0
65;0;0;1;0;0;0;0;0;0;0;0;0;0;0;0;0;0;0
66;0;0;0;1;0;0;0;0;0;0;0;0;0;0;0;0;0;0
67;0;0;0;0;1;0;0;0;0;0;0;0;0;0;0;0;0;0
68;0;0;0;0;0;1;0;0;0;0;0;0;0;0;0;0;0;0
69;0;0;0;0;0;0;1;0;0;0;0;0;0;0;0;0;0;0
70;0;0;0;0;0;1;0;1;0;0;0;1;0;0;0;0;0;0
71;0;0;0;0;0;0;1;0;1;0;0;0;1;0;0;0;0;0
72;0;0;0;0;0;0;0;1;0;1;0;0;0;1;0;0;0;0
73;0;0;0;1;0;0;0;0;1;0;1;0;0;0;1;0;0;0
74;0;0;0;0;1;0;0;0;0;1;0;1;0;0;1;1;0;0
75;0;0;0;0;0;1;0;0;0;0;1;0;1;0;0;1;1;0
76;0;0;0;0;0;0;1;0;0;0;0;0;0;1;0;0;1;0
77;0;0;0;0;0;0;0;1;0;0;0;0;0;0;1;0;0;1
78;0;0;0;0;0;0;0;0;1;0;0;0;0;0;0;1;0;0
79;0;0;0;0;0;0;0;0;0;1;0;1;0;0;0;0;0;0
80;0;0;0;0;0;0;0;0;0;0;1;0;1;0;0;0;0;0
81;0;0;0;0;0;0;0;0;0;0;0;1;0;1;0;0;0;0
82;0;0;0;0;0;0;0;0;0;0;0;0;0;0;1;0;0;0
83;0;0;0;0;0;0;0;0;0;0;0;0;0;0;0;1;0;0
84;0;0;0;0;0;0;0;0;0;0;0;0;0;0;0;0;1;0
85;0;0;0;0;0;0;0;0;0;0;0;0;0;0;0;0;0;0
86;0;0;0;0;0;0;0;0;0;0;0;0;0;0;0;0;0;0
87;0;0;0;0;0;0;0;0;0;0;0;0;0;0;0;0;0;0
88;0;0;0;0;0;0;0;0;0;0;0;0;0;0;0;0;0;0
89;0;0;0;0;0;0;0;0;0;0;0;0;0;0;0;0;0;0
90;0;0;0;0;0;0;0;0;0;0;0;0;0;0;0;0;0;0
91;0;0;0;0;0;0;0;0;0;0;0;0;0;0;0;0;0;0
92;0;0;0;0;0;0;0;0;0;0;0;0;0;0;0;0;0;0
93;0;0;0;0;0;0;0;0;0;0;0;0;0;0;0;0;0;0
94;0;0;0;0;0;0;0;0;0;0;0;0;0;0;0;0;0;0
95;0;0;0;0;0;0;0;0;0;0;0;0;0;0;0;0;0;0
96;0;0;0;0;0;0;0;0;0;0;0;0;0;0;0;0;0;0
97;0;0;0;0;0;0;0;0;0;0;0;0;0;0;0;0;0;0
98;0;0;0;0;0;0;0;0;0;0;0;0;0;0;0;0;0;0
99;0;0;0;0;0;0;0;0;0;0;0;0;0;0;0;0;0;0
100 e oltre;0;0;0;0;0;0;0;0;0;0;0;0;0;0;0;0;0;0
Totale;5;2;5;5;6;7;10;20;26;14;17;19;18;20;24;32;32;28
Età/Anno;2002;2003;2004;2005;2006;2007;2008;2009;2010;2011;2012;2013;2014;2015;2016;2017;2018;2019
Età;Maschi
0;0;0;0;0;0;0;0;0;0;0;0;0;0;0;0;2;1;0
1;0;0;0;0;0;0;0;0;0;0;0;0;0;0;0;0;2;1
2;0;0;0;0;0;0;0;0;0;0;1;0;0;0;0;0;0;2
3;0;0;0;0;0;0;0;0;0;0;0;1;0;0;0;0;0;0
4;0;0;0;0;0;0;0;0;0;0;0;0;1;0;0;0;0;0
5;0;0;0;0;0;0;0;0;0;0;0;0;0;1;0;0;0;0
6;0;0;0;0;0;0;0;0;0;0;0;0;0;0;1;0;0;0
7;0;0;0;0;0;0;0;0;0;0;0;0;0;0;0;1;0;0
8;0;0;0;0;0;0;0;0;0;0;0;0;0;0;0;0;1;0
9;0;0;0;0;0;0;0;0;0;0;0;0;0;0;0;0;0;1
10;0;0;0;0;0;0;0;1;0;0;0;0;0;0;0;0;0;0
11;0;0;0;0;0;0;0;0;1;0;0;0;0;0;0;0;0;0
12;0;0;0;0;0;0;0;0;0;0;0;0;0;0;1;0;0;0
13;0;0;0;0;0;0;0;0;0;0;0;0;0;0;0;1;0;0
14;0;0;0;0;0;0;0;0;0;0;0;0;0;0;0;0;1;0
15;0;0;0;0;0;0;0;0;0;0;0;0;0;0;0;0;0;1
16;0;0;0;0;0;0;0;0;0;0;0;0;0;0;0;0;0;0
17;0;0;0;0;0;0;0;0;0;0;0;0;0;0;0;1;0;0
18;0;0;0;0;0;0;0;0;0;0;0;0;0;0;0;0;1;0
19;0;0;0;0;0;0;0;0;0;0;0;0;0;0;0;0;0;1
20;0;0;0;0;0;0;0;0;0;0;0;0;0;0;0;0;0;0
21;0;0;1;0;0;0;0;0;1;0;0;0;0;0;0;0;1;0
22;0;0;0;0;0;0;0;0;0;1;0;0;0;0;0;0;0;2
23;0;0;0;0;0;0;0;0;1;0;1;0;0;0;0;0;0;0
24;0;0;0;0;0;0;0;2;1;1;0;1;0;0;0;0;0;0
25;1;0;0;0;0;0;0;0;2;1;1;0;0;0;0;0;0;0
26;0;1;0;0;0;0;0;0;0;1;1;1;0;1;0;0;1;0
27;0;0;1;0;0;0;0;0;0;0;1;1;1;0;1;0;0;1
28;0;0;0;1;0;0;0;0;0;0;0;1;2;1;0;1;0;0
29;0;0;0;0;1;0;0;0;0;0;0;0;1;1;1;0;1;0
30;0;0;0;0;0;1;0;1;0;0;0;0;0;1;1;1;0;1
31;0;0;0;0;0;0;1;0;1;0;0;0;0;0;1;1;1;0
32;0;0;0;0;0;0;0;1;0;0;0;0;0;0;0;1;1;0
33;1;0;0;0;0;0;0;0;2;0;0;0;0;0;0;0;1;1
34;0;0;0;0;0;0;0;0;0;1;0;0;0;0;0;0;0;1
35;1;0;0;0;0;0;0;0;0;0;1;0;0;0;0;0;0;0
36;0;0;0;0;0;0;0;0;0;0;0;0;0;0;0;0;0;0
37;0;0;2;0;0;0;0;0;0;0;0;0;0;0;0;0;0;0
38;1;0;0;1;0;0;0;0;0;0;0;0;0;0;0;0;0;0
39;0;0;0;0;1;0;0;0;0;0;0;0;0;0;0;0;0;0
40;0;0;0;0;0;1;0;1;0;0;0;0;0;0;0;0;0;0
41;0;0;0;0;0;0;1;0;1;0;0;0;0;0;0;0;0;0
42;0;0;0;0;0;0;0;1;0;0;0;0;0;0;0;0;0;0
43;0;0;0;0;0;0;0;0;1;0;0;0;0;0;0;0;0;0
44;0;0;0;0;0;0;0;0;0;0;0;0;0;0;0;0;0;0
45;0;0;0;0;0;0;0;0;0;0;0;0;0;0;0;0;0;0
46;0;0;0;0;0;0;0;0;0;0;0;0;0;0;0;0;0;0
47;0;0;0;0;0;0;0;0;0;0;0;0;0;0;0;0;0;0
48;0;0;0;0;0;0;0;0;0;0;1;0;0;0;0;0;0;0
49;0;0;0;0;0;0;0;0;0;0;0;0;0;0;0;0;0;0
50;0;0;0;0;0;0;0;0;0;0;0;1;0;0;0;0;0;0
51;0;0;0;0;0;0;0;0;0;0;0;0;1;0;0;0;0;0
52;0;0;0;0;0;0;0;0;0;0;0;0;0;1;0;0;0;0
53;0;0;0;0;0;0;0;0;0;0;0;0;0;0;1;0;0;0
54;0;0;0;0;0;0;0;0;0;0;0;0;0;0;0;1;0;0
55;0;0;0;0;0;0;0;0;0;0;0;0;0;0;0;0;1;0
56;0;0;0;0;0;0;0;0;0;0;0;0;0;0;1;0;0;1
57;0;0;0;0;0;0;0;0;0;0;0;0;0;0;0;1;0;0
58;0;0;0;0;0;0;0;0;0;0;0;0;0;0;0;0;0;0
59;0;0;0;0;0;0;0;0;0;0;0;0;0;0;0;0;0;0
60;0;0;0;0;0;0;0;0;0;0;0;0;0;0;0;0;0;0
61;0;0;0;0;0;0;0;0;0;0;0;0;0;0;0;0;0;0
62;0;0;0;0;0;0;0;0;0;0;0;0;0;0;0;0;0;0
63;0;0;0;0;0;0;0;0;0;0;0;0;0;0;0;0;0;0
64;0;0;0;0;0;0;0;0;0;0;0;0;0;0;0;0;0;0
65;0;0;0;0;0;0;0;0;0;0;0;0;0;0;0;0;0;0
66;0;0;0;0;0;0;0;0;0;0;0;0;0;0;0;0;0;0
67;0;0;0;0;0;0;0;0;0;0;0;0;0;0;0;0;0;0
68;0;0;0;0;0;0;0;0;0;0;0;0;0;0;0;0;0;0
69;0;0;0;0;0;0;0;0;0;0;0;0;0;0;0;0;0;0
70;0;0;0;0;0;1;0;0;0;0;0;0;0;0;0;0;0;0
71;0;0;0;0;0;0;1;0;0;0;0;0;0;0;0;0;0;0
72;0;0;0;0;0;0;0;1;0;0;0;0;0;0;0;0;0;0
73;0;0;0;1;0;0;0;0;1;0;0;0;0;0;0;0;0;0
74;0;0;0;0;1;0;0;0;0;1;0;0;0;0;0;0;0;0
75;0;0;0;0;0;1;0;0;0;0;1;0;0;0;0;0;0;0
76;0;0;0;0;0;0;1;0;0;0;0;0;0;0;0;0;0;0
77;0;0;0;0;0;0;0;1;0;0;0;0;0;0;0;0;0;0
78;0;0;0;0;0;0;0;0;1;0;0;0;0;0;0;0;0;0
79;0;0;0;0;0;0;0;0;0;1;0;1;0;0;0;0;0;0
80;0;0;0;0;0;0;0;0;0;0;1;0;1;0;0;0;0;0
81;0;0;0;0;0;0;0;0;0;0;0;1;0;1;0;0;0;0
82;0;0;0;0;0;0;0;0;0;0;0;0;0;0;1;0;0;0
83;0;0;0;0;0;0;0;0;0;0;0;0;0;0;0;1;0;0
84;0;0;0;0;0;0;0;0;0;0;0;0;0;0;0;0;1;0
85;0;0;0;0;0;0;0;0;0;0;0;0;0;0;0;0;0;0
86;0;0;0;0;0;0;0;0;0;0;0;0;0;0;0;0;0;0
87;0;0;0;0;0;0;0;0;0;0;0;0;0;0;0;0;0;0
88;0;0;0;0;0;0;0;0;0;0;0;0;0;0;0;0;0;0
89;0;0;0;0;0;0;0;0;0;0;0;0;0;0;0;0;0;0
90;0;0;0;0;0;0;0;0;0;0;0;0;0;0;0;0;0;0
91;0;0;0;0;0;0;0;0;0;0;0;0;0;0;0;0;0;0
92;0;0;0;0;0;0;0;0;0;0;0;0;0;0;0;0;0;0
93;0;0;0;0;0;0;0;0;0;0;0;0;0;0;0;0;0;0
94;0;0;0;0;0;0;0;0;0;0;0;0;0;0;0;0;0;0
95;0;0;0;0;0;0;0;0;0;0;0;0;0;0;0;0;0;0
96;0;0;0;0;0;0;0;0;0;0;0;0;0;0;0;0;0;0
97;0;0;0;0;0;0;0;0;0;0;0;0;0;0;0;0;0;0
98;0;0;0;0;0;0;0;0;0;0;0;0;0;0;0;0;0;0
99;0;0;0;0;0;0;0;0;0;0;0;0;0;0;0;0;0;0
100 e oltre;0;0;0;0;0;0;0;0;0;0;0;0;0;0;0;0;0;0
Totale;4;1;4;3;3;4;4;9;13;7;9;8;7;7;9;12;14;13
Età/Anno;2002;2003;2004;2005;2006;2007;2008;2009;2010;2011;2012;2013;2014;2015;2016;2017;2018;2019
Età;Femmine
0;0;0;0;0;0;0;0;0;0;0;0;0;0;0;0;0;0;0
1;0;0;0;0;0;0;0;0;0;0;0;0;0;0;0;0;0;0
2;0;0;0;0;0;0;0;0;0;0;0;0;0;0;0;0;0;0
3;0;0;0;0;0;0;0;0;0;0;0;0;0;0;0;0;0;0
4;0;0;0;0;0;0;0;0;0;0;0;0;0;0;0;0;0;0
5;0;0;0;0;0;0;0;0;0;0;0;0;0;0;0;0;0;0
6;0;0;0;0;0;0;0;0;0;0;0;0;0;0;0;0;0;0
7;0;0;0;0;0;0;0;0;0;0;0;0;0;0;0;0;0;0
8;0;0;0;0;0;0;0;0;0;0;0;0;0;0;0;0;0;0
9;0;0;0;0;0;0;0;0;0;0;0;0;0;0;0;0;0;0
10;0;0;0;0;0;0;0;0;1;0;0;0;0;0;0;0;0;0
11;0;0;0;0;0;0;0;0;0;1;0;0;0;0;0;1;0;0
12;0;0;0;0;0;0;0;1;0;0;1;0;0;0;0;0;1;0
13;0;0;0;0;0;0;0;1;1;0;0;1;0;0;0;0;0;1
14;0;0;0;0;0;0;0;0;1;1;0;0;2;0;0;0;0;0
15;0;0;0;0;0;0;0;1;0;0;1;0;0;2;0;1;0;0
16;0;0;0;0;0;0;0;0;1;0;0;1;0;0;2;1;1;0
17;0;0;0;0;0;0;0;1;0;0;0;0;1;0;0;2;1;1
18;0;0;0;0;0;0;0;0;1;0;0;0;0;1;0;0;1;1
19;0;0;0;0;0;0;1;0;1;0;0;0;0;0;1;0;0;1
20;0;0;0;0;0;0;0;1;0;1;0;1;0;0;0;1;0;0
21;0;0;0;0;0;0;0;0;0;0;1;0;1;0;0;0;1;0
22;0;0;0;0;0;0;0;0;0;0;0;1;0;1;0;0;0;1
23;0;0;0;0;0;0;0;0;0;0;0;0;2;0;1;0;0;0
24;0;0;0;0;0;0;0;0;0;0;0;1;0;1;0;1;0;0
25;0;0;0;0;0;0;0;0;0;0;0;0;0;0;1;0;1;0
26;0;0;0;0;0;0;0;0;0;0;1;0;0;1;0;1;0;0
27;0;0;0;0;0;0;0;0;0;0;0;1;0;0;1;0;1;0
28;0;0;0;0;0;0;0;0;0;0;0;0;1;0;0;2;0;1
29;0;0;0;0;0;0;0;0;0;0;0;0;0;1;0;0;2;0
30;0;0;0;0;0;0;0;0;0;0;0;0;0;0;1;0;0;2
31;0;0;0;0;0;0;0;0;0;0;0;0;0;0;0;1;0;0
32;0;0;0;0;0;0;2;0;0;0;0;0;0;0;0;0;1;0
33;0;0;0;0;0;0;0;2;0;0;0;0;0;0;0;0;0;1
34;0;0;0;0;0;0;0;1;2;0;0;0;0;0;0;0;0;0
35;0;0;0;0;0;0;0;0;1;0;0;0;0;0;0;0;0;0
36;0;0;0;0;0;0;0;0;0;1;0;0;0;0;1;0;0;0
37;0;0;0;0;0;0;0;0;0;0;1;0;0;1;0;1;0;0
38;0;0;0;0;1;0;0;0;0;0;0;1;0;0;1;0;1;0
39;0;0;0;0;0;1;0;0;0;0;0;0;1;0;0;1;0;1
40;0;0;0;0;0;0;1;0;0;0;0;0;0;1;0;0;0;0
41;0;0;0;0;0;0;0;1;0;0;0;0;0;0;1;0;0;0
42;0;0;0;0;0;0;0;0;1;0;0;0;0;0;0;1;0;0
43;0;0;0;0;0;0;0;0;0;0;0;0;0;0;0;0;1;0
44;0;0;0;0;0;0;0;0;0;0;0;0;0;0;0;0;0;1
45;0;0;0;0;0;0;0;0;0;0;0;0;0;1;0;0;0;0
46;0;0;0;0;0;0;0;0;1;0;0;0;0;0;1;0;0;0
47;0;0;0;0;0;0;0;0;0;1;0;0;0;0;0;1;0;0
48;0;0;0;0;0;0;0;0;0;0;1;0;0;0;0;0;2;0
49;0;0;0;0;0;0;0;0;0;0;0;1;0;0;0;0;0;1
50;0;0;0;0;0;0;0;0;0;0;0;0;1;0;0;0;0;0
51;0;0;0;0;0;0;0;0;0;0;0;0;0;1;0;0;0;0
52;0;0;0;0;0;0;0;0;0;0;0;0;0;0;1;0;0;0
53;0;0;0;0;0;0;0;0;0;0;0;0;0;0;0;2;0;0
54;0;0;0;1;0;0;0;0;0;0;0;0;0;0;0;0;2;0
55;0;0;0;0;1;0;0;0;0;0;0;0;0;0;0;0;0;2
56;0;0;0;0;0;1;0;0;0;0;0;0;0;0;0;0;0;0
57;0;0;0;0;0;0;1;0;0;0;0;0;0;0;0;0;0;0
58;0;0;0;0;0;0;0;1;0;0;0;0;0;0;0;0;0;0
59;0;0;0;0;0;0;0;0;1;0;0;0;0;0;0;0;0;0
60;0;0;0;0;0;0;0;0;0;1;0;0;0;0;0;0;0;0
61;0;0;0;0;0;0;0;0;0;0;1;0;0;0;0;0;0;0
62;0;0;0;0;0;0;0;0;0;0;0;1;0;0;0;0;0;0
63;1;0;0;0;0;0;0;0;0;0;0;0;0;0;0;0;0;0
64;0;1;0;0;0;0;0;0;0;0;0;0;0;0;0;0;0;0
65;0;0;1;0;0;0;0;0;0;0;0;0;0;0;0;0;0;0
66;0;0;0;1;0;0;0;0;0;0;0;0;0;0;0;0;0;0
67;0;0;0;0;1;0;0;0;0;0;0;0;0;0;0;0;0;0
68;0;0;0;0;0;1;0;0;0;0;0;0;0;0;0;0;0;0
69;0;0;0;0;0;0;1;0;0;0;0;0;0;0;0;0;0;0
70;0;0;0;0;0;0;0;1;0;0;0;1;0;0;0;0;0;0
71;0;0;0;0;0;0;0;0;1;0;0;0;1;0;0;0;0;0
72;0;0;0;0;0;0;0;0;0;1;0;0;0;1;0;0;0;0
73;0;0;0;0;0;0;0;0;0;0;1;0;0;0;1;0;0;0
74;0;0;0;0;0;0;0;0;0;0;0;1;0;0;1;1;0;0
75;0;0;0;0;0;0;0;0;0;0;0;0;1;0;0;1;1;0
76;0;0;0;0;0;0;0;0;0;0;0;0;0;1;0;0;1;0
77;0;0;0;0;0;0;0;0;0;0;0;0;0;0;1;0;0;1
78;0;0;0;0;0;0;0;0;0;0;0;0;0;0;0;1;0;0
79;0;0;0;0;0;0;0;0;0;0;0;0;0;0;0;0;0;0
80;0;0;0;0;0;0;0;0;0;0;0;0;0;0;0;0;0;0
81;0;0;0;0;0;0;0;0;0;0;0;0;0;0;0;0;0;0
82;0;0;0;0;0;0;0;0;0;0;0;0;0;0;0;0;0;0
83;0;0;0;0;0;0;0;0;0;0;0;0;0;0;0;0;0;0
84;0;0;0;0;0;0;0;0;0;0;0;0;0;0;0;0;0;0
85;0;0;0;0;0;0;0;0;0;0;0;0;0;0;0;0;0;0
86;0;0;0;0;0;0;0;0;0;0;0;0;0;0;0;0;0;0
87;0;0;0;0;0;0;0;0;0;0;0;0;0;0;0;0;0;0
88;0;0;0;0;0;0;0;0;0;0;0;0;0;0;0;0;0;0
89;0;0;0;0;0;0;0;0;0;0;0;0;0;0;0;0;0;0
90;0;0;0;0;0;0;0;0;0;0;0;0;0;0;0;0;0;0
91;0;0;0;0;0;0;0;0;0;0;0;0;0;0;0;0;0;0
92;0;0;0;0;0;0;0;0;0;0;0;0;0;0;0;0;0;0
93;0;0;0;0;0;0;0;0;0;0;0;0;0;0;0;0;0;0
94;0;0;0;0;0;0;0;0;0;0;0;0;0;0;0;0;0;0
95;0;0;0;0;0;0;0;0;0;0;0;0;0;0;0;0;0;0
96;0;0;0;0;0;0;0;0;0;0;0;0;0;0;0;0;0;0
97;0;0;0;0;0;0;0;0;0;0;0;0;0;0;0;0;0;0
98;0;0;0;0;0;0;0;0;0;0;0;0;0;0;0;0;0;0
99;0;0;0;0;0;0;0;0;0;0;0;0;0;0;0;0;0;0
100 e oltre;0;0;0;0;0;0;0;0;0;0;0;0;0;0;0;0;0;0
Totale;1;1;1;2;3;3;6;11;13;7;8;11;11;13;15;20;18;15
