"Popolazione per età, vista per singola area - Comune: 017132 - Paitone"

"Ricostruzione della popolazione intercensuaria - Popolazione al 1° gennaio per età"
"Tutte le cittadinanze - Comune: Paitone"
Età/Anno;2002;2003;2004;2005;2006;2007;2008;2009;2010;2011;2012;2013;2014;2015;2016;2017;2018;2019
Età;Totale
0;11;16;24;29;20;24;19;27;28;17;24;21;22;15;14;26;19;13
1;26;11;19;24;23;22;26;22;32;31;19;25;17;24;15;12;21;22
2;20;26;14;20;25;22;22;25;21;29;33;20;25;18;25;20;12;22
3;16;18;30;15;20;24;19;25;22;20;32;33;18;24;19;24;17;13
4;16;17;24;26;13;21;21;18;24;23;22;30;32;15;22;18;26;16
5;12;18;19;24;26;13;21;27;18;24;21;22;29;30;15;19;16;21
6;18;13;19;20;25;22;12;21;27;19;24;24;18;26;29;15;22;18
7;21;20;13;18;20;26;20;12;21;28;22;26;25;16;24;29;14;20
8;20;21;22;16;17;19;27;21;12;20;28;22;25;22;16;24;27;14
9;17;24;21;21;17;18;20;28;21;11;20;27;20;25;22;14;25;24
10;8;17;24;19;20;15;21;22;26;22;13;21;30;22;23;21;15;24
11;21;8;17;25;18;21;18;23;21;27;24;13;23;27;21;22;22;14
12;15;24;10;16;25;18;21;16;20;20;28;25;13;26;27;20;22;22
13;14;14;23;10;16;24;20;21;16;20;22;27;24;13;23;25;21;19
14;14;15;13;21;10;16;24;21;22;17;19;21;28;25;14;23;25;20
15;26;14;14;12;19;11;16;25;21;23;17;19;21;29;25;15;23;27
16;14;25;15;14;11;18;13;17;24;21;24;17;21;20;26;25;18;23
17;11;14;24;15;16;13;18;13;17;27;21;24;15;20;16;25;25;17
18;16;13;15;23;15;18;14;20;13;17;28;22;24;16;20;18;24;25
19;15;16;14;16;25;17;16;18;20;12;18;26;23;26;16;21;19;25
20;16;14;18;16;15;26;15;20;18;20;13;20;27;27;25;17;19;21
21;22;16;15;23;16;14;25;15;20;15;20;10;26;29;27;25;19;20
22;22;23;19;18;22;16;14;27;17;23;13;19;11;24;28;29;21;17
23;25;24;21;21;12;23;16;17;31;18;26;17;20;13;24;30;29;19
24;19;26;27;21;19;13;30;17;19;32;21;25;21;23;11;25;30;31
25;29;24;27;31;23;17;12;32;16;20;35;19;24;21;24;12;27;29
26;23;30;26;34;26;22;18;12;28;12;25;38;21;26;22;25;16;28
27;28;25;38;26;33;29;25;20;16;24;12;27;31;23;26;22;26;15
28;23;31;38;35;25;30;29;25;23;20;27;16;21;29;24;21;20;25
29;27;22;35;40;31;30;27;38;27;28;25;27;19;25;30;23;22;23
30;49;34;28;38;43;29;28;31;37;24;32;30;30;20;24;30;21;28
31;37;51;40;24;35;41;30;32;27;33;29;31;31;28;19;27;32;16
32;29;38;50;37;24;32;36;29;30;25;33;31;30;27;28;20;22;31
33;36;29;42;49;35;27;30;37;31;26;30;35;31;34;27;26;20;17
34;45;37;34;36;46;35;24;35;31;27;26;30;32;31;32;24;23;19
35;32;46;40;31;34;44;38;29;39;27;30;31;27;31;34;36;27;21
36;28;35;48;42;33;37;50;39;31;36;34;32;27;29;28;32;38;27
37;30;27;36;45;45;33;38;49;39;30;38;34;29;25;28;35;31;37
38;33;28;30;35;45;45;34;40;48;41;31;36;34;29;24;28;35;34
39;28;34;30;33;34;44;47;35;46;46;47;35;36;36;30;29;28;34
40;34;32;35;32;35;36;46;48;40;43;48;49;33;34;36;30;28;27
41;26;35;28;37;33;32;35;48;48;40;41;47;46;32;32;38;29;27
42;25;31;33;27;35;33;35;36;48;48;42;39;46;45;31;28;37;30
43;22;24;29;32;32;35;34;38;35;47;48;46;41;44;43;32;29;32
44;18;22;23;26;33;29;34;34;38;34;47;52;45;41;43;43;35;30
45;21;18;22;22;24;35;30;32;34;39;34;49;49;43;37;43;46;35
46;17;23;16;23;22;25;35;32;31;34;39;33;50;49;46;42;43;41
47;20;18;23;16;23;22;27;35;34;33;33;40;35;51;50;41;40;43
48;19;20;18;24;15;24;25;30;34;35;34;31;39;32;50;46;41;41
49;14;18;20;18;24;16;25;26;31;35;33;34;31;39;36;50;46;39
50;17;15;21;21;18;22;16;28;28;32;34;33;36;29;37;37;49;45
51;15;19;15;21;22;18;24;16;28;26;32;34;33;36;28;39;37;47
52;23;18;20;15;21;22;21;24;16;26;26;33;35;32;35;28;39;38
53;27;26;17;21;15;23;22;19;23;16;25;24;32;34;31;35;27;39
54;22;26;28;18;21;17;26;20;19;23;16;25;25;32;33;30;35;27
55;33;22;27;26;18;20;18;26;20;18;23;17;25;24;28;33;33;35
56;14;33;21;28;25;17;22;20;24;21;19;24;17;25;22;26;32;35
57;29;13;33;21;27;25;18;22;20;23;22;20;24;17;25;22;26;32
58;21;29;13;31;22;24;28;16;22;20;23;21;20;24;17;24;22;29
59;17;18;29;13;28;22;26;28;16;23;21;22;21;22;23;17;24;22
60;21;20;19;29;13;28;22;26;28;15;23;21;21;22;20;23;15;25
61;22;20;20;20;29;13;30;25;26;27;15;23;23;18;21;19;22;16
62;23;22;20;20;19;28;13;29;25;25;27;15;23;23;18;23;19;21
63;21;23;21;20;20;21;29;14;29;24;25;27;16;24;23;19;22;20
64;17;22;26;20;18;20;21;29;14;32;26;25;29;16;23;23;19;22
65;20;17;21;26;20;18;20;18;29;14;32;25;26;32;17;23;23;18
66;12;20;18;20;26;23;19;20;19;28;14;32;25;25;32;17;23;22
67;19;12;20;19;20;26;21;17;20;18;28;14;32;24;25;32;16;22
68;14;19;11;20;17;19;26;21;17;17;19;30;14;32;23;26;31;17
69;11;14;19;11;20;18;16;26;21;17;19;19;31;14;31;23;26;30
70;14;13;13;20;11;20;18;15;24;19;17;19;18;28;14;31;22;25
71;13;13;14;12;17;11;20;18;15;23;19;17;19;18;27;13;30;22
72;13;13;13;14;12;17;11;21;18;15;22;19;16;19;18;28;14;27
73;16;13;13;13;14;12;17;11;23;18;15;21;19;16;19;18;27;13
74;12;16;14;13;13;16;12;16;11;20;18;15;21;18;16;19;16;27
75;12;12;16;14;12;13;17;12;15;11;20;18;15;20;17;15;19;17
76;6;12;13;16;14;12;14;16;10;15;11;20;18;14;20;16;14;17
77;11;6;12;11;14;14;12;14;16;10;16;10;19;16;13;19;16;14
78;6;9;6;11;10;13;14;12;14;14;9;16;9;18;15;13;19;14
79;7;8;9;4;11;10;13;11;12;14;14;9;15;9;18;15;11;16
80;8;6;8;10;5;11;9;12;10;12;13;14;8;14;9;15;15;11
81;4;8;6;8;9;2;8;9;12;10;9;13;14;7;14;9;16;15
82;2;5;8;6;8;8;2;8;9;12;10;8;12;14;7;14;10;13
83;5;2;5;8;5;8;8;2;7;9;12;9;8;12;14;7;12;10
84;3;2;2;5;6;4;9;7;2;7;8;12;8;9;11;11;7;12
85;2;3;2;2;6;5;4;7;7;2;7;8;12;7;9;11;11;7
86;0;2;1;2;0;4;5;3;7;7;2;7;8;12;7;7;11;11
87;1;0;1;1;2;0;3;5;3;6;7;2;7;7;12;7;5;10
88;0;1;0;1;1;2;0;2;4;3;6;7;1;5;5;8;5;4
89;2;0;1;0;1;1;2;0;2;4;3;5;4;1;4;5;8;5
90;2;1;0;1;0;1;1;2;0;2;4;3;4;3;1;2;5;8
91;2;2;1;1;1;0;1;0;2;0;2;4;3;4;2;1;2;6
92;0;2;2;1;1;1;0;1;0;2;0;2;4;2;3;2;1;2
93;0;0;0;2;0;1;0;0;1;0;2;0;1;2;2;2;2;1
94;0;0;0;0;2;0;0;0;0;1;0;2;0;1;1;0;2;2
95;2;1;0;0;0;2;0;0;0;0;1;0;2;0;0;1;0;1
96;0;1;1;0;0;0;1;0;0;0;0;1;0;2;0;0;1;0
97;0;0;1;1;0;0;0;1;0;0;0;0;1;0;2;0;0;0
98;0;0;0;1;1;0;0;0;1;0;0;0;0;1;0;2;0;0
99;0;0;0;0;1;1;0;0;0;1;0;0;0;0;1;0;1;0
100 e oltre;0;0;0;0;0;0;1;0;0;0;1;1;1;1;0;1;0;0
Totale;1669;1738;1844;1874;1849;1869;1920;2009;2042;2025;2122;2174;2171;2164;2124;2136;2135;2108
Età/Anno;2002;2003;2004;2005;2006;2007;2008;2009;2010;2011;2012;2013;2014;2015;2016;2017;2018;2019
Età;Maschi
0;5;7;10;18;9;19;11;14;21;9;13;12;8;7;8;14;9;6
1;10;5;9;10;14;9;21;11;17;22;9;13;9;10;6;7;12;12
2;12;11;7;9;11;14;10;20;11;15;23;11;12;10;11;10;9;13
3;10;11;15;8;9;12;12;13;19;13;17;23;11;12;11;11;9;9
4;5;10;14;14;5;11;12;11;12;20;14;18;22;8;12;11;12;9
5;5;7;11;14;13;5;11;14;11;13;17;13;17;21;8;10;10;10
6;8;5;6;11;15;11;5;11;15;10;13;19;12;15;21;8;11;10
7;10;10;5;6;11;15;8;5;10;16;13;14;19;12;13;21;8;8
8;13;9;10;7;5;9;15;9;5;10;16;13;15;16;12;13;19;8
9;10;16;9;10;7;6;8;16;9;5;10;15;12;14;16;10;12;17
10;1;10;16;9;9;5;7;8;14;9;5;11;17;13;12;14;11;12
11;9;1;10;15;8;9;7;8;8;15;9;5;11;16;13;11;15;10
12;8;11;1;10;15;9;9;6;7;9;16;9;5;13;16;12;11;15
13;8;9;10;1;10;14;9;9;6;8;11;15;10;5;13;15;13;9
14;7;9;8;8;1;10;15;9;10;7;8;10;16;11;6;11;15;12
15;13;7;9;7;7;1;10;16;9;11;7;6;10;16;11;7;11;15
16;7;11;8;9;6;7;3;10;15;9;12;7;7;9;16;11;7;11
17;5;8;11;8;11;8;7;3;10;17;9;12;6;7;5;15;11;7
18;10;5;8;11;8;12;7;9;2;10;18;9;12;7;7;7;15;11
19;12;10;6;8;12;9;11;10;9;1;10;17;9;13;7;8;7;15
20;10;10;11;6;7;12;9;13;10;9;1;11;18;10;11;8;8;9
21;9;10;10;13;6;8;13;9;13;9;9;1;14;19;11;11;8;8
22;13;9;10;11;13;6;9;13;9;13;7;8;3;14;19;12;10;7
23;14;14;8;10;10;14;6;9;14;10;15;8;7;4;14;20;12;8
24;11;15;15;8;8;10;14;6;9;14;11;14;9;11;2;15;19;12
25;16;12;15;16;8;7;8;15;7;9;15;10;14;9;12;3;19;15
26;9;17;14;21;12;8;8;8;13;7;14;18;10;14;10;11;4;17
27;14;10;21;13;20;14;10;11;12;10;7;14;17;11;16;11;13;4
28;11;17;17;18;11;17;13;10;12;11;11;7;10;17;12;13;12;13
29;14;9;15;17;14;17;18;19;11;14;14;13;10;12;16;9;14;13
30;24;18;12;20;20;13;17;17;19;10;17;19;13;10;13;17;10;20
31;20;23;22;10;19;17;14;20;14;17;10;17;20;14;8;15;17;6
32;12;19;23;24;11;18;15;13;19;14;20;9;15;18;13;9;9;17
33;22;12;22;23;23;15;16;16;14;16;16;22;9;14;17;14;10;4
34;20;22;15;18;20;21;14;19;12;13;16;16;20;10;15;13;11;11
35;15;23;22;12;17;20;21;16;22;9;15;19;14;19;13;17;16;10
36;16;16;24;22;14;19;23;23;18;19;12;17;15;15;17;13;18;17
37;10;16;17;20;26;15;19;22;22;16;18;13;16;14;14;21;13;17
38;19;10;18;17;21;26;15;21;22;24;17;17;13;16;13;14;22;13
39;12;18;11;21;17;19;25;15;25;22;27;20;17;15;16;17;14;21
40;22;15;19;12;22;19;20;24;18;24;23;28;18;15;16;16;17;14
41;16;23;15;19;13;20;18;22;24;18;23;23;25;19;14;15;17;17
42;16;21;21;14;17;14;23;18;21;23;22;23;22;25;18;13;14;18
43;11;15;19;20;17;18;16;24;18;20;23;26;23;21;24;19;13;14
44;8;11;14;16;20;14;16;16;24;18;20;25;26;24;20;24;22;13
45;9;9;12;13;15;22;14;15;17;24;17;21;24;25;21;19;25;22
46;9;9;8;13;13;16;22;15;14;18;24;16;23;24;25;23;19;21
47;13;10;9;7;13;13;15;22;16;15;18;25;18;24;25;22;22;20
48;9;12;10;9;7;13;14;17;22;18;16;16;25;16;23;23;22;23
49;7;8;12;10;9;7;14;16;19;22;17;16;14;25;20;23;22;21
50;8;8;10;13;9;7;7;15;17;20;21;17;18;13;24;22;24;21
51;10;8;8;10;13;9;8;7;15;16;20;21;17;17;12;25;22;20
52;12;10;8;8;10;13;11;8;7;13;15;20;21;16;16;12;25;21
53;10;14;10;8;9;11;13;11;7;5;12;14;19;21;15;16;11;25
54;11;10;16;10;8;10;13;12;11;7;5;12;14;19;20;14;16;11
55;18;11;11;16;10;8;11;13;12;10;7;6;12;14;17;20;16;17
56;6;18;11;11;16;10;9;12;11;11;10;7;7;12;14;16;20;15
57;17;5;18;11;11;16;10;9;12;11;12;10;8;7;12;13;16;20
58;11;18;4;16;11;9;18;10;9;12;11;11;10;8;7;12;13;19
59;10;11;18;4;13;11;11;18;11;10;12;11;11;11;7;7;12;13
60;8;11;11;18;4;13;11;11;18;10;10;12;11;11;10;7;6;13
61;13;7;11;11;18;4;15;14;11;18;10;10;13;11;11;10;7;6
62;13;13;7;11;10;17;4;14;14;10;17;10;10;13;11;12;10;7
63;15;13;12;7;11;11;17;4;14;13;10;17;10;10;13;12;12;11
64;7;16;15;12;6;11;11;17;4;15;13;10;18;9;10;13;12;12
65;8;7;16;15;12;6;11;11;17;4;15;12;11;20;10;10;13;12
66;8;8;8;15;15;13;7;11;11;16;4;15;12;10;20;10;10;13
67;11;8;8;9;15;15;13;7;11;10;16;4;16;12;10;20;10;10
68;8;11;7;8;8;14;15;13;7;8;10;18;4;16;12;11;19;11
69;5;8;11;7;8;9;11;14;13;7;9;10;18;4;15;12;11;18
70;2;6;8;11;7;8;9;10;13;11;7;9;10;16;4;15;12;10
71;6;1;6;7;10;7;8;9;10;12;11;7;9;10;16;4;14;12
72;7;6;1;6;7;10;7;9;8;10;12;11;6;9;10;17;5;11
73;5;7;6;1;6;6;10;7;11;8;10;11;11;7;9;10;16;5
74;5;5;7;6;1;6;6;10;6;9;8;10;11;11;7;9;8;16
75;8;5;5;7;5;1;6;6;10;6;9;8;9;11;10;6;9;9
76;0;8;5;5;7;5;2;5;4;10;6;9;8;9;11;10;5;9
77;5;0;8;4;3;7;5;2;5;4;11;6;8;6;9;10;10;5
78;3;3;0;7;3;3;7;5;2;4;4;11;5;7;5;9;10;8
79;3;3;3;0;7;3;4;6;5;1;4;4;10;5;7;5;7;9
80;2;3;3;3;0;7;2;3;6;5;1;4;3;9;5;5;5;7
81;2;2;3;3;3;0;6;2;3;7;3;1;4;2;9;5;6;5
82;0;3;2;3;3;3;0;6;2;3;7;3;0;4;2;9;6;4
83;2;0;2;2;2;3;3;0;5;3;3;6;3;0;4;2;7;6
84;1;1;0;2;0;2;3;2;0;5;2;3;5;3;0;3;2;7
85;1;1;1;0;2;0;2;2;2;0;5;2;3;4;3;0;3;2
86;0;1;1;1;0;1;0;2;2;2;0;5;2;3;4;3;0;3
87;0;0;0;1;1;0;1;0;2;1;2;0;5;1;3;4;3;0
88;0;0;0;0;1;1;0;1;0;2;1;2;0;4;1;2;3;2
89;1;0;0;0;0;1;1;0;1;0;2;1;1;0;4;1;2;3
90;0;1;0;0;0;0;1;1;0;1;0;2;1;0;0;2;1;2
91;0;0;1;1;0;0;0;0;1;0;1;0;2;1;0;0;2;1
92;0;0;0;1;1;0;0;0;0;1;0;1;0;1;1;0;0;2
93;0;0;0;0;0;1;0;0;0;0;1;0;1;0;1;1;0;0
94;0;0;0;0;0;0;0;0;0;0;0;1;0;1;0;0;1;0
95;0;1;0;0;0;0;0;0;0;0;0;0;1;0;0;0;0;1
96;0;0;1;0;0;0;0;0;0;0;0;0;0;1;0;0;0;0
97;0;0;0;1;0;0;0;0;0;0;0;0;0;0;1;0;0;0
98;0;0;0;0;1;0;0;0;0;0;0;0;0;0;0;1;0;0
99;0;0;0;0;0;1;0;0;0;0;0;0;0;0;0;0;1;0
100 e oltre;0;0;0;0;0;0;1;0;0;0;0;0;0;0;0;0;0;0
Totale;841;877;927;938;916;940;967;1015;1040;1026;1074;1108;1100;1098;1084;1093;1102;1078
Età/Anno;2002;2003;2004;2005;2006;2007;2008;2009;2010;2011;2012;2013;2014;2015;2016;2017;2018;2019
Età;Femmine
0;6;9;14;11;11;5;8;13;7;8;11;9;14;8;6;12;10;7
1;16;6;10;14;9;13;5;11;15;9;10;12;8;14;9;5;9;10
2;8;15;7;11;14;8;12;5;10;14;10;9;13;8;14;10;3;9
3;6;7;15;7;11;12;7;12;3;7;15;10;7;12;8;13;8;4
4;11;7;10;12;8;10;9;7;12;3;8;12;10;7;10;7;14;7
5;7;11;8;10;13;8;10;13;7;11;4;9;12;9;7;9;6;11
6;10;8;13;9;10;11;7;10;12;9;11;5;6;11;8;7;11;8
7;11;10;8;12;9;11;12;7;11;12;9;12;6;4;11;8;6;12
8;7;12;12;9;12;10;12;12;7;10;12;9;10;6;4;11;8;6
9;7;8;12;11;10;12;12;12;12;6;10;12;8;11;6;4;13;7
10;7;7;8;10;11;10;14;14;12;13;8;10;13;9;11;7;4;12
11;12;7;7;10;10;12;11;15;13;12;15;8;12;11;8;11;7;4
12;7;13;9;6;10;9;12;10;13;11;12;16;8;13;11;8;11;7
13;6;5;13;9;6;10;11;12;10;12;11;12;14;8;10;10;8;10
14;7;6;5;13;9;6;9;12;12;10;11;11;12;14;8;12;10;8
15;13;7;5;5;12;10;6;9;12;12;10;13;11;13;14;8;12;12
16;7;14;7;5;5;11;10;7;9;12;12;10;14;11;10;14;11;12
17;6;6;13;7;5;5;11;10;7;10;12;12;9;13;11;10;14;10
18;6;8;7;12;7;6;7;11;11;7;10;13;12;9;13;11;9;14
19;3;6;8;8;13;8;5;8;11;11;8;9;14;13;9;13;12;10
20;6;4;7;10;8;14;6;7;8;11;12;9;9;17;14;9;11;12
21;13;6;5;10;10;6;12;6;7;6;11;9;12;10;16;14;11;12
22;9;14;9;7;9;10;5;14;8;10;6;11;8;10;9;17;11;10
23;11;10;13;11;2;9;10;8;17;8;11;9;13;9;10;10;17;11
24;8;11;12;13;11;3;16;11;10;18;10;11;12;12;9;10;11;19
25;13;12;12;15;15;10;4;17;9;11;20;9;10;12;12;9;8;14
26;14;13;12;13;14;14;10;4;15;5;11;20;11;12;12;14;12;11
27;14;15;17;13;13;15;15;9;4;14;5;13;14;12;10;11;13;11
28;12;14;21;17;14;13;16;15;11;9;16;9;11;12;12;8;8;12
29;13;13;20;23;17;13;9;19;16;14;11;14;9;13;14;14;8;10
30;25;16;16;18;23;16;11;14;18;14;15;11;17;10;11;13;11;8
31;17;28;18;14;16;24;16;12;13;16;19;14;11;14;11;12;15;10
32;17;19;27;13;13;14;21;16;11;11;13;22;15;9;15;11;13;14
33;14;17;20;26;12;12;14;21;17;10;14;13;22;20;10;12;10;13
34;25;15;19;18;26;14;10;16;19;14;10;14;12;21;17;11;12;8
35;17;23;18;19;17;24;17;13;17;18;15;12;13;12;21;19;11;11
36;12;19;24;20;19;18;27;16;13;17;22;15;12;14;11;19;20;10
37;20;11;19;25;19;18;19;27;17;14;20;21;13;11;14;14;18;20
38;14;18;12;18;24;19;19;19;26;17;14;19;21;13;11;14;13;21
39;16;16;19;12;17;25;22;20;21;24;20;15;19;21;14;12;14;13
40;12;17;16;20;13;17;26;24;22;19;25;21;15;19;20;14;11;13
41;10;12;13;18;20;12;17;26;24;22;18;24;21;13;18;23;12;10
42;9;10;12;13;18;19;12;18;27;25;20;16;24;20;13;15;23;12
43;11;9;10;12;15;17;18;14;17;27;25;20;18;23;19;13;16;18
44;10;11;9;10;13;15;18;18;14;16;27;27;19;17;23;19;13;17
45;12;9;10;9;9;13;16;17;17;15;17;28;25;18;16;24;21;13
46;8;14;8;10;9;9;13;17;17;16;15;17;27;25;21;19;24;20
47;7;8;14;9;10;9;12;13;18;18;15;15;17;27;25;19;18;23
48;10;8;8;15;8;11;11;13;12;17;18;15;14;16;27;23;19;18
49;7;10;8;8;15;9;11;10;12;13;16;18;17;14;16;27;24;18
50;9;7;11;8;9;15;9;13;11;12;13;16;18;16;13;15;25;24
51;5;11;7;11;9;9;16;9;13;10;12;13;16;19;16;14;15;27
52;11;8;12;7;11;9;10;16;9;13;11;13;14;16;19;16;14;17
53;17;12;7;13;6;12;9;8;16;11;13;10;13;13;16;19;16;14
54;11;16;12;8;13;7;13;8;8;16;11;13;11;13;13;16;19;16
55;15;11;16;10;8;12;7;13;8;8;16;11;13;10;11;13;17;18
56;8;15;10;17;9;7;13;8;13;10;9;17;10;13;8;10;12;20
57;12;8;15;10;16;9;8;13;8;12;10;10;16;10;13;9;10;12
58;10;11;9;15;11;15;10;6;13;8;12;10;10;16;10;12;9;10
59;7;7;11;9;15;11;15;10;5;13;9;11;10;11;16;10;12;9
60;13;9;8;11;9;15;11;15;10;5;13;9;10;11;10;16;9;12
61;9;13;9;9;11;9;15;11;15;9;5;13;10;7;10;9;15;10
62;10;9;13;9;9;11;9;15;11;15;10;5;13;10;7;11;9;14
63;6;10;9;13;9;10;12;10;15;11;15;10;6;14;10;7;10;9
64;10;6;11;8;12;9;10;12;10;17;13;15;11;7;13;10;7;10
65;12;10;5;11;8;12;9;7;12;10;17;13;15;12;7;13;10;6
66;4;12;10;5;11;10;12;9;8;12;10;17;13;15;12;7;13;9
67;8;4;12;10;5;11;8;10;9;8;12;10;16;12;15;12;6;12
68;6;8;4;12;9;5;11;8;10;9;9;12;10;16;11;15;12;6
69;6;6;8;4;12;9;5;12;8;10;10;9;13;10;16;11;15;12
70;12;7;5;9;4;12;9;5;11;8;10;10;8;12;10;16;10;15
71;7;12;8;5;7;4;12;9;5;11;8;10;10;8;11;9;16;10
72;6;7;12;8;5;7;4;12;10;5;10;8;10;10;8;11;9;16
73;11;6;7;12;8;6;7;4;12;10;5;10;8;9;10;8;11;8
74;7;11;7;7;12;10;6;6;5;11;10;5;10;7;9;10;8;11
75;4;7;11;7;7;12;11;6;5;5;11;10;6;9;7;9;10;8
76;6;4;8;11;7;7;12;11;6;5;5;11;10;5;9;6;9;8
77;6;6;4;7;11;7;7;12;11;6;5;4;11;10;4;9;6;9
78;3;6;6;4;7;10;7;7;12;10;5;5;4;11;10;4;9;6
79;4;5;6;4;4;7;9;5;7;13;10;5;5;4;11;10;4;7
80;6;3;5;7;5;4;7;9;4;7;12;10;5;5;4;10;10;4
81;2;6;3;5;6;2;2;7;9;3;6;12;10;5;5;4;10;10
82;2;2;6;3;5;5;2;2;7;9;3;5;12;10;5;5;4;9
83;3;2;3;6;3;5;5;2;2;6;9;3;5;12;10;5;5;4
84;2;1;2;3;6;2;6;5;2;2;6;9;3;6;11;8;5;5
85;1;2;1;2;4;5;2;5;5;2;2;6;9;3;6;11;8;5
86;0;1;0;1;0;3;5;1;5;5;2;2;6;9;3;4;11;8
87;1;0;1;0;1;0;2;5;1;5;5;2;2;6;9;3;2;10
88;0;1;0;1;0;1;0;1;4;1;5;5;1;1;4;6;2;2
89;1;0;1;0;1;0;1;0;1;4;1;4;3;1;0;4;6;2
90;2;0;0;1;0;1;0;1;0;1;4;1;3;3;1;0;4;6
91;2;2;0;0;1;0;1;0;1;0;1;4;1;3;2;1;0;5
92;0;2;2;0;0;1;0;1;0;1;0;1;4;1;2;2;1;0
93;0;0;0;2;0;0;0;0;1;0;1;0;0;2;1;1;2;1
94;0;0;0;0;2;0;0;0;0;1;0;1;0;0;1;0;1;2
95;2;0;0;0;0;2;0;0;0;0;1;0;1;0;0;1;0;0
96;0;1;0;0;0;0;1;0;0;0;0;1;0;1;0;0;1;0
97;0;0;1;0;0;0;0;1;0;0;0;0;1;0;1;0;0;0
98;0;0;0;1;0;0;0;0;1;0;0;0;0;1;0;1;0;0
99;0;0;0;0;1;0;0;0;0;1;0;0;0;0;1;0;0;0
100 e oltre;0;0;0;0;0;0;0;0;0;0;1;1;1;1;0;1;0;0
Totale;828;861;917;936;933;929;953;994;1002;999;1048;1066;1071;1066;1040;1043;1033;1030

"Ricostruzione della popolazione intercensuaria - Popolazione al 1° gennaio per età"
"Cittadinanza italiana - Comune: Paitone"
Età/Anno;2002;2003;2004;2005;2006;2007;2008;2009;2010;2011;2012;2013;2014;2015;2016;2017;2018;2019
Età;Totale
0;11;14;23;24;18;16;13;18;22;14;18;12;15;8;11;17;15;11
1;23;10;16;21;21;18;18;15;21;25;15;18;11;19;10;10;16;15
2;19;21;12;17;22;21;19;16;15;19;26;14;17;15;20;15;11;18
3;16;17;25;13;17;22;19;20;14;14;20;27;12;17;16;22;14;12
4;15;17;22;22;11;17;19;18;19;14;16;19;27;11;15;15;23;13
5;11;17;18;22;22;11;17;21;18;19;15;15;19;26;10;16;14;18
6;18;10;18;19;23;19;10;16;22;18;19;17;13;19;25;11;19;17
7;18;19;10;17;19;23;17;10;17;23;19;18;18;11;18;25;10;16
8;20;18;21;14;16;17;23;19;10;17;23;19;17;17;11;19;24;10
9;16;20;18;20;14;16;16;24;19;9;17;23;18;19;17;11;20;21
10;8;16;20;17;20;12;18;18;21;19;10;17;26;20;19;17;13;20
11;20;8;16;22;16;21;14;19;17;21;20;11;16;26;19;20;18;12
12;13;20;10;16;22;16;21;13;15;15;22;20;12;20;26;18;21;17
13;13;11;19;10;16;22;17;21;13;16;16;21;22;12;18;24;19;18
14;13;13;10;19;10;16;22;18;21;14;15;16;23;23;13;19;24;19
15;26;13;13;10;18;10;16;23;18;21;14;16;17;24;23;13;19;24
16;13;24;14;13;9;18;11;16;22;17;22;14;18;17;23;23;16;19
17;11;13;23;14;15;10;18;11;16;24;17;22;14;17;14;24;23;15
18;16;11;14;23;14;16;12;18;11;16;27;18;22;15;18;16;23;24
19;14;16;12;15;24;14;15;13;18;10;17;25;19;24;15;19;17;24
20;16;14;18;13;15;25;12;15;13;18;11;17;25;20;23;14;17;19
21;20;16;15;21;14;13;24;12;15;12;18;9;20;26;21;23;14;19
22;21;20;18;16;20;14;12;25;14;18;11;17;10;18;25;22;18;14
23;23;22;17;18;12;20;13;13;27;14;21;14;19;12;17;25;23;18
24;19;24;25;18;15;12;22;13;15;25;17;19;16;21;11;17;24;26
25;28;20;24;26;18;14;11;24;13;16;24;16;18;18;22;11;20;23
26;22;27;21;27;24;18;17;11;21;11;19;26;16;20;18;22;14;23
27;27;23;32;19;27;26;20;19;14;18;11;19;24;20;21;16;21;13
28;23;30;28;29;17;25;25;17;21;18;19;15;14;21;20;17;15;22
29;25;22;31;31;27;19;21;33;18;20;21;18;16;17;22;21;18;17
30;44;30;25;31;32;23;17;22;32;17;23;21;19;18;17;24;16;22
31;34;47;35;22;29;31;22;19;20;28;21;23;20;20;16;19;26;11
32;23;34;47;33;21;27;28;22;17;20;27;21;26;17;19;17;19;26
33;34;21;38;47;32;21;26;27;21;18;23;28;22;30;18;18;17;14
34;43;36;26;31;45;31;21;30;22;21;18;23;28;24;30;18;18;16
35;31;42;38;26;29;43;34;25;35;21;25;20;20;27;25;32;20;17
36;28;32;44;38;26;32;48;35;27;32;26;27;17;21;24;23;33;21
37;28;27;33;42;40;26;34;47;34;27;33;23;24;18;20;30;22;33
38;33;26;29;32;39;41;28;35;46;35;28;30;24;25;16;21;30;24
39;26;34;27;30;30;38;42;31;40;44;39;29;30;25;24;20;23;29
40;32;29;34;29;32;30;40;41;31;36;45;39;30;30;24;24;20;22
41;25;33;26;34;30;29;29;41;43;30;34;45;34;29;28;27;24;20
42;23;27;31;25;33;30;32;29;43;43;33;32;44;38;28;24;31;24
43;22;23;25;30;28;34;28;33;28;41;45;37;37;42;38;28;24;27
44;17;22;22;25;30;27;31;27;34;29;42;48;38;38;41;39;32;25
45;20;16;22;21;23;32;28;30;28;35;30;43;45;36;34;40;41;31
46;17;22;15;22;21;24;32;30;30;27;36;28;45;47;40;38;40;36
47;18;17;22;16;22;21;24;32;32;32;28;37;31;46;47;37;36;40
48;18;18;17;23;15;23;22;27;31;33;32;26;35;30;45;44;35;37
49;14;17;18;18;23;16;23;22;28;32;31;33;29;36;34;45;44;33
50;17;15;20;19;17;21;16;26;23;28;31;31;34;28;35;35;44;44
51;15;19;15;19;20;17;23;16;27;22;28;31;32;35;28;34;35;43
52;23;18;20;15;19;20;20;23;16;25;21;28;33;31;34;28;34;36
53;26;25;17;21;15;21;20;18;22;16;24;20;27;32;30;34;27;34
54;22;25;27;17;21;17;24;19;18;22;16;24;21;28;31;29;34;27
55;32;22;26;25;17;20;18;24;19;17;22;16;24;21;27;31;32;33
56;14;32;21;26;24;17;22;20;22;20;17;22;16;24;21;25;31;33
57;29;13;32;21;26;24;18;22;20;21;21;17;22;16;24;21;25;31
58;21;29;13;30;21;24;27;16;22;20;21;20;18;22;16;23;21;28
59;17;18;29;13;28;21;26;27;15;23;21;20;20;19;21;16;23;21
60;21;19;19;29;13;28;21;26;27;15;23;21;20;20;18;21;15;24
61;22;20;19;19;29;13;30;24;26;27;15;23;22;17;19;18;21;16
62;23;22;20;19;18;28;13;29;24;25;27;15;23;22;17;21;18;20
63;21;23;21;20;19;20;29;13;29;23;25;27;16;23;22;18;21;19
64;17;22;25;20;18;19;20;29;12;31;23;25;28;16;23;23;18;21
65;20;17;21;25;20;18;19;17;29;12;31;22;25;31;17;23;23;17
66;12;20;18;20;25;23;18;19;17;28;12;31;22;24;31;17;23;22
67;19;12;20;18;20;25;21;16;19;16;28;12;32;22;24;31;16;22
68;14;19;11;20;17;19;25;21;16;17;17;30;12;32;22;25;31;17
69;11;14;17;11;20;17;16;25;21;16;19;17;30;12;31;22;25;30
70;14;13;13;18;11;20;17;15;23;19;16;19;17;28;12;31;21;25
71;13;13;14;12;17;11;20;17;15;22;19;16;19;17;27;12;30;21
72;13;13;13;14;12;17;11;20;16;15;21;19;15;19;17;28;13;27
73;16;13;13;13;14;11;17;11;22;16;15;20;19;15;19;17;27;12
74;12;16;14;13;13;15;11;16;11;19;16;15;20;18;15;19;15;27
75;12;12;16;14;12;13;16;11;15;11;19;16;14;20;17;14;19;16
76;6;12;13;16;14;12;14;15;9;15;11;19;16;14;20;16;13;17
77;11;6;12;11;14;14;12;14;15;9;16;10;18;15;13;19;16;13
78;6;9;6;11;10;13;14;12;14;14;9;16;9;17;14;13;19;14
79;7;7;9;4;11;10;13;11;12;14;14;9;15;9;17;14;11;16
80;8;6;7;10;5;11;9;12;10;12;13;14;8;14;9;15;14;11
81;4;8;6;7;9;2;8;9;12;10;9;13;14;7;14;9;16;14
82;2;5;8;6;7;8;2;8;9;12;10;8;12;14;7;14;10;13
83;5;2;5;8;5;7;8;2;7;9;12;9;8;12;14;7;12;10
84;3;2;2;5;6;4;9;7;2;7;8;12;8;9;11;11;7;12
85;2;3;2;2;6;5;4;7;7;2;7;8;12;7;9;11;11;7
86;0;2;1;2;0;4;5;3;7;7;2;7;8;12;7;7;11;11
87;1;0;1;1;2;0;3;5;3;6;7;2;7;7;12;7;5;10
88;0;1;0;1;1;2;0;2;4;3;6;7;1;5;5;8;5;4
89;2;0;1;0;1;1;2;0;2;4;3;5;4;1;4;5;8;5
90;2;1;0;1;0;1;1;2;0;2;4;3;4;3;1;2;5;8
91;2;2;1;1;1;0;1;0;2;0;2;4;3;4;2;1;2;6
92;0;2;2;1;1;1;0;1;0;2;0;2;4;2;3;2;1;2
93;0;0;0;2;0;1;0;0;1;0;2;0;1;2;2;2;2;1
94;0;0;0;0;2;0;0;0;0;1;0;2;0;1;1;0;2;2
95;2;1;0;0;0;2;0;0;0;0;1;0;2;0;0;1;0;1
96;0;1;1;0;0;0;1;0;0;0;0;1;0;2;0;0;1;0
97;0;0;1;1;0;0;0;1;0;0;0;0;1;0;2;0;0;0
98;0;0;0;1;1;0;0;0;1;0;0;0;0;1;0;2;0;0
99;0;0;0;0;1;1;0;0;0;1;0;0;0;0;1;0;1;0
100 e oltre;0;0;0;0;0;0;1;0;0;0;1;1;1;1;0;1;0;0
Totale;1607;1633;1709;1723;1699;1698;1726;1765;1785;1772;1844;1854;1869;1901;1875;1893;1908;1888
Età/Anno;2002;2003;2004;2005;2006;2007;2008;2009;2010;2011;2012;2013;2014;2015;2016;2017;2018;2019
Età;Maschi
0;5;7;10;16;8;12;9;7;16;8;10;8;5;1;6;8;6;5
1;10;4;8;10;14;8;15;9;8;17;8;9;8;7;2;5;8;6
2;12;11;6;8;11;14;9;13;9;7;18;8;7;10;8;5;8;10
3;10;11;15;7;8;12;12;10;12;9;7;19;7;8;11;10;6;8
4;4;10;14;14;5;8;12;11;9;12;10;8;19;6;7;11;11;6
5;5;6;11;14;13;5;8;12;11;10;12;8;9;19;5;8;10;9
6;8;5;5;11;15;11;4;8;13;10;10;13;8;10;18;5;9;10
7;8;9;5;5;11;15;8;4;8;14;11;9;13;8;9;18;5;6
8;13;7;9;7;4;9;15;9;4;8;14;11;9;12;8;9;17;5
9;10;13;7;9;7;4;7;16;9;3;8;14;11;9;12;8;8;15
10;1;10;13;7;9;5;4;7;13;9;3;8;15;12;9;12;9;9
11;8;1;10;13;6;9;6;4;7;13;9;4;7;15;12;10;13;8
12;6;8;1;10;13;7;9;5;3;7;14;9;5;9;15;11;11;12
13;8;6;7;1;10;13;7;9;5;4;8;12;10;5;9;14;12;9
14;6;8;5;7;1;10;14;7;9;6;4;8;14;11;6;8;14;12
15;13;6;8;5;7;1;10;15;7;9;6;3;8;14;11;6;8;14
16;7;11;7;8;4;7;2;10;14;7;10;6;4;8;14;11;6;8
17;5;7;11;7;10;5;7;2;10;15;7;10;6;4;5;14;11;6
18;10;5;7;11;7;11;5;7;2;10;17;7;10;7;5;6;14;11
19;11;10;6;7;11;7;10;6;7;1;10;16;7;11;7;6;6;14
20;10;10;11;6;7;11;7;10;6;7;1;10;17;7;9;7;6;8
21;9;10;10;12;6;8;12;7;10;6;7;1;11;17;8;9;7;7
22;12;9;10;11;12;6;8;11;7;10;5;6;2;11;17;9;8;6
23;14;12;8;10;10;13;6;8;12;7;12;6;6;3;10;17;9;8
24;11;14;13;8;8;10;12;6;8;11;7;11;6;10;2;9;15;11
25;16;11;13;12;8;7;8;13;7;8;11;7;12;8;10;3;12;12
26;8;16;13;16;11;7;8;8;11;7;11;14;6;13;8;9;3;13
27;13;8;18;11;16;13;9;10;10;9;6;10;16;8;14;7;9;3
28;11;16;9;16;9;14;12;9;12;10;9;7;6;14;8;12;7;11
29;12;9;14;10;13;13;14;16;9;10;11;9;9;9;13;7;13;8
30;21;16;11;16;11;11;12;14;16;9;13;13;9;9;9;16;6;17
31;18;21;20;10;16;9;10;12;12;14;9;13;12;10;7;9;16;2
32;11;17;21;22;11;16;9;10;11;11;17;8;13;11;8;8;8;16
33;20;10;19;21;22;11;16;9;10;11;12;18;9;14;11;9;9;3
34;19;21;13;15;19;20;12;18;8;10;12;13;18;10;15;9;9;10
35;15;19;21;11;15;19;20;14;21;7;12;14;12;17;11;17;11;9
36;16;16;20;21;12;16;21;21;15;16;9;14;12;13;15;11;16;11
37;9;16;17;17;22;12;17;20;20;14;15;9;13;13;12;20;12;15
38;19;9;17;16;15;23;13;17;20;21;15;14;9;14;12;12;21;11
39;10;18;9;18;15;14;22;14;21;20;23;15;14;9;13;16;13;19
40;22;12;18;10;19;16;15;19;14;20;21;22;15;13;9;13;16;12
41;15;23;13;17;11;17;15;16;20;13;19;21;18;16;12;9;14;15
42;14;17;21;12;16;11;20;14;17;20;18;19;20;21;15;11;11;15
43;11;14;15;20;13;17;11;20;14;16;21;22;21;19;21;15;11;11
44;7;11;13;15;20;12;15;11;21;16;17;23;22;23;18;22;19;11
45;9;7;12;12;14;22;12;14;12;21;16;17;21;21;20;17;23;19
46;9;9;7;12;12;15;22;13;14;12;22;14;19;22;23;21;17;19
47;11;9;9;7;12;12;13;22;14;15;14;23;16;20;22;22;20;18
48;8;10;9;9;7;12;13;15;22;16;15;12;22;15;19;21;21;21
49;7;7;10;10;9;7;12;14;17;22;15;16;13;23;19;19;21;19
50;8;8;9;11;9;7;7;13;14;17;21;15;17;12;23;21;20;21
51;10;8;8;8;11;9;8;7;14;14;17;21;16;16;12;22;21;18
52;12;10;8;8;8;11;11;8;7;12;13;17;21;15;16;12;22;20
53;9;14;10;8;9;9;11;11;7;5;11;12;16;21;14;16;11;22
54;11;9;16;10;8;10;11;11;11;7;5;11;12;17;20;13;16;11
55;17;11;10;16;10;8;11;11;11;10;7;5;11;13;16;20;15;16
56;6;17;11;10;16;10;9;12;9;10;10;7;6;11;13;15;20;14
57;17;5;17;11;10;16;10;9;12;9;11;10;8;6;11;13;15;20
58;11;18;4;15;11;9;18;10;9;12;9;10;10;8;6;11;13;18
59;10;11;18;4;13;11;11;18;10;10;12;9;10;10;7;6;11;13
60;8;10;11;18;4;13;11;11;18;10;10;12;10;10;9;7;6;12
61;13;7;10;11;18;4;15;14;11;18;10;10;13;10;10;9;7;6
62;13;13;7;10;10;17;4;14;14;10;17;10;10;13;10;11;9;7
63;15;13;12;7;10;11;17;4;14;13;10;17;10;10;13;11;11;10
64;7;16;15;12;6;10;11;17;4;15;13;10;17;9;10;13;11;11
65;8;7;16;15;12;6;10;11;17;4;15;12;10;19;10;10;13;11
66;8;8;8;15;15;13;6;10;11;16;4;15;12;9;19;10;10;13
67;11;8;8;8;15;15;13;6;10;10;16;4;16;12;9;19;10;10
68;8;11;7;8;8;14;15;13;6;8;10;18;4;16;12;10;19;11
69;5;8;10;7;8;8;11;14;13;6;9;10;18;4;15;12;10;18
70;2;6;8;10;7;8;8;10;13;11;6;9;10;16;4;15;12;10
71;6;1;6;7;10;7;8;8;10;12;11;6;9;10;16;4;14;12
72;7;6;1;6;7;10;7;8;7;10;12;11;5;9;10;17;5;11
73;5;7;6;1;6;6;10;7;10;7;10;11;11;6;9;10;16;5
74;5;5;7;6;1;6;6;10;6;8;7;10;11;11;6;9;8;16
75;8;5;5;7;5;1;6;6;10;6;8;7;9;11;10;5;9;9
76;0;8;5;5;7;5;2;5;4;10;6;8;7;9;11;10;4;9
77;5;0;8;4;3;7;5;2;5;4;11;6;7;6;9;10;10;4
78;3;3;0;7;3;3;7;5;2;4;4;11;5;6;5;9;10;8
79;3;3;3;0;7;3;4;6;5;1;4;4;10;5;6;5;7;9
80;2;3;3;3;0;7;2;3;6;5;1;4;3;9;5;5;5;7
81;2;2;3;3;3;0;6;2;3;7;3;1;4;2;9;5;6;5
82;0;3;2;3;3;3;0;6;2;3;7;3;0;4;2;9;6;4
83;2;0;2;2;2;3;3;0;5;3;3;6;3;0;4;2;7;6
84;1;1;0;2;0;2;3;2;0;5;2;3;5;3;0;3;2;7
85;1;1;1;0;2;0;2;2;2;0;5;2;3;4;3;0;3;2
86;0;1;1;1;0;1;0;2;2;2;0;5;2;3;4;3;0;3
87;0;0;0;1;1;0;1;0;2;1;2;0;5;1;3;4;3;0
88;0;0;0;0;1;1;0;1;0;2;1;2;0;4;1;2;3;2
89;1;0;0;0;0;1;1;0;1;0;2;1;1;0;4;1;2;3
90;0;1;0;0;0;0;1;1;0;1;0;2;1;0;0;2;1;2
91;0;0;1;1;0;0;0;0;1;0;1;0;2;1;0;0;2;1
92;0;0;0;1;1;0;0;0;0;1;0;1;0;1;1;0;0;2
93;0;0;0;0;0;1;0;0;0;0;1;0;1;0;1;1;0;0
94;0;0;0;0;0;0;0;0;0;0;0;1;0;1;0;0;1;0
95;0;1;0;0;0;0;0;0;0;0;0;0;1;0;0;0;0;1
96;0;0;1;0;0;0;0;0;0;0;0;0;0;1;0;0;0;0
97;0;0;0;1;0;0;0;0;0;0;0;0;0;0;1;0;0;0
98;0;0;0;0;1;0;0;0;0;0;0;0;0;0;0;1;0;0
99;0;0;0;0;0;1;0;0;0;0;0;0;0;0;0;0;1;0
100 e oltre;0;0;0;0;0;0;1;0;0;0;0;0;0;0;0;0;0;0
Totale;807;821;857;863;846;854;872;886;905;887;928;940;943;963;948;964;982;963
Età/Anno;2002;2003;2004;2005;2006;2007;2008;2009;2010;2011;2012;2013;2014;2015;2016;2017;2018;2019
Età;Femmine
0;6;7;13;8;10;4;4;11;6;6;8;4;10;7;5;9;9;6
1;13;6;8;11;7;10;3;6;13;8;7;9;3;12;8;5;8;9
2;7;10;6;9;11;7;10;3;6;12;8;6;10;5;12;10;3;8
3;6;6;10;6;9;10;7;10;2;5;13;8;5;9;5;12;8;4
4;11;7;8;8;6;9;7;7;10;2;6;11;8;5;8;4;12;7
5;6;11;7;8;9;6;9;9;7;9;3;7;10;7;5;8;4;9
6;10;5;13;8;8;8;6;8;9;8;9;4;5;9;7;6;10;7
7;10;10;5;12;8;8;9;6;9;9;8;9;5;3;9;7;5;10
8;7;11;12;7;12;8;8;10;6;9;9;8;8;5;3;10;7;5
9;6;7;11;11;7;12;9;8;10;6;9;9;7;10;5;3;12;6
10;7;6;7;10;11;7;14;11;8;10;7;9;11;8;10;5;4;11
11;12;7;6;9;10;12;8;15;10;8;11;7;9;11;7;10;5;4
12;7;12;9;6;9;9;12;8;12;8;8;11;7;11;11;7;10;5
13;5;5;12;9;6;9;10;12;8;12;8;9;12;7;9;10;7;9
14;7;5;5;12;9;6;8;11;12;8;11;8;9;12;7;11;10;7
15;13;7;5;5;11;9;6;8;11;12;8;13;9;10;12;7;11;10
16;6;13;7;5;5;11;9;6;8;10;12;8;14;9;9;12;10;11
17;6;6;12;7;5;5;11;9;6;9;10;12;8;13;9;10;12;9
18;6;6;7;12;7;5;7;11;9;6;10;11;12;8;13;10;9;13
19;3;6;6;8;13;7;5;7;11;9;7;9;12;13;8;13;11;10
20;6;4;7;7;8;14;5;5;7;11;10;7;8;13;14;7;11;11
21;11;6;5;9;8;5;12;5;5;6;11;8;9;9;13;14;7;12
22;9;11;8;5;8;8;4;14;7;8;6;11;8;7;8;13;10;8
23;9;10;9;8;2;7;7;5;15;7;9;8;13;9;7;8;14;10
24;8;10;12;10;7;2;10;7;7;14;10;8;10;11;9;8;9;15
25;12;9;11;14;10;7;3;11;6;8;13;9;6;10;12;8;8;11
26;14;11;8;11;13;11;9;3;10;4;8;12;10;7;10;13;11;10
27;14;15;14;8;11;13;11;9;4;9;5;9;8;12;7;9;12;10
28;12;14;19;13;8;11;13;8;9;8;10;8;8;7;12;5;8;11
29;13;13;17;21;14;6;7;17;9;10;10;9;7;8;9;14;5;9
30;23;14;14;15;21;12;5;8;16;8;10;8;10;9;8;8;10;5
31;16;26;15;12;13;22;12;7;8;14;12;10;8;10;9;10;10;9
32;12;17;26;11;10;11;19;12;6;9;10;13;13;6;11;9;11;10
33;14;11;19;26;10;10;10;18;11;7;11;10;13;16;7;9;8;11
34;24;15;13;16;26;11;9;12;14;11;6;10;10;14;15;9;9;6
35;16;23;17;15;14;24;14;11;14;14;13;6;8;10;14;15;9;8
36;12;16;24;17;14;16;27;14;12;16;17;13;5;8;9;12;17;10
37;19;11;16;25;18;14;17;27;14;13;18;14;11;5;8;10;10;18
38;14;17;12;16;24;18;15;18;26;14;13;16;15;11;4;9;9;13
39;16;16;18;12;15;24;20;17;19;24;16;14;16;16;11;4;10;10
40;10;17;16;19;13;14;25;22;17;16;24;17;15;17;15;11;4;10
41;10;10;13;17;19;12;14;25;23;17;15;24;16;13;16;18;10;5
42;9;10;10;13;17;19;12;15;26;23;15;13;24;17;13;13;20;9
43;11;9;10;10;15;17;17;13;14;25;24;15;16;23;17;13;13;16
44;10;11;9;10;10;15;16;16;13;13;25;25;16;15;23;17;13;14
45;11;9;10;9;9;10;16;16;16;14;14;26;24;15;14;23;18;12
46;8;13;8;10;9;9;10;17;16;15;14;14;26;25;17;17;23;17
47;7;8;13;9;10;9;11;10;18;17;14;14;15;26;25;15;16;22
48;10;8;8;14;8;11;9;12;9;17;17;14;13;15;26;23;14;16
49;7;10;8;8;14;9;11;8;11;10;16;17;16;13;15;26;23;14
50;9;7;11;8;8;14;9;13;9;11;10;16;17;16;12;14;24;23
51;5;11;7;11;9;8;15;9;13;8;11;10;16;19;16;12;14;25
52;11;8;12;7;11;9;9;15;9;13;8;11;12;16;18;16;12;16
53;17;11;7;13;6;12;9;7;15;11;13;8;11;11;16;18;16;12
54;11;16;11;7;13;7;13;8;7;15;11;13;9;11;11;16;18;16
55;15;11;16;9;7;12;7;13;8;7;15;11;13;8;11;11;17;17
56;8;15;10;16;8;7;13;8;13;10;7;15;10;13;8;10;11;19
57;12;8;15;10;16;8;8;13;8;12;10;7;14;10;13;8;10;11
58;10;11;9;15;10;15;9;6;13;8;12;10;8;14;10;12;8;10
59;7;7;11;9;15;10;15;9;5;13;9;11;10;9;14;10;12;8
60;13;9;8;11;9;15;10;15;9;5;13;9;10;10;9;14;9;12
61;9;13;9;8;11;9;15;10;15;9;5;13;9;7;9;9;14;10
62;10;9;13;9;8;11;9;15;10;15;10;5;13;9;7;10;9;13
63;6;10;9;13;9;9;12;9;15;10;15;10;6;13;9;7;10;9
64;10;6;10;8;12;9;9;12;8;16;10;15;11;7;13;10;7;10
65;12;10;5;10;8;12;9;6;12;8;16;10;15;12;7;13;10;6
66;4;12;10;5;10;10;12;9;6;12;8;16;10;15;12;7;13;9
67;8;4;12;10;5;10;8;10;9;6;12;8;16;10;15;12;6;12
68;6;8;4;12;9;5;10;8;10;9;7;12;8;16;10;15;12;6
69;6;6;7;4;12;9;5;11;8;10;10;7;12;8;16;10;15;12
70;12;7;5;8;4;12;9;5;10;8;10;10;7;12;8;16;9;15
71;7;12;8;5;7;4;12;9;5;10;8;10;10;7;11;8;16;9
72;6;7;12;8;5;7;4;12;9;5;9;8;10;10;7;11;8;16
73;11;6;7;12;8;5;7;4;12;9;5;9;8;9;10;7;11;7
74;7;11;7;7;12;9;5;6;5;11;9;5;9;7;9;10;7;11
75;4;7;11;7;7;12;10;5;5;5;11;9;5;9;7;9;10;7
76;6;4;8;11;7;7;12;10;5;5;5;11;9;5;9;6;9;8
77;6;6;4;7;11;7;7;12;10;5;5;4;11;9;4;9;6;9
78;3;6;6;4;7;10;7;7;12;10;5;5;4;11;9;4;9;6
79;4;4;6;4;4;7;9;5;7;13;10;5;5;4;11;9;4;7
80;6;3;4;7;5;4;7;9;4;7;12;10;5;5;4;10;9;4
81;2;6;3;4;6;2;2;7;9;3;6;12;10;5;5;4;10;9
82;2;2;6;3;4;5;2;2;7;9;3;5;12;10;5;5;4;9
83;3;2;3;6;3;4;5;2;2;6;9;3;5;12;10;5;5;4
84;2;1;2;3;6;2;6;5;2;2;6;9;3;6;11;8;5;5
85;1;2;1;2;4;5;2;5;5;2;2;6;9;3;6;11;8;5
86;0;1;0;1;0;3;5;1;5;5;2;2;6;9;3;4;11;8
87;1;0;1;0;1;0;2;5;1;5;5;2;2;6;9;3;2;10
88;0;1;0;1;0;1;0;1;4;1;5;5;1;1;4;6;2;2
89;1;0;1;0;1;0;1;0;1;4;1;4;3;1;0;4;6;2
90;2;0;0;1;0;1;0;1;0;1;4;1;3;3;1;0;4;6
91;2;2;0;0;1;0;1;0;1;0;1;4;1;3;2;1;0;5
92;0;2;2;0;0;1;0;1;0;1;0;1;4;1;2;2;1;0
93;0;0;0;2;0;0;0;0;1;0;1;0;0;2;1;1;2;1
94;0;0;0;0;2;0;0;0;0;1;0;1;0;0;1;0;1;2
95;2;0;0;0;0;2;0;0;0;0;1;0;1;0;0;1;0;0
96;0;1;0;0;0;0;1;0;0;0;0;1;0;1;0;0;1;0
97;0;0;1;0;0;0;0;1;0;0;0;0;1;0;1;0;0;0
98;0;0;0;1;0;0;0;0;1;0;0;0;0;1;0;1;0;0
99;0;0;0;0;1;0;0;0;0;1;0;0;0;0;1;0;0;0
100 e oltre;0;0;0;0;0;0;0;0;0;0;1;1;1;1;0;1;0;0
Totale;800;812;852;860;853;844;854;879;880;885;916;914;926;938;927;929;926;925

"Ricostruzione della popolazione intercensuaria - Popolazione al 1° gennaio per età"
"Cittadinanza straniera - Comune: Paitone"
Età/Anno;2002;2003;2004;2005;2006;2007;2008;2009;2010;2011;2012;2013;2014;2015;2016;2017;2018;2019
Età;Totale
0;0;2;1;5;2;8;6;9;6;3;6;9;7;7;3;9;4;2
1;3;1;3;3;2;4;8;7;11;6;4;7;6;5;5;2;5;7
2;1;5;2;3;3;1;3;9;6;10;7;6;8;3;5;5;1;4
3;0;1;5;2;3;2;0;5;8;6;12;6;6;7;3;2;3;1
4;1;0;2;4;2;4;2;0;5;9;6;11;5;4;7;3;3;3
5;1;1;1;2;4;2;4;6;0;5;6;7;10;4;5;3;2;3
6;0;3;1;1;2;3;2;5;5;1;5;7;5;7;4;4;3;1
7;3;1;3;1;1;3;3;2;4;5;3;8;7;5;6;4;4;4
8;0;3;1;2;1;2;4;2;2;3;5;3;8;5;5;5;3;4
9;1;4;3;1;3;2;4;4;2;2;3;4;2;6;5;3;5;3
10;0;1;4;2;0;3;3;4;5;3;3;4;4;2;4;4;2;4
11;1;0;1;3;2;0;4;4;4;6;4;2;7;1;2;2;4;2
12;2;4;0;0;3;2;0;3;5;5;6;5;1;6;1;2;1;5
13;1;3;4;0;0;2;3;0;3;4;6;6;2;1;5;1;2;1
14;1;2;3;2;0;0;2;3;1;3;4;5;5;2;1;4;1;1
15;0;1;1;2;1;1;0;2;3;2;3;3;4;5;2;2;4;3
16;1;1;1;1;2;0;2;1;2;4;2;3;3;3;3;2;2;4
17;0;1;1;1;1;3;0;2;1;3;4;2;1;3;2;1;2;2
18;0;2;1;0;1;2;2;2;2;1;1;4;2;1;2;2;1;1
19;1;0;2;1;1;3;1;5;2;2;1;1;4;2;1;2;2;1
20;0;0;0;3;0;1;3;5;5;2;2;3;2;7;2;3;2;2
21;2;0;0;2;2;1;1;3;5;3;2;1;6;3;6;2;5;1
22;1;3;1;2;2;2;2;2;3;5;2;2;1;6;3;7;3;3
23;2;2;4;3;0;3;3;4;4;4;5;3;1;1;7;5;6;1
24;0;2;2;3;4;1;8;4;4;7;4;6;5;2;0;8;6;5
25;1;4;3;5;5;3;1;8;3;4;11;3;6;3;2;1;7;6
26;1;3;5;7;2;4;1;1;7;1;6;12;5;6;4;3;2;5
27;1;2;6;7;6;3;5;1;2;6;1;8;7;3;5;6;5;2
28;0;1;10;6;8;5;4;8;2;2;8;1;7;8;4;4;5;3
29;2;0;4;9;4;11;6;5;9;8;4;9;3;8;8;2;4;6
30;5;4;3;7;11;6;11;9;5;7;9;9;11;2;7;6;5;6
31;3;4;5;2;6;10;8;13;7;5;8;8;11;8;3;8;6;5
32;6;4;3;4;3;5;8;7;13;5;6;10;4;10;9;3;3;5
33;2;8;4;2;3;6;4;10;10;8;7;7;9;4;9;8;3;3
34;2;1;8;5;1;4;3;5;9;6;8;7;4;7;2;6;5;3
35;1;4;2;5;5;1;4;4;4;6;5;11;7;4;9;4;7;4
36;0;3;4;4;7;5;2;4;4;4;8;5;10;8;4;9;5;6
37;2;0;3;3;5;7;4;2;5;3;5;11;5;7;8;5;9;4
38;0;2;1;3;6;4;6;5;2;6;3;6;10;4;8;7;5;10
39;2;0;3;3;4;6;5;4;6;2;8;6;6;11;6;9;5;5
40;2;3;1;3;3;6;6;7;9;7;3;10;3;4;12;6;8;5
41;1;2;2;3;3;3;6;7;5;10;7;2;12;3;4;11;5;7
42;2;4;2;2;2;3;3;7;5;5;9;7;2;7;3;4;6;6
43;0;1;4;2;4;1;6;5;7;6;3;9;4;2;5;4;5;5
44;1;0;1;1;3;2;3;7;4;5;5;4;7;3;2;4;3;5
45;1;2;0;1;1;3;2;2;6;4;4;6;4;7;3;3;5;4
46;0;1;1;1;1;1;3;2;1;7;3;5;5;2;6;4;3;5
47;2;1;1;0;1;1;3;3;2;1;5;3;4;5;3;4;4;3
48;1;2;1;1;0;1;3;3;3;2;2;5;4;2;5;2;6;4
49;0;1;2;0;1;0;2;4;3;3;2;1;2;3;2;5;2;6
50;0;0;1;2;1;1;0;2;5;4;3;2;2;1;2;2;5;1
51;0;0;0;2;2;1;1;0;1;4;4;3;1;1;0;5;2;4
52;0;0;0;0;2;2;1;1;0;1;5;5;2;1;1;0;5;2
53;1;1;0;0;0;2;2;1;1;0;1;4;5;2;1;1;0;5
54;0;1;1;1;0;0;2;1;1;1;0;1;4;4;2;1;1;0
55;1;0;1;1;1;0;0;2;1;1;1;1;1;3;1;2;1;2
56;0;1;0;2;1;0;0;0;2;1;2;2;1;1;1;1;1;2
57;0;0;1;0;1;1;0;0;0;2;1;3;2;1;1;1;1;1
58;0;0;0;1;1;0;1;0;0;0;2;1;2;2;1;1;1;1
59;0;0;0;0;0;1;0;1;1;0;0;2;1;3;2;1;1;1
60;0;1;0;0;0;0;1;0;1;0;0;0;1;2;2;2;0;1
61;0;0;1;1;0;0;0;1;0;0;0;0;1;1;2;1;1;0
62;0;0;0;1;1;0;0;0;1;0;0;0;0;1;1;2;1;1
63;0;0;0;0;1;1;0;1;0;1;0;0;0;1;1;1;1;1
64;0;0;1;0;0;1;1;0;2;1;3;0;1;0;0;0;1;1
65;0;0;0;1;0;0;1;1;0;2;1;3;1;1;0;0;0;1
66;0;0;0;0;1;0;1;1;2;0;2;1;3;1;1;0;0;0
67;0;0;0;1;0;1;0;1;1;2;0;2;0;2;1;1;0;0
68;0;0;0;0;0;0;1;0;1;0;2;0;2;0;1;1;0;0
69;0;0;2;0;0;1;0;1;0;1;0;2;1;2;0;1;1;0
70;0;0;0;2;0;0;1;0;1;0;1;0;1;0;2;0;1;0
71;0;0;0;0;0;0;0;1;0;1;0;1;0;1;0;1;0;1
72;0;0;0;0;0;0;0;1;2;0;1;0;1;0;1;0;1;0
73;0;0;0;0;0;1;0;0;1;2;0;1;0;1;0;1;0;1
74;0;0;0;0;0;1;1;0;0;1;2;0;1;0;1;0;1;0
75;0;0;0;0;0;0;1;1;0;0;1;2;1;0;0;1;0;1
76;0;0;0;0;0;0;0;1;1;0;0;1;2;0;0;0;1;0
77;0;0;0;0;0;0;0;0;1;1;0;0;1;1;0;0;0;1
78;0;0;0;0;0;0;0;0;0;0;0;0;0;1;1;0;0;0
79;0;1;0;0;0;0;0;0;0;0;0;0;0;0;1;1;0;0
80;0;0;1;0;0;0;0;0;0;0;0;0;0;0;0;0;1;0
81;0;0;0;1;0;0;0;0;0;0;0;0;0;0;0;0;0;1
82;0;0;0;0;1;0;0;0;0;0;0;0;0;0;0;0;0;0
83;0;0;0;0;0;1;0;0;0;0;0;0;0;0;0;0;0;0
84;0;0;0;0;0;0;0;0;0;0;0;0;0;0;0;0;0;0
85;0;0;0;0;0;0;0;0;0;0;0;0;0;0;0;0;0;0
86;0;0;0;0;0;0;0;0;0;0;0;0;0;0;0;0;0;0
87;0;0;0;0;0;0;0;0;0;0;0;0;0;0;0;0;0;0
88;0;0;0;0;0;0;0;0;0;0;0;0;0;0;0;0;0;0
89;0;0;0;0;0;0;0;0;0;0;0;0;0;0;0;0;0;0
90;0;0;0;0;0;0;0;0;0;0;0;0;0;0;0;0;0;0
91;0;0;0;0;0;0;0;0;0;0;0;0;0;0;0;0;0;0
92;0;0;0;0;0;0;0;0;0;0;0;0;0;0;0;0;0;0
93;0;0;0;0;0;0;0;0;0;0;0;0;0;0;0;0;0;0
94;0;0;0;0;0;0;0;0;0;0;0;0;0;0;0;0;0;0
95;0;0;0;0;0;0;0;0;0;0;0;0;0;0;0;0;0;0
96;0;0;0;0;0;0;0;0;0;0;0;0;0;0;0;0;0;0
97;0;0;0;0;0;0;0;0;0;0;0;0;0;0;0;0;0;0
98;0;0;0;0;0;0;0;0;0;0;0;0;0;0;0;0;0;0
99;0;0;0;0;0;0;0;0;0;0;0;0;0;0;0;0;0;0
100 e oltre;0;0;0;0;0;0;0;0;0;0;0;0;0;0;0;0;0;0
Totale;62;105;135;151;150;171;194;244;257;253;278;320;302;263;249;243;227;220
Età/Anno;2002;2003;2004;2005;2006;2007;2008;2009;2010;2011;2012;2013;2014;2015;2016;2017;2018;2019
Età;Maschi
0;0;0;0;2;1;7;2;7;5;1;3;4;3;6;2;6;3;1
1;0;1;1;0;0;1;6;2;9;5;1;4;1;3;4;2;4;6
2;0;0;1;1;0;0;1;7;2;8;5;3;5;0;3;5;1;3
3;0;0;0;1;1;0;0;3;7;4;10;4;4;4;0;1;3;1
4;1;0;0;0;0;3;0;0;3;8;4;10;3;2;5;0;1;3
5;0;1;0;0;0;0;3;2;0;3;5;5;8;2;3;2;0;1
6;0;0;1;0;0;0;1;3;2;0;3;6;4;5;3;3;2;0
7;2;1;0;1;0;0;0;1;2;2;2;5;6;4;4;3;3;2
8;0;2;1;0;1;0;0;0;1;2;2;2;6;4;4;4;2;3
9;0;3;2;1;0;2;1;0;0;2;2;1;1;5;4;2;4;2
10;0;0;3;2;0;0;3;1;1;0;2;3;2;1;3;2;2;3
11;1;0;0;2;2;0;1;4;1;2;0;1;4;1;1;1;2;2
12;2;3;0;0;2;2;0;1;4;2;2;0;0;4;1;1;0;3
13;0;3;3;0;0;1;2;0;1;4;3;3;0;0;4;1;1;0
14;1;1;3;1;0;0;1;2;1;1;4;2;2;0;0;3;1;0
15;0;1;1;2;0;0;0;1;2;2;1;3;2;2;0;1;3;1
16;0;0;1;1;2;0;1;0;1;2;2;1;3;1;2;0;1;3
17;0;1;0;1;1;3;0;1;0;2;2;2;0;3;0;1;0;1
18;0;0;1;0;1;1;2;2;0;0;1;2;2;0;2;1;1;0
19;1;0;0;1;1;2;1;4;2;0;0;1;2;2;0;2;1;1
20;0;0;0;0;0;1;2;3;4;2;0;1;1;3;2;1;2;1
21;0;0;0;1;0;0;1;2;3;3;2;0;3;2;3;2;1;1
22;1;0;0;0;1;0;1;2;2;3;2;2;1;3;2;3;2;1
23;0;2;0;0;0;1;0;1;2;3;3;2;1;1;4;3;3;0
24;0;1;2;0;0;0;2;0;1;3;4;3;3;1;0;6;4;1
25;0;1;2;4;0;0;0;2;0;1;4;3;2;1;2;0;7;3
26;1;1;1;5;1;1;0;0;2;0;3;4;4;1;2;2;1;4
27;1;2;3;2;4;1;1;1;2;1;1;4;1;3;2;4;4;1
28;0;1;8;2;2;3;1;1;0;1;2;0;4;3;4;1;5;2
29;2;0;1;7;1;4;4;3;2;4;3;4;1;3;3;2;1;5
30;3;2;1;4;9;2;5;3;3;1;4;6;4;1;4;1;4;3
31;2;2;2;0;3;8;4;8;2;3;1;4;8;4;1;6;1;4
32;1;2;2;2;0;2;6;3;8;3;3;1;2;7;5;1;1;1
33;2;2;3;2;1;4;0;7;4;5;4;4;0;0;6;5;1;1
34;1;1;2;3;1;1;2;1;4;3;4;3;2;0;0;4;2;1
35;0;4;1;1;2;1;1;2;1;2;3;5;2;2;2;0;5;1
36;0;0;4;1;2;3;2;2;3;3;3;3;3;2;2;2;2;6
37;1;0;0;3;4;3;2;2;2;2;3;4;3;1;2;1;1;2
38;0;1;1;1;6;3;2;4;2;3;2;3;4;2;1;2;1;2
39;2;0;2;3;2;5;3;1;4;2;4;5;3;6;3;1;1;2
40;0;3;1;2;3;3;5;5;4;4;2;6;3;2;7;3;1;2
41;1;0;2;2;2;3;3;6;4;5;4;2;7;3;2;6;3;2
42;2;4;0;2;1;3;3;4;4;3;4;4;2;4;3;2;3;3
43;0;1;4;0;4;1;5;4;4;4;2;4;2;2;3;4;2;3
44;1;0;1;1;0;2;1;5;3;2;3;2;4;1;2;2;3;2
45;0;2;0;1;1;0;2;1;5;3;1;4;3;4;1;2;2;3
46;0;0;1;1;1;1;0;2;0;6;2;2;4;2;2;2;2;2
47;2;1;0;0;1;1;2;0;2;0;4;2;2;4;3;0;2;2
48;1;2;1;0;0;1;1;2;0;2;1;4;3;1;4;2;1;2
49;0;1;2;0;0;0;2;2;2;0;2;0;1;2;1;4;1;2
50;0;0;1;2;0;0;0;2;3;3;0;2;1;1;1;1;4;0
51;0;0;0;2;2;0;0;0;1;2;3;0;1;1;0;3;1;2
52;0;0;0;0;2;2;0;0;0;1;2;3;0;1;0;0;3;1
53;1;0;0;0;0;2;2;0;0;0;1;2;3;0;1;0;0;3
54;0;1;0;0;0;0;2;1;0;0;0;1;2;2;0;1;0;0
55;1;0;1;0;0;0;0;2;1;0;0;1;1;1;1;0;1;1
56;0;1;0;1;0;0;0;0;2;1;0;0;1;1;1;1;0;1
57;0;0;1;0;1;0;0;0;0;2;1;0;0;1;1;0;1;0
58;0;0;0;1;0;0;0;0;0;0;2;1;0;0;1;1;0;1
59;0;0;0;0;0;0;0;0;1;0;0;2;1;1;0;1;1;0
60;0;1;0;0;0;0;0;0;0;0;0;0;1;1;1;0;0;1
61;0;0;1;0;0;0;0;0;0;0;0;0;0;1;1;1;0;0
62;0;0;0;1;0;0;0;0;0;0;0;0;0;0;1;1;1;0
63;0;0;0;0;1;0;0;0;0;0;0;0;0;0;0;1;1;1
64;0;0;0;0;0;1;0;0;0;0;0;0;1;0;0;0;1;1
65;0;0;0;0;0;0;1;0;0;0;0;0;1;1;0;0;0;1
66;0;0;0;0;0;0;1;1;0;0;0;0;0;1;1;0;0;0
67;0;0;0;1;0;0;0;1;1;0;0;0;0;0;1;1;0;0
68;0;0;0;0;0;0;0;0;1;0;0;0;0;0;0;1;0;0
69;0;0;1;0;0;1;0;0;0;1;0;0;0;0;0;0;1;0
70;0;0;0;1;0;0;1;0;0;0;1;0;0;0;0;0;0;0
71;0;0;0;0;0;0;0;1;0;0;0;1;0;0;0;0;0;0
72;0;0;0;0;0;0;0;1;1;0;0;0;1;0;0;0;0;0
73;0;0;0;0;0;0;0;0;1;1;0;0;0;1;0;0;0;0
74;0;0;0;0;0;0;0;0;0;1;1;0;0;0;1;0;0;0
75;0;0;0;0;0;0;0;0;0;0;1;1;0;0;0;1;0;0
76;0;0;0;0;0;0;0;0;0;0;0;1;1;0;0;0;1;0
77;0;0;0;0;0;0;0;0;0;0;0;0;1;0;0;0;0;1
78;0;0;0;0;0;0;0;0;0;0;0;0;0;1;0;0;0;0
79;0;0;0;0;0;0;0;0;0;0;0;0;0;0;1;0;0;0
80;0;0;0;0;0;0;0;0;0;0;0;0;0;0;0;0;0;0
81;0;0;0;0;0;0;0;0;0;0;0;0;0;0;0;0;0;0
82;0;0;0;0;0;0;0;0;0;0;0;0;0;0;0;0;0;0
83;0;0;0;0;0;0;0;0;0;0;0;0;0;0;0;0;0;0
84;0;0;0;0;0;0;0;0;0;0;0;0;0;0;0;0;0;0
85;0;0;0;0;0;0;0;0;0;0;0;0;0;0;0;0;0;0
86;0;0;0;0;0;0;0;0;0;0;0;0;0;0;0;0;0;0
87;0;0;0;0;0;0;0;0;0;0;0;0;0;0;0;0;0;0
88;0;0;0;0;0;0;0;0;0;0;0;0;0;0;0;0;0;0
89;0;0;0;0;0;0;0;0;0;0;0;0;0;0;0;0;0;0
90;0;0;0;0;0;0;0;0;0;0;0;0;0;0;0;0;0;0
91;0;0;0;0;0;0;0;0;0;0;0;0;0;0;0;0;0;0
92;0;0;0;0;0;0;0;0;0;0;0;0;0;0;0;0;0;0
93;0;0;0;0;0;0;0;0;0;0;0;0;0;0;0;0;0;0
94;0;0;0;0;0;0;0;0;0;0;0;0;0;0;0;0;0;0
95;0;0;0;0;0;0;0;0;0;0;0;0;0;0;0;0;0;0
96;0;0;0;0;0;0;0;0;0;0;0;0;0;0;0;0;0;0
97;0;0;0;0;0;0;0;0;0;0;0;0;0;0;0;0;0;0
98;0;0;0;0;0;0;0;0;0;0;0;0;0;0;0;0;0;0
99;0;0;0;0;0;0;0;0;0;0;0;0;0;0;0;0;0;0
100 e oltre;0;0;0;0;0;0;0;0;0;0;0;0;0;0;0;0;0;0
Totale;34;56;70;75;70;86;95;129;135;139;146;168;157;135;136;129;120;115
Età/Anno;2002;2003;2004;2005;2006;2007;2008;2009;2010;2011;2012;2013;2014;2015;2016;2017;2018;2019
Età;Femmine
0;0;2;1;3;1;1;4;2;1;2;3;5;4;1;1;3;1;1
1;3;0;2;3;2;3;2;5;2;1;3;3;5;2;1;0;1;1
2;1;5;1;2;3;1;2;2;4;2;2;3;3;3;2;0;0;1
3;0;1;5;1;2;2;0;2;1;2;2;2;2;3;3;1;0;0
4;0;0;2;4;2;1;2;0;2;1;2;1;2;2;2;3;2;0
5;1;0;1;2;4;2;1;4;0;2;1;2;2;2;2;1;2;2
6;0;3;0;1;2;3;1;2;3;1;2;1;1;2;1;1;1;1
7;1;0;3;0;1;3;3;1;2;3;1;3;1;1;2;1;1;2
8;0;1;0;2;0;2;4;2;1;1;3;1;2;1;1;1;1;1
9;1;1;1;0;3;0;3;4;2;0;1;3;1;1;1;1;1;1
10;0;1;1;0;0;3;0;3;4;3;1;1;2;1;1;2;0;1
11;0;0;1;1;0;0;3;0;3;4;4;1;3;0;1;1;2;0
12;0;1;0;0;1;0;0;2;1;3;4;5;1;2;0;1;1;2
13;1;0;1;0;0;1;1;0;2;0;3;3;2;1;1;0;1;1
14;0;1;0;1;0;0;1;1;0;2;0;3;3;2;1;1;0;1
15;0;0;0;0;1;1;0;1;1;0;2;0;2;3;2;1;1;2
16;1;1;0;0;0;0;1;1;1;2;0;2;0;2;1;2;1;1
17;0;0;1;0;0;0;0;1;1;1;2;0;1;0;2;0;2;1
18;0;2;0;0;0;1;0;0;2;1;0;2;0;1;0;1;0;1
19;0;0;2;0;0;1;0;1;0;2;1;0;2;0;1;0;1;0
20;0;0;0;3;0;0;1;2;1;0;2;2;1;4;0;2;0;1
21;2;0;0;1;2;1;0;1;2;0;0;1;3;1;3;0;4;0
22;0;3;1;2;1;2;1;0;1;2;0;0;0;3;1;4;1;2
23;2;0;4;3;0;2;3;3;2;1;2;1;0;0;3;2;3;1
24;0;1;0;3;4;1;6;4;3;4;0;3;2;1;0;2;2;4
25;1;3;1;1;5;3;1;6;3;3;7;0;4;2;0;1;0;3
26;0;2;4;2;1;3;1;1;5;1;3;8;1;5;2;1;1;1
27;0;0;3;5;2;2;4;0;0;5;0;4;6;0;3;2;1;1
28;0;0;2;4;6;2;3;7;2;1;6;1;3;5;0;3;0;1
29;0;0;3;2;3;7;2;2;7;4;1;5;2;5;5;0;3;1
30;2;2;2;3;2;4;6;6;2;6;5;3;7;1;3;5;1;3
31;1;2;3;2;3;2;4;5;5;2;7;4;3;4;2;2;5;1
32;5;2;1;2;3;3;2;4;5;2;3;9;2;3;4;2;2;4
33;0;6;1;0;2;2;4;3;6;3;3;3;9;4;3;3;2;2
34;1;0;6;2;0;3;1;4;5;3;4;4;2;7;2;2;3;2
35;1;0;1;4;3;0;3;2;3;4;2;6;5;2;7;4;2;3
36;0;3;0;3;5;2;0;2;1;1;5;2;7;6;2;7;3;0
37;1;0;3;0;1;4;2;0;3;1;2;7;2;6;6;4;8;2
38;0;1;0;2;0;1;4;1;0;3;1;3;6;2;7;5;4;8
39;0;0;1;0;2;1;2;3;2;0;4;1;3;5;3;8;4;3
40;2;0;0;1;0;3;1;2;5;3;1;4;0;2;5;3;7;3
41;0;2;0;1;1;0;3;1;1;5;3;0;5;0;2;5;2;5
42;0;0;2;0;1;0;0;3;1;2;5;3;0;3;0;2;3;3
43;0;0;0;2;0;0;1;1;3;2;1;5;2;0;2;0;3;2
44;0;0;0;0;3;0;2;2;1;3;2;2;3;2;0;2;0;3
45;1;0;0;0;0;3;0;1;1;1;3;2;1;3;2;1;3;1
46;0;1;0;0;0;0;3;0;1;1;1;3;1;0;4;2;1;3
47;0;0;1;0;0;0;1;3;0;1;1;1;2;1;0;4;2;1
48;0;0;0;1;0;0;2;1;3;0;1;1;1;1;1;0;5;2
49;0;0;0;0;1;0;0;2;1;3;0;1;1;1;1;1;1;4
50;0;0;0;0;1;1;0;0;2;1;3;0;1;0;1;1;1;1
51;0;0;0;0;0;1;1;0;0;2;1;3;0;0;0;2;1;2
52;0;0;0;0;0;0;1;1;0;0;3;2;2;0;1;0;2;1
53;0;1;0;0;0;0;0;1;1;0;0;2;2;2;0;1;0;2
54;0;0;1;1;0;0;0;0;1;1;0;0;2;2;2;0;1;0
55;0;0;0;1;1;0;0;0;0;1;1;0;0;2;0;2;0;1
56;0;0;0;1;1;0;0;0;0;0;2;2;0;0;0;0;1;1
57;0;0;0;0;0;1;0;0;0;0;0;3;2;0;0;1;0;1
58;0;0;0;0;1;0;1;0;0;0;0;0;2;2;0;0;1;0
59;0;0;0;0;0;1;0;1;0;0;0;0;0;2;2;0;0;1
60;0;0;0;0;0;0;1;0;1;0;0;0;0;1;1;2;0;0
61;0;0;0;1;0;0;0;1;0;0;0;0;1;0;1;0;1;0
62;0;0;0;0;1;0;0;0;1;0;0;0;0;1;0;1;0;1
63;0;0;0;0;0;1;0;1;0;1;0;0;0;1;1;0;0;0
64;0;0;1;0;0;0;1;0;2;1;3;0;0;0;0;0;0;0
65;0;0;0;1;0;0;0;1;0;2;1;3;0;0;0;0;0;0
66;0;0;0;0;1;0;0;0;2;0;2;1;3;0;0;0;0;0
67;0;0;0;0;0;1;0;0;0;2;0;2;0;2;0;0;0;0
68;0;0;0;0;0;0;1;0;0;0;2;0;2;0;1;0;0;0
69;0;0;1;0;0;0;0;1;0;0;0;2;1;2;0;1;0;0
70;0;0;0;1;0;0;0;0;1;0;0;0;1;0;2;0;1;0
71;0;0;0;0;0;0;0;0;0;1;0;0;0;1;0;1;0;1
72;0;0;0;0;0;0;0;0;1;0;1;0;0;0;1;0;1;0
73;0;0;0;0;0;1;0;0;0;1;0;1;0;0;0;1;0;1
74;0;0;0;0;0;1;1;0;0;0;1;0;1;0;0;0;1;0
75;0;0;0;0;0;0;1;1;0;0;0;1;1;0;0;0;0;1
76;0;0;0;0;0;0;0;1;1;0;0;0;1;0;0;0;0;0
77;0;0;0;0;0;0;0;0;1;1;0;0;0;1;0;0;0;0
78;0;0;0;0;0;0;0;0;0;0;0;0;0;0;1;0;0;0
79;0;1;0;0;0;0;0;0;0;0;0;0;0;0;0;1;0;0
80;0;0;1;0;0;0;0;0;0;0;0;0;0;0;0;0;1;0
81;0;0;0;1;0;0;0;0;0;0;0;0;0;0;0;0;0;1
82;0;0;0;0;1;0;0;0;0;0;0;0;0;0;0;0;0;0
83;0;0;0;0;0;1;0;0;0;0;0;0;0;0;0;0;0;0
84;0;0;0;0;0;0;0;0;0;0;0;0;0;0;0;0;0;0
85;0;0;0;0;0;0;0;0;0;0;0;0;0;0;0;0;0;0
86;0;0;0;0;0;0;0;0;0;0;0;0;0;0;0;0;0;0
87;0;0;0;0;0;0;0;0;0;0;0;0;0;0;0;0;0;0
88;0;0;0;0;0;0;0;0;0;0;0;0;0;0;0;0;0;0
89;0;0;0;0;0;0;0;0;0;0;0;0;0;0;0;0;0;0
90;0;0;0;0;0;0;0;0;0;0;0;0;0;0;0;0;0;0
91;0;0;0;0;0;0;0;0;0;0;0;0;0;0;0;0;0;0
92;0;0;0;0;0;0;0;0;0;0;0;0;0;0;0;0;0;0
93;0;0;0;0;0;0;0;0;0;0;0;0;0;0;0;0;0;0
94;0;0;0;0;0;0;0;0;0;0;0;0;0;0;0;0;0;0
95;0;0;0;0;0;0;0;0;0;0;0;0;0;0;0;0;0;0
96;0;0;0;0;0;0;0;0;0;0;0;0;0;0;0;0;0;0
97;0;0;0;0;0;0;0;0;0;0;0;0;0;0;0;0;0;0
98;0;0;0;0;0;0;0;0;0;0;0;0;0;0;0;0;0;0
99;0;0;0;0;0;0;0;0;0;0;0;0;0;0;0;0;0;0
100 e oltre;0;0;0;0;0;0;0;0;0;0;0;0;0;0;0;0;0;0
Totale;28;49;65;76;80;85;99;115;122;114;132;152;145;128;113;114;107;105
