"Popolazione per età, vista per singola area - Comune: 035021 - Fabbrico"

"Ricostruzione della popolazione intercensuaria - Popolazione al 1° gennaio per età"
"Tutte le cittadinanze - Comune: Fabbrico"
Età/Anno;2002;2003;2004;2005;2006;2007;2008;2009;2010;2011;2012;2013;2014;2015;2016;2017;2018;2019
Età;Totale
0;57;45;85;84;72;76;68;88;76;85;81;69;87;68;47;57;61;48
1;53;61;48;89;87;76;79;69;91;74;81;81;67;85;66;50;60;60
2;47;54;63;49;89;93;79;81;72;88;72;81;80;69;81;73;49;63
3;48;51;56;69;52;88;99;82;83;74;92;74;77;79;66;86;69;55
4;43;49;47;62;70;53;94;102;86;85;76;90;81;77;80;68;87;68
5;39;48;49;50;61;70;54;93;103;88;90;80;90;84;73;83;67;87
6;44;42;46;60;51;60;74;56;93;98;89;91;79;92;80;78;85;69
7;41;46;43;48;62;53;59;75;57;93;99;90;92;78;87;83;79;86
8;37;43;44;50;53;66;56;61;78;55;96;96;90;91;74;85;79;78
9;50;38;43;45;50;51;69;62;59;82;56;94;95;89;88;68;85;80
10;37;53;40;47;48;53;52;70;64;59;81;58;97;94;88;86;67;84
11;43;43;51;41;44;49;53;52;68;66;60;82;56;91;89;80;83;67
12;29;46;46;53;42;45;51;57;55;67;65;59;74;54;92;88;79;78
13;44;28;45;47;56;43;48;53;56;57;70;65;58;71;56;91;89;78
14;37;46;27;50;43;61;41;51;54;55;57;67;62;59;69;50;89;89
15;36;38;49;31;49;47;64;39;52;54;54;54;65;62;59;68;52;84
16;42;35;37;51;30;52;51;60;39;54;54;56;53;64;59;56;69;54
17;31;40;37;36;52;34;53;51;62;40;54;56;56;52;62;56;54;67
18;49;30;40;41;35;54;39;53;51;64;40;52;59;56;54;60;57;56
19;45;46;34;47;46;42;53;41;56;55;67;42;54;59;56;51;59;61
20;41;47;53;32;50;44;48;55;45;55;54;66;37;52;63;56;54;60
21;50;43;54;54;34;53;47;46;56;48;58;59;65;39;57;65;60;56
22;45;55;48;63;55;34;56;47;48;62;51;57;63;70;38;53;60;55
23;65;51;64;57;70;57;42;62;53;50;64;56;56;68;71;37;50;63
24;65;67;63;72;60;69;60;56;70;55;51;66;55;56;64;70;42;58
25;71;67;78;73;73;72;67;70;64;71;53;56;72;61;55;64;74;41
26;76;80;68;95;73;77;87;73;69;71;76;57;58;63;61;61;66;77
27;118;73;95;85;97;69;78;88;77;66;71;75;59;58;64;61;62;73
28;115;129;77;103;90;95;70;90;95;88;68;74;76;58;54;68;57;62
29;119;116;142;92;100;85;100;83;91;89;88;72;71;75;53;58;66;62
30;92;125;110;150;104;100;91;113;81;98;95;92;72;74;76;56;66;61
31;86;96;129;121;152;103;107;101;103;80;95;100;87;70;70;82;59;65
32;93;90;106;126;128;153;105;110;104;97;78;99;102;93;72;67;86;57
33;94;97;92;111;127;121;154;114;113;101;102;82;102;102;91;70;66;86
34;81;92;99;95;111;128;127;163;115;108;101;103;80;98;97;92;75;66
35;91;81;100;109;101;113;130;128;159;114;105;98;104;84;98;98;90;80
36;102;98;87;104;109;99;117;135;129;158;109;105;98;113;86;92;90;91
37;77;104;106;90;100;104;103;117;127;124;155;109;103;97;103;85;87;90
38;86;80;101;101;87;101;100;102;120;125;118;153;109;104;101;101;86;86
39;89;88;81;107;98;87;109;102;104;119;124;115;156;105;106;101;104;86
40;83;91;89;86;106;101;84;111;104;104;119;124;119;159;104;106;104;97
41;73;84;93;88;86;108;104;85;111;103;108;117;123;117;160;103;103;103
42;71;73;84;96;87;91;114;99;87;111;103;109;114;124;118;152;106;105
43;67;73;75;88;97;94;94;114;99;90;111;107;106;116;121;110;150;104
44;76;69;79;78;88;100;93;97;117;96;89;107;106;107;117;116;108;150
45;62;74;74;81;78;91;103;94;91;113;93;89;107;104;106;113;119;107
46;82;66;76;77;77;78;92;105;98;88;113;91;92;103;102;97;112;125
47;58;81;66;83;78;74;80;89;108;98;88;113;87;96;99;99;93;108
48;69;59;83;70;87;81;74;82;88;107;97;89;112;85;94;99;97;95
49;57;70;59;82;72;86;85;73;79;91;106;93;89;111;84;88;103;97
50;55;59;73;62;82;73;84;82;73;78;89;106;92;92;110;86;89;101
51;61;56;59;74;59;79;73;84;80;74;78;91;102;95;88;109;86;95
52;75;60;56;62;74;60;82;77;85;79;74;79;86;101;94;85;112;88
53;96;74;62;58;60;72;60;84;76;84;77;76;83;86;100;96;84;109
54;81;97;73;61;59;59;72;61;89;73;85;78;79;75;85;101;94;84
55;77;82;96;74;62;59;58;72;62;86;73;83;76;80;76;83;103;95
56;55;78;84;97;76;62;62;61;72;63;86;76;81;73;79;77;85;101
57;72;54;78;85;99;77;61;65;61;74;62;87;75;75;72;79;79;82
58;70;72;55;77;84;99;75;63;64;62;72;62;86;72;75;72;77;79
59;76;69;71;55;77;84;97;79;66;60;61;70;64;89;70;73;69;75
60;61;73;69;74;53;77;84;98;79;67;62;61;71;66;88;69;77;67
61;72;58;73;71;75;53;77;87;96;76;65;61;62;73;65;86;71;81
62;78;72;57;72;73;71;53;77;90;98;76;63;61;62;74;64;89;72
63;66;80;71;55;72;73;68;54;76;88;97;75;66;61;61;73;66;90
64;72;64;75;71;56;72;72;69;54;75;89;97;75;68;60;61;75;62
65;63;72;63;74;69;57;71;72;69;57;75;90;97;73;67;59;61;75
66;78;62;74;62;74;70;60;71;69;67;55;75;88;97;73;66;58;60
67;62;78;62;72;62;75;71;60;70;67;67;55;74;88;95;72;64;60
68;62;61;75;62;72;61;75;71;62;70;67;67;53;75;83;95;68;64
69;70;62;62;75;61;73;60;76;68;64;67;67;67;52;75;83;96;67
70;57;67;61;61;72;58;73;61;76;66;63;67;64;65;51;76;82;95
71;65;57;66;59;62;70;55;71;64;75;65;65;64;62;65;50;76;82
72;66;64;57;64;57;60;70;55;73;62;73;64;64;62;62;64;51;77
73;68;67;61;54;64;55;59;70;55;72;60;74;64;63;60;63;62;52
74;53;66;65;59;52;60;56;57;67;55;73;57;71;66;62;62;62;62
75;56;53;66;65;59;52;60;56;57;66;55;72;56;71;63;60;59;62
76;60;52;52;63;62;60;48;58;55;55;63;53;71;54;67;59;57;59
77;52;58;50;50;60;61;62;48;59;55;49;60;52;70;54;62;56;54
78;55;51;52;48;49;59;60;61;45;52;51;48;59;50;70;54;61;56
79;48;55;52;51;49;47;56;58;57;45;50;49;43;57;46;68;54;60
80;54;45;52;51;50;46;47;52;54;51;42;49;49;42;50;47;66;52
81;59;49;42;48;46;48;44;45;51;50;49;42;47;47;41;48;45;62
82;36;57;49;40;45;44;45;43;42;49;48;47;39;47;45;39;47;43
83;15;34;57;45;38;44;45;42;41;37;48;46;45;37;43;45;38;42
84;16;15;31;48;42;37;40;43;39;34;36;49;44;43;35;39;41;38
85;25;14;14;25;37;40;34;39;42;39;33;35;45;43;42;34;37;40
86;22;20;14;13;23;30;37;31;39;39;34;31;29;39;37;43;33;35
87;18;19;14;12;6;22;29;29;28;36;34;32;28;26;34;36;33;32
88;21;16;17;13;9;6;20;24;27;27;34;31;30;27;22;25;27;28
89;20;18;14;15;10;7;4;15;22;28;23;28;29;27;26;20;22;24
90;19;18;19;15;14;9;7;3;15;20;25;17;23;21;23;22;16;18
91;6;12;15;18;12;12;4;6;3;14;20;22;16;19;18;20;14;12
92;4;3;8;14;13;9;12;3;6;4;11;19;20;14;15;15;12;11
93;3;4;2;8;10;12;7;9;2;6;4;10;13;17;8;14;12;10
94;3;3;2;2;7;8;12;5;7;2;5;3;9;11;10;8;6;7
95;8;1;3;1;2;6;6;10;4;5;2;3;1;9;7;6;7;5
96;5;3;1;2;1;2;5;5;6;4;4;1;2;0;5;5;4;6
97;0;3;2;1;1;1;2;4;4;7;1;3;1;1;0;4;5;3
98;1;0;1;2;1;1;1;1;4;3;5;1;2;0;1;0;1;3
99;0;1;0;1;2;1;1;1;1;3;3;3;1;1;0;0;0;1
100 e oltre;0;0;1;1;1;1;2;0;0;1;3;3;3;2;2;0;0;0
Totale;5523;5609;5789;6061;6122;6208;6375;6568;6666;6697;6720;6773;6774;6782;6665;6614;6603;6616
Età/Anno;2002;2003;2004;2005;2006;2007;2008;2009;2010;2011;2012;2013;2014;2015;2016;2017;2018;2019
Età;Maschi
0;24;21;46;43;42;41;41;47;40;34;41;34;41;35;21;33;29;22
1;26;27;21;47;44;44;41;43;50;40;32;41;35;38;34;22;32;28
2;26;28;29;24;46;46;46;41;40;47;42;31;40;37;38;43;22;31
3;21;29;27;32;23;44;48;47;43;40;49;43;28;39;35;40;43;26
4;17;23;27;31;32;24;50;48;50;46;40;49;46;27;42;37;39;44
5;21;21;22;29;28;33;26;50;48;48;49;42;51;44;25;42;34;40
6;30;23;20;27;31;29;37;26;50;47;51;51;41;53;44;29;45;35
7;23;31;25;20;29;33;29;35;27;52;48;53;52;42;51;46;32;45
8;16;24;28;29;23;28;37;31;38;28;55;45;53;51;40;50;44;34
9;32;18;23;29;31;22;27;40;30;37;27;53;45;51;49;36;50;45
10;20;34;19;25;32;32;23;29;42;30;38;29;53;45;51;48;35;49
11;21;22;32;18;22;33;33;22;28;43;31;39;28;50;44;46;47;35
12;15;24;24;33;20;23;33;35;25;27;42;32;36;27;51;45;45;45
13;29;14;24;23;35;21;24;34;33;25;28;42;31;35;28;52;44;44
14;20;30;13;27;20;36;19;27;34;32;26;26;40;32;35;24;50;44
15;12;21;33;15;25;23;39;18;27;35;31;26;26;39;32;36;24;49
16;16;12;20;34;12;26;26;35;18;28;34;34;24;27;37;31;37;28
17;19;15;14;19;37;14;29;26;37;18;28;34;33;25;24;35;29;37
18;22;20;15;16;20;38;17;29;27;38;18;27;37;33;26;24;37;30
19;22;22;22;19;19;23;37;19;30;28;38;20;28;39;35;23;23;39
20;20;25;26;21;18;19;28;38;22;31;26;37;20;29;41;35;25;23
21;26;19;29;27;20;21;20;27;40;23;31;27;39;18;31;43;38;26
22;24;29;23;36;28;21;24;19;26;40;25;30;32;40;19;28;44;36
23;28;27;33;29;40;29;27;27;22;26;40;28;27;36;43;19;27;42
24;25;30;35;38;30;39;28;33;32;25;28;46;25;25;34;42;22;29
25;47;25;37;43;40;34;37;38;32;32;23;29;46;27;27;34;42;23
26;29;49;27;51;44;39;42;37;32;37;34;25;33;37;29;30;32;45
27;64;29;59;37;51;42;38;42;41;33;37;35;26;32;38;30;30;37
28;60;69;29;65;40;45;44;43;42;45;34;39;36;26;30;39;27;30
29;63;60;76;39;61;41;45;51;44;40;46;36;37;38;26;32;37;30
30;62;70;57;81;47;62;46;53;47;54;42;47;35;39;38;27;35;37
31;49;61;71;66;80;48;60;48;48;49;53;47;43;30;38;40;29;34
32;47;52;70;72;72;83;53;59;52;46;42;57;48;49;35;36;43;28
33;57;48;55;71;70;67;82;59;64;53;46;43;57;50;51;32;36;45
34;37;54;51;57;71;71;72;82;56;58;54;45;42;53;45;49;34;33
35;50;38;56;56;61;74;72;73;79;56;56;52;44;44;52;46;47;37
36;63;53;44;60;57;59;76;79;75;80;54;56;56;50;46;54;43;47
37;37;64;57;49;62;56;62;78;72;75;78;55;56;52;47;45;50;44
38;48;41;60;52;46;62;52;63;76;71;70;75;58;58;52;48;47;46
39;42;50;41;64;51;45;67;50;62;74;71;69;75;54;56;54;49;48
40;45;42;52;44;63;51;41;68;52;62;74;69;70;76;53;58;55;49
41;42;45;44;51;45;64;51;41;69;50;63;72;65;69;78;52;59;55
42;40;45;47;47;50;50;68;47;42;70;51;63;73;63;68;76;50;60
43;35;42;45;49;44;52;52;68;49;45;68;54;62;74;65;63;76;52
44;41;37;45;44;49;48;50;53;70;49;42;66;51;62;74;63;60;76
45;28;39;39;45;43;51;49;50;48;66;48;42;65;52;61;72;64;59
46;42;30;38;40;42;42;48;49;51;45;66;46;42;63;52;56;72;69
47;35;42;30;40;41;40;44;48;51;51;46;66;43;45;61;52;54;69
48;30;36;44;33;41;43;41;45;49;50;50;45;64;43;43;59;50;56
49;26;31;36;44;34;41;46;41;44;52;50;48;45;62;42;40;58;49
50;27;28;31;36;44;34;40;43;40;44;50;50;46;48;61;43;43;56
51;26;27;28;31;34;41;34;38;40;40;43;52;47;46;46;62;43;44
52;31;25;27;30;31;34;42;36;38;38;39;44;49;47;46;45;62;43
53;41;31;26;27;28;28;33;42;36;38;38;41;46;47;47;48;43;59
54;40;42;30;25;27;27;28;34;43;35;37;38;42;42;46;47;45;41
55;40;40;40;30;27;27;27;28;35;42;36;36;37;42;43;46;47;45
56;29;40;41;39;30;27;30;27;28;36;42;37;35;36;40;43;47;47
57;34;29;39;41;40;31;26;31;26;29;36;43;37;33;35;41;44;46
58;36;34;29;38;40;40;30;26;31;26;29;36;43;35;33;36;40;45
59;40;36;34;30;37;40;38;32;30;29;26;29;35;45;31;31;34;41
60;30;39;36;37;30;37;40;40;32;30;29;27;29;37;45;32;31;34
61;36;27;37;36;37;29;37;40;38;31;29;28;27;29;37;43;32;32
62;30;36;27;36;38;35;29;37;41;38;31;27;29;27;29;36;45;32
63;29;31;35;26;36;38;32;29;37;40;38;30;29;29;27;28;36;44
64;32;28;29;35;25;37;38;33;29;37;40;38;30;29;28;27;30;35
65;26;32;27;29;35;25;37;37;32;32;37;40;38;29;28;27;28;30
66;41;25;31;27;29;36;26;37;34;29;31;37;39;37;30;28;27;27
67;37;41;25;30;26;29;37;25;36;31;29;31;37;38;37;29;28;28
68;31;36;38;25;30;25;29;36;27;36;31;29;30;38;35;37;29;27
69;36;31;37;38;24;31;24;29;34;29;35;30;29;29;38;35;37;28
70;21;34;31;36;37;23;31;24;29;34;28;35;29;28;28;39;34;37
71;25;21;33;28;36;36;20;29;27;29;33;29;34;27;28;28;41;34
72;28;24;21;31;27;35;37;20;27;26;29;32;28;32;26;28;28;42
73;31;28;23;19;30;25;34;37;20;27;24;30;32;28;31;26;26;28
74;30;29;27;23;19;28;25;33;34;20;27;23;28;33;27;33;25;26
75;25;30;29;27;23;19;27;25;33;33;20;27;22;27;30;26;31;25
76;24;22;29;28;24;23;19;25;25;32;30;19;28;21;25;27;23;31
77;20;22;21;27;26;22;23;19;26;25;26;28;19;28;21;19;26;23
78;22;19;18;21;25;25;22;22;19;22;21;25;27;19;28;21;19;26
79;18;22;19;18;21;23;22;20;22;19;21;21;22;27;17;27;21;19
80;19;16;22;18;18;21;24;21;18;18;17;20;21;20;22;18;27;20
81;27;15;15;18;17;16;20;22;22;15;17;17;18;19;20;21;18;25
82;10;26;15;13;17;15;14;19;23;21;14;15;17;18;19;19;20;17
83;5;10;26;12;13;17;16;15;18;19;20;13;14;15;18;18;18;17
84;5;5;7;21;11;12;15;16;14;14;19;20;12;13;14;16;15;18
85;9;3;5;4;13;11;12;14;15;14;14;19;18;11;13;13;15;15
86;11;7;3;5;3;11;11;12;13;14;13;12;15;17;10;13;13;14
87;5;10;5;1;1;2;10;6;11;12;11;12;10;14;13;10;9;14
88;7;5;8;5;0;1;2;6;6;10;11;10;11;9;12;7;6;8
89;6;6;5;7;2;0;1;2;5;6;9;9;9;10;8;11;5;6
90;4;4;6;5;6;2;0;1;3;5;6;8;8;5;7;6;8;4
91;0;2;4;6;5;6;0;0;1;3;5;5;8;7;4;6;2;6
92;1;0;2;4;4;3;6;0;0;1;3;5;5;6;6;1;4;2
93;2;1;0;2;2;4;3;3;0;0;1;2;4;4;3;6;0;3
94;0;2;0;0;2;1;3;3;2;0;0;1;2;3;2;2;3;0
95;3;0;2;0;0;2;1;3;2;2;0;0;0;2;0;0;2;3
96;1;2;0;1;0;0;2;1;2;2;1;0;0;0;1;0;0;2
97;0;0;2;0;0;0;0;1;0;2;0;1;0;0;0;0;0;0
98;0;0;0;2;0;0;0;0;1;0;2;0;1;0;0;0;0;0
99;0;0;0;0;2;0;0;0;0;1;0;1;0;0;0;0;0;0
100 e oltre;0;0;0;0;0;0;0;0;0;0;1;1;0;0;0;0;0;0
Totale;2705;2764;2865;3019;3044;3086;3184;3270;3311;3327;3325;3363;3359;3351;3312;3301;3286;3313
Età/Anno;2002;2003;2004;2005;2006;2007;2008;2009;2010;2011;2012;2013;2014;2015;2016;2017;2018;2019
Età;Femmine
0;33;24;39;41;30;35;27;41;36;51;40;35;46;33;26;24;32;26
1;27;34;27;42;43;32;38;26;41;34;49;40;32;47;32;28;28;32
2;21;26;34;25;43;47;33;40;32;41;30;50;40;32;43;30;27;32
3;27;22;29;37;29;44;51;35;40;34;43;31;49;40;31;46;26;29
4;26;26;20;31;38;29;44;54;36;39;36;41;35;50;38;31;48;24
5;18;27;27;21;33;37;28;43;55;40;41;38;39;40;48;41;33;47
6;14;19;26;33;20;31;37;30;43;51;38;40;38;39;36;49;40;34
7;18;15;18;28;33;20;30;40;30;41;51;37;40;36;36;37;47;41
8;21;19;16;21;30;38;19;30;40;27;41;51;37;40;34;35;35;44
9;18;20;20;16;19;29;42;22;29;45;29;41;50;38;39;32;35;35
10;17;19;21;22;16;21;29;41;22;29;43;29;44;49;37;38;32;35
11;22;21;19;23;22;16;20;30;40;23;29;43;28;41;45;34;36;32
12;14;22;22;20;22;22;18;22;30;40;23;27;38;27;41;43;34;33
13;15;14;21;24;21;22;24;19;23;32;42;23;27;36;28;39;45;34
14;17;16;14;23;23;25;22;24;20;23;31;41;22;27;34;26;39;45
15;24;17;16;16;24;24;25;21;25;19;23;28;39;23;27;32;28;35
16;26;23;17;17;18;26;25;25;21;26;20;22;29;37;22;25;32;26
17;12;25;23;17;15;20;24;25;25;22;26;22;23;27;38;21;25;30
18;27;10;25;25;15;16;22;24;24;26;22;25;22;23;28;36;20;26
19;23;24;12;28;27;19;16;22;26;27;29;22;26;20;21;28;36;22
20;21;22;27;11;32;25;20;17;23;24;28;29;17;23;22;21;29;37
21;24;24;25;27;14;32;27;19;16;25;27;32;26;21;26;22;22;30
22;21;26;25;27;27;13;32;28;22;22;26;27;31;30;19;25;16;19
23;37;24;31;28;30;28;15;35;31;24;24;28;29;32;28;18;23;21
24;40;37;28;34;30;30;32;23;38;30;23;20;30;31;30;28;20;29
25;24;42;41;30;33;38;30;32;32;39;30;27;26;34;28;30;32;18
26;47;31;41;44;29;38;45;36;37;34;42;32;25;26;32;31;34;32
27;54;44;36;48;46;27;40;46;36;33;34;40;33;26;26;31;32;36
28;55;60;48;38;50;50;26;47;53;43;34;35;40;32;24;29;30;32
29;56;56;66;53;39;44;55;32;47;49;42;36;34;37;27;26;29;32
30;30;55;53;69;57;38;45;60;34;44;53;45;37;35;38;29;31;24
31;37;35;58;55;72;55;47;53;55;31;42;53;44;40;32;42;30;31
32;46;38;36;54;56;70;52;51;52;51;36;42;54;44;37;31;43;29
33;37;49;37;40;57;54;72;55;49;48;56;39;45;52;40;38;30;41
34;44;38;48;38;40;57;55;81;59;50;47;58;38;45;52;43;41;33
35;41;43;44;53;40;39;58;55;80;58;49;46;60;40;46;52;43;43
36;39;45;43;44;52;40;41;56;54;78;55;49;42;63;40;38;47;44
37;40;40;49;41;38;48;41;39;55;49;77;54;47;45;56;40;37;46
38;38;39;41;49;41;39;48;39;44;54;48;78;51;46;49;53;39;40
39;47;38;40;43;47;42;42;52;42;45;53;46;81;51;50;47;55;38
40;38;49;37;42;43;50;43;43;52;42;45;55;49;83;51;48;49;48
41;31;39;49;37;41;44;53;44;42;53;45;45;58;48;82;51;44;48
42;31;28;37;49;37;41;46;52;45;41;52;46;41;61;50;76;56;45
43;32;31;30;39;53;42;42;46;50;45;43;53;44;42;56;47;74;52
44;35;32;34;34;39;52;43;44;47;47;47;41;55;45;43;53;48;74
45;34;35;35;36;35;40;54;44;43;47;45;47;42;52;45;41;55;48
46;40;36;38;37;35;36;44;56;47;43;47;45;50;40;50;41;40;56
47;23;39;36;43;37;34;36;41;57;47;42;47;44;51;38;47;39;39
48;39;23;39;37;46;38;33;37;39;57;47;44;48;42;51;40;47;39
49;31;39;23;38;38;45;39;32;35;39;56;45;44;49;42;48;45;48
50;28;31;42;26;38;39;44;39;33;34;39;56;46;44;49;43;46;45
51;35;29;31;43;25;38;39;46;40;34;35;39;55;49;42;47;43;51
52;44;35;29;32;43;26;40;41;47;41;35;35;37;54;48;40;50;45
53;55;43;36;31;32;44;27;42;40;46;39;35;37;39;53;48;41;50
54;41;55;43;36;32;32;44;27;46;38;48;40;37;33;39;54;49;43
55;37;42;56;44;35;32;31;44;27;44;37;47;39;38;33;37;56;50
56;26;38;43;58;46;35;32;34;44;27;44;39;46;37;39;34;38;54
57;38;25;39;44;59;46;35;34;35;45;26;44;38;42;37;38;35;36
58;34;38;26;39;44;59;45;37;33;36;43;26;43;37;42;36;37;34
59;36;33;37;25;40;44;59;47;36;31;35;41;29;44;39;42;35;34
60;31;34;33;37;23;40;44;58;47;37;33;34;42;29;43;37;46;33
61;36;31;36;35;38;24;40;47;58;45;36;33;35;44;28;43;39;49
62;48;36;30;36;35;36;24;40;49;60;45;36;32;35;45;28;44;40
63;37;49;36;29;36;35;36;25;39;48;59;45;37;32;34;45;30;46
64;40;36;46;36;31;35;34;36;25;38;49;59;45;39;32;34;45;27
65;37;40;36;45;34;32;34;35;37;25;38;50;59;44;39;32;33;45
66;37;37;43;35;45;34;34;34;35;38;24;38;49;60;43;38;31;33
67;25;37;37;42;36;46;34;35;34;36;38;24;37;50;58;43;36;32
68;31;25;37;37;42;36;46;35;35;34;36;38;23;37;48;58;39;37
69;34;31;25;37;37;42;36;47;34;35;32;37;38;23;37;48;59;39
70;36;33;30;25;35;35;42;37;47;32;35;32;35;37;23;37;48;58
71;40;36;33;31;26;34;35;42;37;46;32;36;30;35;37;22;35;48
72;38;40;36;33;30;25;33;35;46;36;44;32;36;30;36;36;23;35
73;37;39;38;35;34;30;25;33;35;45;36;44;32;35;29;37;36;24
74;23;37;38;36;33;32;31;24;33;35;46;34;43;33;35;29;37;36
75;31;23;37;38;36;33;33;31;24;33;35;45;34;44;33;34;28;37
76;36;30;23;35;38;37;29;33;30;23;33;34;43;33;42;32;34;28
77;32;36;29;23;34;39;39;29;33;30;23;32;33;42;33;43;30;31
78;33;32;34;27;24;34;38;39;26;30;30;23;32;31;42;33;42;30
79;30;33;33;33;28;24;34;38;35;26;29;28;21;30;29;41;33;41
80;35;29;30;33;32;25;23;31;36;33;25;29;28;22;28;29;39;32
81;32;34;27;30;29;32;24;23;29;35;32;25;29;28;21;27;27;37
82;26;31;34;27;28;29;31;24;19;28;34;32;22;29;26;20;27;26
83;10;24;31;33;25;27;29;27;23;18;28;33;31;22;25;27;20;25
84;11;10;24;27;31;25;25;27;25;20;17;29;32;30;21;23;26;20
85;16;11;9;21;24;29;22;25;27;25;19;16;27;32;29;21;22;25
86;11;13;11;8;20;19;26;19;26;25;21;19;14;22;27;30;20;21
87;13;9;9;11;5;20;19;23;17;24;23;20;18;12;21;26;24;18
88;14;11;9;8;9;5;18;18;21;17;23;21;19;18;10;18;21;20
89;14;12;9;8;8;7;3;13;17;22;14;19;20;17;18;9;17;18
90;15;14;13;10;8;7;7;2;12;15;19;9;15;16;16;16;8;14
91;6;10;11;12;7;6;4;6;2;11;15;17;8;12;14;14;12;6
92;3;3;6;10;9;6;6;3;6;3;8;14;15;8;9;14;8;9
93;1;3;2;6;8;8;4;6;2;6;3;8;9;13;5;8;12;7
94;3;1;2;2;5;7;9;2;5;2;5;2;7;8;8;6;3;7
95;5;1;1;1;2;4;5;7;2;3;2;3;1;7;7;6;5;2
96;4;1;1;1;1;2;3;4;4;2;3;1;2;0;4;5;4;4
97;0;3;0;1;1;1;2;3;4;5;1;2;1;1;0;4;5;3
98;1;0;1;0;1;1;1;1;3;3;3;1;1;0;1;0;1;3
99;0;1;0;1;0;1;1;1;1;2;3;2;1;1;0;0;0;1
100 e oltre;0;0;1;1;1;1;2;0;0;1;2;2;3;2;2;0;0;0
Totale;2818;2845;2924;3042;3078;3122;3191;3298;3355;3370;3395;3410;3415;3431;3353;3313;3317;3303

"Ricostruzione della popolazione intercensuaria - Popolazione al 1° gennaio per età"
"Cittadinanza italiana - Comune: Fabbrico"
Età/Anno;2002;2003;2004;2005;2006;2007;2008;2009;2010;2011;2012;2013;2014;2015;2016;2017;2018;2019
Età;Totale
0;47;38;68;64;51;52;41;53;53;51;52;46;58;43;29;33;34;20
1;47;50;38;69;64;52;54;40;54;54;49;55;48;59;45;33;35;37
2;41;48;52;38;68;66;52;55;40;53;51;49;52;51;62;53;36;34
3;42;44;49;56;40;66;69;55;55;41;54;51;52;54;51;70;52;38
4;39;43;40;55;54;40;69;68;53;56;42;55;56;55;59;57;73;51
5;35;43;43;43;54;54;41;66;70;53;60;45;60;59;55;64;59;70
6;38;38;39;50;41;53;57;44;66;69;54;61;48;63;60;63;67;59
7;36;40;38;41;48;42;52;55;44;65;68;56;66;53;66;65;64;66
8;36;37;40;40;43;51;45;54;53;41;64;69;61;69;56;71;67;61
9;46;35;37;40;40;42;51;44;53;56;42;64;74;65;70;55;74;64
10;34;49;33;40;40;41;43;52;44;52;54;44;71;78;69;74;54;70
11;42;39;47;32;39;41;43;42;51;46;53;57;49;70;76;71;71;53
12;26;45;40;48;31;37;41;43;43;50;45;52;60;49;72;78;71;69
13;40;26;44;38;46;31;38;41;42;42;51;46;50;60;50;75;80;66
14;37;42;25;48;36;49;30;40;41;42;43;48;50;51;62;48;73;77
15;32;38;41;28;47;38;50;29;40;41;42;41;50;54;48;62;49;68
16;39;31;37;42;26;49;39;49;30;41;40;41;44;50;53;49;62;49
17;30;39;31;35;42;29;47;39;49;32;41;39;41;46;50;52;49;59
18;45;30;40;33;34;42;30;46;37;50;32;40;45;44;48;52;51;49
19;42;44;30;45;35;41;41;29;48;38;49;32;40;46;43;47;51;53
20;35;44;49;28;49;34;45;43;30;44;38;47;28;40;45;42;46;47
21;48;33;50;50;31;53;36;42;44;30;44;39;48;32;42;46;45;44
22;38;51;36;59;49;28;55;34;41;49;31;42;46;51;32;40;44;39
23;62;43;53;44;61;47;36;57;36;39;49;33;41;46;51;32;37;43
24;62;62;54;57;45;59;50;42;56;37;40;47;31;39;45;49;34;37
25;63;65;64;60;56;45;55;56;44;54;35;41;46;35;37;49;51;32
26;72;70;61;72;58;60;48;55;55;42;58;36;43;46;34;42;46;50
27;106;72;75;71;70;52;57;47;55;51;39;57;37;41;48;35;38;46
28;111;116;72;81;69;68;52;63;49;61;50;42;55;37;39;50;30;38
29;110;110;119;80;78;65;71;55;63;44;59;51;44;52;37;41;45;33
30;85;116;100;120;84;75;68;76;56;68;47;62;51;44;52;40;45;38
31;77;87;113;104;121;80;75;75;65;53;67;49;62;51;46;57;39;43
32;85;83;92;108;102;119;80;74;74;65;58;66;49;65;53;46;60;37
33;88;91;79;91;107;96;120;86;73;74;70;58;66;50;64;52;50;59
34;76;82;89;75;90;105;100;126;90;73;74;69;56;63;51;65;56;46
35;82;75;87;91;77;92;107;101;125;90;72;70;74;58;68;60;64;59
36;90;86;78;86;92;75;94;107;104;127;86;71;69;80;63;63;59;65
37;73;91;88;80;82;85;80;93;100;99;124;88;73;70;75;67;64;57
38;80;73;89;84;73;82;83;76;97;102;97;122;86;78;73;78;68;61
39;85;81;73;90;81;74;84;81;78;99;102;96;125;87;79;77;77;64
40;79;87;79;75;87;84;71;86;81;78;97;101;99;131;89;83;79;76
41;69;81;87;75;76;87;86;70;87;83;78;95;98;101;129;89;80;77
42;69;68;79;90;74;80;92;83;70;87;85;77;99;100;102;129;93;82
43;61;69;68;82;90;79;81;92;81;73;87;84;80;102;100;98;130;87
44;70;63;73;69;81;92;78;82;96;80;74;84;88;84;103;101;98;128
45;58;68;65;74;70;83;93;79;78;96;79;72;90;88;85;101;103;96
46;81;61;68;66;73;69;81;94;81;77;96;79;78;89;88;86;102;105
47;57;81;60;72;68;70;70;77;96;81;76;97;82;83;88;85;81;97
48;69;57;81;61;77;69;71;70;74;95;81;76;99;80;83;90;85;80
49;55;70;56;79;63;77;71;70;68;75;94;80;79;98;80;80;91;84
50;53;57;72;55;79;63;76;69;69;67;75;94;82;82;98;83;80;88
51;60;54;57;73;53;76;64;77;68;69;67;74;94;80;82;101;83;82
52;72;59;54;58;73;53;79;66;78;67;69;66;73;96;80;81;101;84
53;96;71;59;55;56;69;55;81;67;76;65;71;70;74;95;83;77;101
54;81;97;70;58;56;55;69;57;82;65;75;66;74;70;73;95;84;76
55;77;81;94;71;59;56;55;69;58;81;65;74;67;75;71;75;97;84
56;53;77;83;93;73;60;58;57;69;59;81;66;72;67;74;71;77;97
57;72;52;77;83;94;74;60;59;57;70;60;82;67;71;65;74;73;76
58;68;72;53;76;82;96;72;60;58;57;70;60;82;68;70;66;73;73
59;76;67;71;53;76;82;95;74;61;57;57;70;59;85;64;70;64;73
60;61;73;67;73;51;76;83;97;74;62;59;58;71;61;86;64;72;61
61;72;58;73;69;74;52;76;85;95;72;61;58;59;70;61;85;65;74
62;78;72;57;72;70;70;53;76;85;95;72;60;59;58;71;60;85;67
63;66;80;71;55;72;70;67;53;76;84;95;71;63;59;57;71;60;84
64;71;64;75;71;55;72;70;67;53;75;84;95;71;64;57;57;71;57
65;63;71;63;74;69;56;71;70;66;55;75;85;95;69;62;56;58;71
66;78;62;73;62;74;70;59;69;67;64;53;75;83;94;69;63;54;57
67;62;78;62;71;62;74;71;58;68;66;64;53;74;82;91;68;62;56
68;62;61;75;62;71;61;74;70;59;68;66;65;52;74;79;91;64;61
69;70;62;62;75;61;72;60;74;68;60;65;65;65;51;74;79;92;64
70;56;67;61;61;72;58;72;60;73;66;60;65;63;64;50;75;78;90
71;63;56;66;59;60;70;55;70;60;72;65;61;63;61;64;49;74;78
72;66;62;56;64;57;58;69;55;72;58;71;64;61;60;60;63;49;74
73;68;67;59;53;64;55;57;69;55;71;57;72;63;60;59;61;61;51
74;53;66;65;57;51;60;56;55;67;55;72;55;70;63;60;61;60;61
75;56;53;66;64;57;51;60;56;55;66;55;71;55;69;61;58;58;60
76;60;52;52;63;61;58;48;58;55;54;63;53;70;53;65;57;55;58
77;52;58;50;50;60;60;60;48;58;55;48;60;52;69;53;60;54;53
78;55;51;52;48;49;59;59;59;45;52;51;47;59;50;69;53;59;54
79;48;55;52;51;48;47;56;57;55;45;50;49;42;57;46;67;53;58
80;54;45;52;51;50;45;47;52;54;49;42;49;49;40;50;47;65;51
81;59;49;42;48;46;48;43;45;51;49;47;42;47;47;39;48;45;61
82;36;56;49;40;45;44;45;42;42;49;48;45;39;47;45;37;47;43
83;15;34;56;45;38;44;45;42;40;37;48;46;44;37;43;45;36;42
84;16;15;31;48;42;37;40;43;39;34;36;49;44;42;35;39;41;36
85;25;14;14;25;37;40;34;39;42;39;33;35;45;43;41;34;37;40
86;22;20;14;13;23;30;37;31;39;39;34;31;29;39;37;42;33;35
87;18;19;14;12;6;22;29;29;28;36;34;32;28;26;34;36;32;32
88;21;16;17;13;9;6;20;24;27;27;34;31;30;27;22;25;27;27
89;20;18;14;15;10;7;4;15;22;28;23;28;29;27;26;20;22;24
90;19;18;19;15;14;9;7;3;15;20;25;17;23;21;23;22;16;18
91;6;12;15;18;12;12;4;6;3;14;20;22;16;19;18;20;14;12
92;4;3;8;14;13;9;12;3;6;4;11;19;20;14;15;15;12;11
93;3;4;2;8;10;12;7;9;2;6;4;10;13;17;8;14;12;10
94;3;3;2;2;7;8;12;5;7;2;5;3;9;11;10;8;6;7
95;8;1;3;1;2;6;6;10;4;5;2;3;1;9;7;6;7;5
96;5;3;1;2;1;2;5;5;6;4;4;1;2;0;5;5;4;6
97;0;3;2;1;1;1;2;4;4;7;1;3;1;1;0;4;5;3
98;1;0;1;2;1;1;1;1;4;3;5;1;2;0;1;0;1;3
99;0;1;0;1;2;1;1;1;1;3;3;3;1;1;0;0;0;1
100 e oltre;0;0;1;1;1;1;2;0;0;1;3;3;3;2;2;0;0;0
Totale;5273;5324;5353;5463;5422;5418;5485;5520;5522;5518;5505;5500;5602;5666;5632;5709;5667;5553
Età/Anno;2002;2003;2004;2005;2006;2007;2008;2009;2010;2011;2012;2013;2014;2015;2016;2017;2018;2019
Età;Maschi
0;21;18;40;34;30;29;24;29;27;17;30;21;31;22;11;20;18;9
1;22;24;18;39;34;30;29;25;31;27;17;32;23;29;24;13;20;19
2;22;24;26;19;38;35;31;29;24;29;26;17;31;25;31;29;15;20
3;20;23;23;28;19;35;38;32;29;25;30;27;19;31;25;35;31;17
4;15;21;22;27;28;19;39;37;32;30;25;32;29;20;35;29;37;32
5;17;18;21;24;26;29;21;39;38;31;32;27;36;30;19;36;28;37
6;25;20;16;25;22;27;31;21;39;37;33;33;28;38;33;23;39;28
7;18;26;21;16;25;23;27;30;21;39;37;35;36;32;39;35;24;38
8;15;18;25;23;17;25;27;29;30;21;39;37;37;37;33;41;37;24
9;30;15;17;25;23;16;24;26;28;30;20;38;38;38;38;31;42;36
10;19;32;15;19;25;24;17;24;26;28;29;22;41;40;41;40;31;39
11;21;21;30;14;18;26;26;16;23;28;29;30;24;40;38;41;38;29
12;14;24;22;30;14;18;25;26;16;22;27;29;30;24;41;40;40;38
13;27;14;24;20;28;14;18;25;25;15;23;28;26;30;23;43;39;38
14;20;28;13;26;18;28;13;20;25;25;17;21;30;27;31;22;41;37
15;9;21;28;14;24;20;30;12;20;25;25;17;22;32;25;32;22;41
16;14;9;20;28;12;24;21;29;14;21;24;24;18;24;32;26;32;24
17;19;14;9;19;28;13;24;21;29;15;21;23;23;19;21;31;26;31
18;19;20;15;10;20;28;14;24;21;30;15;22;29;25;20;22;31;25
19;21;20;21;17;12;23;27;14;24;22;28;15;22;30;24;19;21;31
20;17;23;22;20;17;12;26;28;15;23;21;27;14;23;30;23;18;20
21;25;14;26;23;19;21;12;25;31;15;23;21;28;14;25;31;26;18
22;21;26;17;32;22;18;23;12;23;31;18;22;27;29;14;24;30;23
23;25;23;28;22;34;22;23;23;12;21;31;20;19;28;30;15;21;28
24;23;26;30;31;23;33;22;26;23;13;23;32;19;18;28;28;18;19
25;40;25;30;35;33;22;31;26;24;24;12;22;30;20;18;30;30;17
26;28;42;26;36;33;34;23;30;23;24;24;10;23;29;18;22;26;30
27;53;29;46;31;34;31;31;24;32;23;23;24;11;21;29;19;20;27
28;59;58;29;50;30;31;34;35;21;34;21;26;23;13;19;32;16;19
29;60;57;57;37;47;31;30;34;35;18;34;21;27;23;15;21;26;17
30;57;67;53;58;39;46;33;35;33;41;19;35;21;25;25;15;24;25
31;44;56;62;57;60;37;43;35;29;31;41;22;34;19;26;25;16;24
32;43;49;61;62;58;59;41;41;37;29;31;44;23;36;22;27;26;15
33;53;45;47;58;59;53;58;46;43;37;32;31;43;25;35;22;29;28
34;34;48;44;46;57;58;55;61;44;41;36;30;29;40;24;32;24;26
35;44;35;49;45;48;59;59;56;59;45;39;34;32;30;41;29;29;26
36;54;45;37;49;44;45;60;61;58;61;43;38;36;35;33;40;28;29
37;33;54;45;41;48;42;49;61;56;57;59;44;41;36;34;34;40;27
38;43;35;51;40;35;49;41;46;61;58;54;57;44;43;37;37;34;36
39;39;44;36;51;39;35;49;39;46;61;58;54;58;42;43;40;36;35
40;41;39;42;37;49;39;32;50;39;45;60;57;57;61;43;47;41;37
41;39;42;39;38;37;48;40;31;51;39;43;59;53;58;59;45;46;42
42;40;41;42;41;38;41;51;38;32;51;41;43;63;54;57;61;44;48
43;33;40;41;44;38;40;42;51;37;35;50;42;44;66;56;54;62;43
44;36;35;41;40;43;41;39;43;54;37;36;49;43;46;67;57;54;62
45;26;34;35;42;40;45;42;40;39;54;37;36;53;44;47;66;59;53
46;42;26;33;35;41;38;43;42;40;38;55;38;39;53;45;48;66;61
47;35;42;26;35;36;39;39;41;43;42;37;56;41;42;53;45;45;64
48;30;35;43;26;37;36;40;39;40;42;41;36;56;41;40;54;44;45
49;25;31;34;42;27;37;39;40;39;41;42;41;39;57;40;37;53;43
50;26;26;31;34;42;27;37;36;39;38;41;42;41;42;57;42;40;51
51;26;26;26;31;33;39;28;37;34;39;37;41;42;41;42;59;42;41
52;28;25;26;27;31;33;40;29;37;32;38;37;42;44;41;42;57;43
53;41;28;25;27;25;28;32;40;30;36;32;40;39;42;44;42;39;55
54;40;42;27;24;27;25;28;34;41;29;35;32;41;40;41;44;41;38
55;40;40;40;27;24;27;25;28;35;41;30;34;33;41;41;42;44;40
56;28;40;41;39;27;25;30;25;28;36;41;31;33;33;40;41;43;44
57;34;28;39;41;40;28;25;31;25;29;36;42;33;32;33;41;41;43
58;36;34;28;38;40;40;27;25;31;25;29;36;42;33;31;35;40;42
59;40;35;34;28;37;40;38;29;27;29;25;29;35;44;29;31;33;41
60;30;39;35;36;28;37;40;40;29;27;29;26;29;37;44;30;31;32
61;36;27;37;35;36;28;37;40;38;28;27;28;26;29;37;43;30;31
62;30;36;27;36;36;34;29;37;40;38;28;26;29;26;29;36;43;31
63;29;31;35;26;36;36;31;29;37;39;38;27;28;29;26;28;36;42
64;32;28;29;35;25;37;36;31;29;37;39;38;27;28;28;26;29;35
65;26;32;27;29;35;25;37;35;31;31;37;39;38;27;27;27;27;29
66;41;25;31;27;29;36;26;36;32;29;30;37;38;37;28;27;27;26
67;37;41;25;30;26;29;37;25;35;31;29;30;37;37;36;27;27;28
68;31;36;38;25;30;25;29;36;26;35;31;29;29;37;35;36;27;26
69;36;31;37;38;24;31;24;29;34;27;34;30;29;28;37;35;36;27
70;21;34;31;36;37;23;31;24;28;34;27;34;29;28;27;38;34;36
71;24;21;33;28;35;36;20;29;24;28;33;27;34;27;28;27;39;34
72;28;23;21;31;27;34;36;20;27;23;28;32;27;31;26;28;27;39
73;31;28;22;19;30;25;33;36;20;27;22;29;31;27;30;26;26;28
74;30;29;27;22;19;28;25;32;34;20;27;22;28;31;27;32;25;26
75;25;30;29;26;22;19;27;25;32;33;20;27;22;26;29;26;30;25
76;24;22;29;28;23;22;19;25;25;31;30;19;28;21;24;26;23;30
77;20;22;21;27;26;21;22;19;25;25;25;28;19;28;21;18;25;23
78;22;19;18;21;25;25;21;21;19;22;21;24;27;19;28;21;18;25
79;18;22;19;18;20;23;22;19;21;19;21;21;21;27;17;27;21;18
80;19;16;22;18;18;20;24;21;18;17;17;20;21;19;22;18;27;20
81;27;15;15;18;17;16;19;22;22;15;16;17;18;19;19;21;18;25
82;10;26;15;13;17;15;14;18;23;21;14;14;17;18;19;18;20;17
83;5;10;26;12;13;17;16;15;17;19;20;13;13;15;18;18;17;17
84;5;5;7;21;11;12;15;16;14;14;19;20;12;12;14;16;15;17
85;9;3;5;4;13;11;12;14;15;14;14;19;18;11;12;13;15;15
86;11;7;3;5;3;11;11;12;13;14;13;12;15;17;10;12;13;14
87;5;10;5;1;1;2;10;6;11;12;11;12;10;14;13;10;8;14
88;7;5;8;5;0;1;2;6;6;10;11;10;11;9;12;7;6;7
89;6;6;5;7;2;0;1;2;5;6;9;9;9;10;8;11;5;6
90;4;4;6;5;6;2;0;1;3;5;6;8;8;5;7;6;8;4
91;0;2;4;6;5;6;0;0;1;3;5;5;8;7;4;6;2;6
92;1;0;2;4;4;3;6;0;0;1;3;5;5;6;6;1;4;2
93;2;1;0;2;2;4;3;3;0;0;1;2;4;4;3;6;0;3
94;0;2;0;0;2;1;3;3;2;0;0;1;2;3;2;2;3;0
95;3;0;2;0;0;2;1;3;2;2;0;0;0;2;0;0;2;3
96;1;2;0;1;0;0;2;1;2;2;1;0;0;0;1;0;0;2
97;0;0;2;0;0;0;0;1;0;2;0;1;0;0;0;0;0;0
98;0;0;0;2;0;0;0;0;1;0;2;0;1;0;0;0;0;0
99;0;0;0;0;2;0;0;0;0;1;0;1;0;0;0;0;0;0
100 e oltre;0;0;0;0;0;0;0;0;0;0;1;1;0;0;0;0;0;0
Totale;2555;2590;2613;2674;2637;2637;2687;2713;2709;2704;2694;2708;2772;2807;2790;2836;2807;2781
Età/Anno;2002;2003;2004;2005;2006;2007;2008;2009;2010;2011;2012;2013;2014;2015;2016;2017;2018;2019
Età;Femmine
0;26;20;28;30;21;23;17;24;26;34;22;25;27;21;18;13;16;11
1;25;26;20;30;30;22;25;15;23;27;32;23;25;30;21;20;15;18
2;19;24;26;19;30;31;21;26;16;24;25;32;21;26;31;24;21;14
3;22;21;26;28;21;31;31;23;26;16;24;24;33;23;26;35;21;21
4;24;22;18;28;26;21;30;31;21;26;17;23;27;35;24;28;36;19
5;18;25;22;19;28;25;20;27;32;22;28;18;24;29;36;28;31;33
6;13;18;23;25;19;26;26;23;27;32;21;28;20;25;27;40;28;31
7;18;14;17;25;23;19;25;25;23;26;31;21;30;21;27;30;40;28
8;21;19;15;17;26;26;18;25;23;20;25;32;24;32;23;30;30;37
9;16;20;20;15;17;26;27;18;25;26;22;26;36;27;32;24;32;28
10;15;17;18;21;15;17;26;28;18;24;25;22;30;38;28;34;23;31
11;21;18;17;18;21;15;17;26;28;18;24;27;25;30;38;30;33;24
12;12;21;18;18;17;19;16;17;27;28;18;23;30;25;31;38;31;31
13;13;12;20;18;18;17;20;16;17;27;28;18;24;30;27;32;41;28
14;17;14;12;22;18;21;17;20;16;17;26;27;20;24;31;26;32;40
15;23;17;13;14;23;18;20;17;20;16;17;24;28;22;23;30;27;27
16;25;22;17;14;14;25;18;20;16;20;16;17;26;26;21;23;30;25
17;11;25;22;16;14;16;23;18;20;17;20;16;18;27;29;21;23;28
18;26;10;25;23;14;14;16;22;16;20;17;18;16;19;28;30;20;24
19;21;24;9;28;23;18;14;15;24;16;21;17;18;16;19;28;30;22
20;18;21;27;8;32;22;19;15;15;21;17;20;14;17;15;19;28;27
21;23;19;24;27;12;32;24;17;13;15;21;18;20;18;17;15;19;26
22;17;25;19;27;27;10;32;22;18;18;13;20;19;22;18;16;14;16
23;37;20;25;22;27;25;13;34;24;18;18;13;22;18;21;17;16;15
24;39;36;24;26;22;26;28;16;33;24;17;15;12;21;17;21;16;18
25;23;40;34;25;23;23;24;30;20;30;23;19;16;15;19;19;21;15
26;44;28;35;36;25;26;25;25;32;18;34;26;20;17;16;20;20;20
27;53;43;29;40;36;21;26;23;23;28;16;33;26;20;19;16;18;19
28;52;58;43;31;39;37;18;28;28;27;29;16;32;24;20;18;14;19
29;50;53;62;43;31;34;41;21;28;26;25;30;17;29;22;20;19;16
30;28;49;47;62;45;29;35;41;23;27;28;27;30;19;27;25;21;13
31;33;31;51;47;61;43;32;40;36;22;26;27;28;32;20;32;23;19
32;42;34;31;46;44;60;39;33;37;36;27;22;26;29;31;19;34;22
33;35;46;32;33;48;43;62;40;30;37;38;27;23;25;29;30;21;31
34;42;34;45;29;33;47;45;65;46;32;38;39;27;23;27;33;32;20
35;38;40;38;46;29;33;48;45;66;45;33;36;42;28;27;31;35;33
36;36;41;41;37;48;30;34;46;46;66;43;33;33;45;30;23;31;36
37;40;37;43;39;34;43;31;32;44;42;65;44;32;34;41;33;24;30
38;37;38;38;44;38;33;42;30;36;44;43;65;42;35;36;41;34;25
39;46;37;37;39;42;39;35;42;32;38;44;42;67;45;36;37;41;29
40;38;48;37;38;38;45;39;36;42;33;37;44;42;70;46;36;38;39
41;30;39;48;37;39;39;46;39;36;44;35;36;45;43;70;44;34;35
42;29;27;37;49;36;39;41;45;38;36;44;34;36;46;45;68;49;34
43;28;29;27;38;52;39;39;41;44;38;37;42;36;36;44;44;68;44
44;34;28;32;29;38;51;39;39;42;43;38;35;45;38;36;44;44;66
45;32;34;30;32;30;38;51;39;39;42;42;36;37;44;38;35;44;43
46;39;35;35;31;32;31;38;52;41;39;41;41;39;36;43;38;36;44
47;22;39;34;37;32;31;31;36;53;39;39;41;41;41;35;40;36;33
48;39;22;38;35;40;33;31;31;34;53;40;40;43;39;43;36;41;35
49;30;39;22;37;36;40;32;30;29;34;52;39;40;41;40;43;38;41
50;27;31;41;21;37;36;39;33;30;29;34;52;41;40;41;41;40;37
51;34;28;31;42;20;37;36;40;34;30;30;33;52;39;40;42;41;41
52;44;34;28;31;42;20;39;37;41;35;31;29;31;52;39;39;44;41
53;55;43;34;28;31;41;23;41;37;40;33;31;31;32;51;41;38;46
54;41;55;43;34;29;30;41;23;41;36;40;34;33;30;32;51;43;38
55;37;41;54;44;35;29;30;41;23;40;35;40;34;34;30;33;53;44
56;25;37;42;54;46;35;28;32;41;23;40;35;39;34;34;30;34;53
57;38;24;38;42;54;46;35;28;32;41;24;40;34;39;32;33;32;33
58;32;38;25;38;42;56;45;35;27;32;41;24;40;35;39;31;33;31
59;36;32;37;25;39;42;57;45;34;28;32;41;24;41;35;39;31;32
60;31;34;32;37;23;39;43;57;45;35;30;32;42;24;42;34;41;29
61;36;31;36;34;38;24;39;45;57;44;34;30;33;41;24;42;35;43
62;48;36;30;36;34;36;24;39;45;57;44;34;30;32;42;24;42;36
63;37;49;36;29;36;34;36;24;39;45;57;44;35;30;31;43;24;42
64;39;36;46;36;30;35;34;36;24;38;45;57;44;36;29;31;42;22
65;37;39;36;45;34;31;34;35;35;24;38;46;57;42;35;29;31;42
66;37;37;42;35;45;34;33;33;35;35;23;38;45;57;41;36;27;31
67;25;37;37;41;36;45;34;33;33;35;35;23;37;45;55;41;35;28
68;31;25;37;37;41;36;45;34;33;33;35;36;23;37;44;55;37;35
69;34;31;25;37;37;41;36;45;34;33;31;35;36;23;37;44;56;37
70;35;33;30;25;35;35;41;36;45;32;33;31;34;36;23;37;44;54
71;39;35;33;31;25;34;35;41;36;44;32;34;29;34;36;22;35;44
72;38;39;35;33;30;24;33;35;45;35;43;32;34;29;34;35;22;35
73;37;39;37;34;34;30;24;33;35;44;35;43;32;33;29;35;35;23
74;23;37;38;35;32;32;31;23;33;35;45;33;42;32;33;29;35;35
75;31;23;37;38;35;32;33;31;23;33;35;44;33;43;32;32;28;35
76;36;30;23;35;38;36;29;33;30;23;33;34;42;32;41;31;32;28
77;32;36;29;23;34;39;38;29;33;30;23;32;33;41;32;42;29;30
78;33;32;34;27;24;34;38;38;26;30;30;23;32;31;41;32;41;29
79;30;33;33;33;28;24;34;38;34;26;29;28;21;30;29;40;32;40
80;35;29;30;33;32;25;23;31;36;32;25;29;28;21;28;29;38;31
81;32;34;27;30;29;32;24;23;29;34;31;25;29;28;20;27;27;36
82;26;30;34;27;28;29;31;24;19;28;34;31;22;29;26;19;27;26
83;10;24;30;33;25;27;29;27;23;18;28;33;31;22;25;27;19;25
84;11;10;24;27;31;25;25;27;25;20;17;29;32;30;21;23;26;19
85;16;11;9;21;24;29;22;25;27;25;19;16;27;32;29;21;22;25
86;11;13;11;8;20;19;26;19;26;25;21;19;14;22;27;30;20;21
87;13;9;9;11;5;20;19;23;17;24;23;20;18;12;21;26;24;18
88;14;11;9;8;9;5;18;18;21;17;23;21;19;18;10;18;21;20
89;14;12;9;8;8;7;3;13;17;22;14;19;20;17;18;9;17;18
90;15;14;13;10;8;7;7;2;12;15;19;9;15;16;16;16;8;14
91;6;10;11;12;7;6;4;6;2;11;15;17;8;12;14;14;12;6
92;3;3;6;10;9;6;6;3;6;3;8;14;15;8;9;14;8;9
93;1;3;2;6;8;8;4;6;2;6;3;8;9;13;5;8;12;7
94;3;1;2;2;5;7;9;2;5;2;5;2;7;8;8;6;3;7
95;5;1;1;1;2;4;5;7;2;3;2;3;1;7;7;6;5;2
96;4;1;1;1;1;2;3;4;4;2;3;1;2;0;4;5;4;4
97;0;3;0;1;1;1;2;3;4;5;1;2;1;1;0;4;5;3
98;1;0;1;0;1;1;1;1;3;3;3;1;1;0;1;0;1;3
99;0;1;0;1;0;1;1;1;1;2;3;2;1;1;0;0;0;1
100 e oltre;0;0;1;1;1;1;2;0;0;1;2;2;3;2;2;0;0;0
Totale;2718;2734;2740;2789;2785;2781;2798;2807;2813;2814;2811;2792;2830;2859;2842;2873;2860;2772

"Ricostruzione della popolazione intercensuaria - Popolazione al 1° gennaio per età"
"Cittadinanza straniera - Comune: Fabbrico"
Età/Anno;2002;2003;2004;2005;2006;2007;2008;2009;2010;2011;2012;2013;2014;2015;2016;2017;2018;2019
Età;Totale
0;10;7;17;20;21;24;27;35;23;34;29;23;29;25;18;24;27;28
1;6;11;10;20;23;24;25;29;37;20;32;26;19;26;21;17;25;23
2;6;6;11;11;21;27;27;26;32;35;21;32;28;18;19;20;13;29
3;6;7;7;13;12;22;30;27;28;33;38;23;25;25;15;16;17;17
4;4;6;7;7;16;13;25;34;33;29;34;35;25;22;21;11;14;17
5;4;5;6;7;7;16;13;27;33;35;30;35;30;25;18;19;8;17
6;6;4;7;10;10;7;17;12;27;29;35;30;31;29;20;15;18;10
7;5;6;5;7;14;11;7;20;13;28;31;34;26;25;21;18;15;20
8;1;6;4;10;10;15;11;7;25;14;32;27;29;22;18;14;12;17
9;4;3;6;5;10;9;18;18;6;26;14;30;21;24;18;13;11;16
10;3;4;7;7;8;12;9;18;20;7;27;14;26;16;19;12;13;14
11;1;4;4;9;5;8;10;10;17;20;7;25;7;21;13;9;12;14
12;3;1;6;5;11;8;10;14;12;17;20;7;14;5;20;10;8;9
13;4;2;1;9;10;12;10;12;14;15;19;19;8;11;6;16;9;12
14;0;4;2;2;7;12;11;11;13;13;14;19;12;8;7;2;16;12
15;4;0;8;3;2;9;14;10;12;13;12;13;15;8;11;6;3;16
16;3;4;0;9;4;3;12;11;9;13;14;15;9;14;6;7;7;5
17;1;1;6;1;10;5;6;12;13;8;13;17;15;6;12;4;5;8
18;4;0;0;8;1;12;9;7;14;14;8;12;14;12;6;8;6;7
19;3;2;4;2;11;1;12;12;8;17;18;10;14;13;13;4;8;8
20;6;3;4;4;1;10;3;12;15;11;16;19;9;12;18;14;8;13
21;2;10;4;4;3;0;11;4;12;18;14;20;17;7;15;19;15;12
22;7;4;12;4;6;6;1;13;7;13;20;15;17;19;6;13;16;16
23;3;8;11;13;9;10;6;5;17;11;15;23;15;22;20;5;13;20
24;3;5;9;15;15;10;10;14;14;18;11;19;24;17;19;21;8;21
25;8;2;14;13;17;27;12;14;20;17;18;15;26;26;18;15;23;9
26;4;10;7;23;15;17;39;18;14;29;18;21;15;17;27;19;20;27
27;12;1;20;14;27;17;21;41;22;15;32;18;22;17;16;26;24;27
28;4;13;5;22;21;27;18;27;46;27;18;32;21;21;15;18;27;24
29;9;6;23;12;22;20;29;28;28;45;29;21;27;23;16;17;21;29
30;7;9;10;30;20;25;23;37;25;30;48;30;21;30;24;16;21;23
31;9;9;16;17;31;23;32;26;38;27;28;51;25;19;24;25;20;22
32;8;7;14;18;26;34;25;36;30;32;20;33;53;28;19;21;26;20
33;6;6;13;20;20;25;34;28;40;27;32;24;36;52;27;18;16;27
34;5;10;10;20;21;23;27;37;25;35;27;34;24;35;46;27;19;20
35;9;6;13;18;24;21;23;27;34;24;33;28;30;26;30;38;26;21
36;12;12;9;18;17;24;23;28;25;31;23;34;29;33;23;29;31;26
37;4;13;18;10;18;19;23;24;27;25;31;21;30;27;28;18;23;33
38;6;7;12;17;14;19;17;26;23;23;21;31;23;26;28;23;18;25
39;4;7;8;17;17;13;25;21;26;20;22;19;31;18;27;24;27;22
40;4;4;10;11;19;17;13;25;23;26;22;23;20;28;15;23;25;21
41;4;3;6;13;10;21;18;15;24;20;30;22;25;16;31;14;23;26
42;2;5;5;6;13;11;22;16;17;24;18;32;15;24;16;23;13;23
43;6;4;7;6;7;15;13;22;18;17;24;23;26;14;21;12;20;17
44;6;6;6;9;7;8;15;15;21;16;15;23;18;23;14;15;10;22
45;4;6;9;7;8;8;10;15;13;17;14;17;17;16;21;12;16;11
46;1;5;8;11;4;9;11;11;17;11;17;12;14;14;14;11;10;20
47;1;0;6;11;10;4;10;12;12;17;12;16;5;13;11;14;12;11
48;0;2;2;9;10;12;3;12;14;12;16;13;13;5;11;9;12;15
49;2;0;3;3;9;9;14;3;11;16;12;13;10;13;4;8;12;13
50;2;2;1;7;3;10;8;13;4;11;14;12;10;10;12;3;9;13
51;1;2;2;1;6;3;9;7;12;5;11;17;8;15;6;8;3;13
52;3;1;2;4;1;7;3;11;7;12;5;13;13;5;14;4;11;4
53;0;3;3;3;4;3;5;3;9;8;12;5;13;12;5;13;7;8
54;0;0;3;3;3;4;3;4;7;8;10;12;5;5;12;6;10;8
55;0;1;2;3;3;3;3;3;4;5;8;9;9;5;5;8;6;11
56;2;1;1;4;3;2;4;4;3;4;5;10;9;6;5;6;8;4
57;0;2;1;2;5;3;1;6;4;4;2;5;8;4;7;5;6;6
58;2;0;2;1;2;3;3;3;6;5;2;2;4;4;5;6;4;6
59;0;2;0;2;1;2;2;5;5;3;4;0;5;4;6;3;5;2
60;0;0;2;1;2;1;1;1;5;5;3;3;0;5;2;5;5;6
61;0;0;0;2;1;1;1;2;1;4;4;3;3;3;4;1;6;7
62;0;0;0;0;3;1;0;1;5;3;4;3;2;4;3;4;4;5
63;0;0;0;0;0;3;1;1;0;4;2;4;3;2;4;2;6;6
64;1;0;0;0;1;0;2;2;1;0;5;2;4;4;3;4;4;5
65;0;1;0;0;0;1;0;2;3;2;0;5;2;4;5;3;3;4
66;0;0;1;0;0;0;1;2;2;3;2;0;5;3;4;3;4;3
67;0;0;0;1;0;1;0;2;2;1;3;2;0;6;4;4;2;4
68;0;0;0;0;1;0;1;1;3;2;1;2;1;1;4;4;4;3
69;0;0;0;0;0;1;0;2;0;4;2;2;2;1;1;4;4;3
70;1;0;0;0;0;0;1;1;3;0;3;2;1;1;1;1;4;5
71;2;1;0;0;2;0;0;1;4;3;0;4;1;1;1;1;2;4
72;0;2;1;0;0;2;1;0;1;4;2;0;3;2;2;1;2;3
73;0;0;2;1;0;0;2;1;0;1;3;2;1;3;1;2;1;1
74;0;0;0;2;1;0;0;2;0;0;1;2;1;3;2;1;2;1
75;0;0;0;1;2;1;0;0;2;0;0;1;1;2;2;2;1;2
76;0;0;0;0;1;2;0;0;0;1;0;0;1;1;2;2;2;1
77;0;0;0;0;0;1;2;0;1;0;1;0;0;1;1;2;2;1
78;0;0;0;0;0;0;1;2;0;0;0;1;0;0;1;1;2;2
79;0;0;0;0;1;0;0;1;2;0;0;0;1;0;0;1;1;2
80;0;0;0;0;0;1;0;0;0;2;0;0;0;2;0;0;1;1
81;0;0;0;0;0;0;1;0;0;1;2;0;0;0;2;0;0;1
82;0;1;0;0;0;0;0;1;0;0;0;2;0;0;0;2;0;0
83;0;0;1;0;0;0;0;0;1;0;0;0;1;0;0;0;2;0
84;0;0;0;0;0;0;0;0;0;0;0;0;0;1;0;0;0;2
85;0;0;0;0;0;0;0;0;0;0;0;0;0;0;1;0;0;0
86;0;0;0;0;0;0;0;0;0;0;0;0;0;0;0;1;0;0
87;0;0;0;0;0;0;0;0;0;0;0;0;0;0;0;0;1;0
88;0;0;0;0;0;0;0;0;0;0;0;0;0;0;0;0;0;1
89;0;0;0;0;0;0;0;0;0;0;0;0;0;0;0;0;0;0
90;0;0;0;0;0;0;0;0;0;0;0;0;0;0;0;0;0;0
91;0;0;0;0;0;0;0;0;0;0;0;0;0;0;0;0;0;0
92;0;0;0;0;0;0;0;0;0;0;0;0;0;0;0;0;0;0
93;0;0;0;0;0;0;0;0;0;0;0;0;0;0;0;0;0;0
94;0;0;0;0;0;0;0;0;0;0;0;0;0;0;0;0;0;0
95;0;0;0;0;0;0;0;0;0;0;0;0;0;0;0;0;0;0
96;0;0;0;0;0;0;0;0;0;0;0;0;0;0;0;0;0;0
97;0;0;0;0;0;0;0;0;0;0;0;0;0;0;0;0;0;0
98;0;0;0;0;0;0;0;0;0;0;0;0;0;0;0;0;0;0
99;0;0;0;0;0;0;0;0;0;0;0;0;0;0;0;0;0;0
100 e oltre;0;0;0;0;0;0;0;0;0;0;0;0;0;0;0;0;0;0
Totale;250;285;436;598;700;790;890;1048;1144;1179;1215;1273;1172;1116;1033;905;936;1063
Età/Anno;2002;2003;2004;2005;2006;2007;2008;2009;2010;2011;2012;2013;2014;2015;2016;2017;2018;2019
Età;Maschi
0;3;3;6;9;12;12;17;18;13;17;11;13;10;13;10;13;11;13
1;4;3;3;8;10;14;12;18;19;13;15;9;12;9;10;9;12;9
2;4;4;3;5;8;11;15;12;16;18;16;14;9;12;7;14;7;11
3;1;6;4;4;4;9;10;15;14;15;19;16;9;8;10;5;12;9
4;2;2;5;4;4;5;11;11;18;16;15;17;17;7;7;8;2;12
5;4;3;1;5;2;4;5;11;10;17;17;15;15;14;6;6;6;3
6;5;3;4;2;9;2;6;5;11;10;18;18;13;15;11;6;6;7
7;5;5;4;4;4;10;2;5;6;13;11;18;16;10;12;11;8;7
8;1;6;3;6;6;3;10;2;8;7;16;8;16;14;7;9;7;10
9;2;3;6;4;8;6;3;14;2;7;7;15;7;13;11;5;8;9
10;1;2;4;6;7;8;6;5;16;2;9;7;12;5;10;8;4;10
11;0;1;2;4;4;7;7;6;5;15;2;9;4;10;6;5;9;6
12;1;0;2;3;6;5;8;9;9;5;15;3;6;3;10;5;5;7
13;2;0;0;3;7;7;6;9;8;10;5;14;5;5;5;9;5;6
14;0;2;0;1;2;8;6;7;9;7;9;5;10;5;4;2;9;7
15;3;0;5;1;1;3;9;6;7;10;6;9;4;7;7;4;2;8
16;2;3;0;6;0;2;5;6;4;7;10;10;6;3;5;5;5;4
17;0;1;5;0;9;1;5;5;8;3;7;11;10;6;3;4;3;6
18;3;0;0;6;0;10;3;5;6;8;3;5;8;8;6;2;6;5
19;1;2;1;2;7;0;10;5;6;6;10;5;6;9;11;4;2;8
20;3;2;4;1;1;7;2;10;7;8;5;10;6;6;11;12;7;3
21;1;5;3;4;1;0;8;2;9;8;8;6;11;4;6;12;12;8
22;3;3;6;4;6;3;1;7;3;9;7;8;5;11;5;4;14;13
23;3;4;5;7;6;7;4;4;10;5;9;8;8;8;13;4;6;14
24;2;4;5;7;7;6;6;7;9;12;5;14;6;7;6;14;4;10
25;7;0;7;8;7;12;6;12;8;8;11;7;16;7;9;4;12;6
26;1;7;1;15;11;5;19;7;9;13;10;15;10;8;11;8;6;15
27;11;0;13;6;17;11;7;18;9;10;14;11;15;11;9;11;10;10
28;1;11;0;15;10;14;10;8;21;11;13;13;13;13;11;7;11;11
29;3;3;19;2;14;10;15;17;9;22;12;15;10;15;11;11;11;13
30;5;3;4;23;8;16;13;18;14;13;23;12;14;14;13;12;11;12
31;5;5;9;9;20;11;17;13;19;18;12;25;9;11;12;15;13;10
32;4;3;9;10;14;24;12;18;15;17;11;13;25;13;13;9;17;13
33;4;3;8;13;11;14;24;13;21;16;14;12;14;25;16;10;7;17
34;3;6;7;11;14;13;17;21;12;17;18;15;13;13;21;17;10;7
35;6;3;7;11;13;15;13;17;20;11;17;18;12;14;11;17;18;11
36;9;8;7;11;13;14;16;18;17;19;11;18;20;15;13;14;15;18
37;4;10;12;8;14;14;13;17;16;18;19;11;15;16;13;11;10;17
38;5;6;9;12;11;13;11;17;15;13;16;18;14;15;15;11;13;10
39;3;6;5;13;12;10;18;11;16;13;13;15;17;12;13;14;13;13
40;4;3;10;7;14;12;9;18;13;17;14;12;13;15;10;11;14;12
41;3;3;5;13;8;16;11;10;18;11;20;13;12;11;19;7;13;13
42;0;4;5;6;12;9;17;9;10;19;10;20;10;9;11;15;6;12
43;2;2;4;5;6;12;10;17;12;10;18;12;18;8;9;9;14;9
44;5;2;4;4;6;7;11;10;16;12;6;17;8;16;7;6;6;14
45;2;5;4;3;3;6;7;10;9;12;11;6;12;8;14;6;5;6
46;0;4;5;5;1;4;5;7;11;7;11;8;3;10;7;8;6;8
47;0;0;4;5;5;1;5;7;8;9;9;10;2;3;8;7;9;5
48;0;1;1;7;4;7;1;6;9;8;9;9;8;2;3;5;6;11
49;1;0;2;2;7;4;7;1;5;11;8;7;6;5;2;3;5;6
50;1;2;0;2;2;7;3;7;1;6;9;8;5;6;4;1;3;5
51;0;1;2;0;1;2;6;1;6;1;6;11;5;5;4;3;1;3
52;3;0;1;3;0;1;2;7;1;6;1;7;7;3;5;3;5;0
53;0;3;1;0;3;0;1;2;6;2;6;1;7;5;3;6;4;4
54;0;0;3;1;0;2;0;0;2;6;2;6;1;2;5;3;4;3
55;0;0;0;3;3;0;2;0;0;1;6;2;4;1;2;4;3;5
56;1;0;0;0;3;2;0;2;0;0;1;6;2;3;0;2;4;3
57;0;1;0;0;0;3;1;0;1;0;0;1;4;1;2;0;3;3
58;0;0;1;0;0;0;3;1;0;1;0;0;1;2;2;1;0;3
59;0;1;0;2;0;0;0;3;3;0;1;0;0;1;2;0;1;0
60;0;0;1;1;2;0;0;0;3;3;0;1;0;0;1;2;0;2
61;0;0;0;1;1;1;0;0;0;3;2;0;1;0;0;0;2;1
62;0;0;0;0;2;1;0;0;1;0;3;1;0;1;0;0;2;1
63;0;0;0;0;0;2;1;0;0;1;0;3;1;0;1;0;0;2
64;0;0;0;0;0;0;2;2;0;0;1;0;3;1;0;1;1;0
65;0;0;0;0;0;0;0;2;1;1;0;1;0;2;1;0;1;1
66;0;0;0;0;0;0;0;1;2;0;1;0;1;0;2;1;0;1
67;0;0;0;0;0;0;0;0;1;0;0;1;0;1;1;2;1;0
68;0;0;0;0;0;0;0;0;1;1;0;0;1;1;0;1;2;1
69;0;0;0;0;0;0;0;0;0;2;1;0;0;1;1;0;1;1
70;0;0;0;0;0;0;0;0;1;0;1;1;0;0;1;1;0;1
71;1;0;0;0;1;0;0;0;3;1;0;2;0;0;0;1;2;0
72;0;1;0;0;0;1;1;0;0;3;1;0;1;1;0;0;1;3
73;0;0;1;0;0;0;1;1;0;0;2;1;1;1;1;0;0;0
74;0;0;0;1;0;0;0;1;0;0;0;1;0;2;0;1;0;0
75;0;0;0;1;1;0;0;0;1;0;0;0;0;1;1;0;1;0
76;0;0;0;0;1;1;0;0;0;1;0;0;0;0;1;1;0;1
77;0;0;0;0;0;1;1;0;1;0;1;0;0;0;0;1;1;0
78;0;0;0;0;0;0;1;1;0;0;0;1;0;0;0;0;1;1
79;0;0;0;0;1;0;0;1;1;0;0;0;1;0;0;0;0;1
80;0;0;0;0;0;1;0;0;0;1;0;0;0;1;0;0;0;0
81;0;0;0;0;0;0;1;0;0;0;1;0;0;0;1;0;0;0
82;0;0;0;0;0;0;0;1;0;0;0;1;0;0;0;1;0;0
83;0;0;0;0;0;0;0;0;1;0;0;0;1;0;0;0;1;0
84;0;0;0;0;0;0;0;0;0;0;0;0;0;1;0;0;0;1
85;0;0;0;0;0;0;0;0;0;0;0;0;0;0;1;0;0;0
86;0;0;0;0;0;0;0;0;0;0;0;0;0;0;0;1;0;0
87;0;0;0;0;0;0;0;0;0;0;0;0;0;0;0;0;1;0
88;0;0;0;0;0;0;0;0;0;0;0;0;0;0;0;0;0;1
89;0;0;0;0;0;0;0;0;0;0;0;0;0;0;0;0;0;0
90;0;0;0;0;0;0;0;0;0;0;0;0;0;0;0;0;0;0
91;0;0;0;0;0;0;0;0;0;0;0;0;0;0;0;0;0;0
92;0;0;0;0;0;0;0;0;0;0;0;0;0;0;0;0;0;0
93;0;0;0;0;0;0;0;0;0;0;0;0;0;0;0;0;0;0
94;0;0;0;0;0;0;0;0;0;0;0;0;0;0;0;0;0;0
95;0;0;0;0;0;0;0;0;0;0;0;0;0;0;0;0;0;0
96;0;0;0;0;0;0;0;0;0;0;0;0;0;0;0;0;0;0
97;0;0;0;0;0;0;0;0;0;0;0;0;0;0;0;0;0;0
98;0;0;0;0;0;0;0;0;0;0;0;0;0;0;0;0;0;0
99;0;0;0;0;0;0;0;0;0;0;0;0;0;0;0;0;0;0
100 e oltre;0;0;0;0;0;0;0;0;0;0;0;0;0;0;0;0;0;0
Totale;150;174;252;345;407;449;497;557;602;623;631;655;587;544;522;465;479;532
Età/Anno;2002;2003;2004;2005;2006;2007;2008;2009;2010;2011;2012;2013;2014;2015;2016;2017;2018;2019
Età;Femmine
0;7;4;11;11;9;12;10;17;10;17;18;10;19;12;8;11;16;15
1;2;8;7;12;13;10;13;11;18;7;17;17;7;17;11;8;13;14
2;2;2;8;6;13;16;12;14;16;17;5;18;19;6;12;6;6;18
3;5;1;3;9;8;13;20;12;14;18;19;7;16;17;5;11;5;8
4;2;4;2;3;12;8;14;23;15;13;19;18;8;15;14;3;12;5
5;0;2;5;2;5;12;8;16;23;18;13;20;15;11;12;13;2;14
6;1;1;3;8;1;5;11;7;16;19;17;12;18;14;9;9;12;3
7;0;1;1;3;10;1;5;15;7;15;20;16;10;15;9;7;7;13
8;0;0;1;4;4;12;1;5;17;7;16;19;13;8;11;5;5;7
9;2;0;0;1;2;3;15;4;4;19;7;15;14;11;7;8;3;7
10;2;2;3;1;1;4;3;13;4;5;18;7;14;11;9;4;9;4
11;1;3;2;5;1;1;3;4;12;5;5;16;3;11;7;4;3;8
12;2;1;4;2;5;3;2;5;3;12;5;4;8;2;10;5;3;2
13;2;2;1;6;3;5;4;3;6;5;14;5;3;6;1;7;4;6
14;0;2;2;1;5;4;5;4;4;6;5;14;2;3;3;0;7;5
15;1;0;3;2;1;6;5;4;5;3;6;4;11;1;4;2;1;8
16;1;1;0;3;4;1;7;5;5;6;4;5;3;11;1;2;2;1
17;1;0;1;1;1;4;1;7;5;5;6;6;5;0;9;0;2;2
18;1;0;0;2;1;2;6;2;8;6;5;7;6;4;0;6;0;2
19;2;0;3;0;4;1;2;7;2;11;8;5;8;4;2;0;6;0
20;3;1;0;3;0;3;1;2;8;3;11;9;3;6;7;2;1;10
21;1;5;1;0;2;0;3;2;3;10;6;14;6;3;9;7;3;4
22;4;1;6;0;0;3;0;6;4;4;13;7;12;8;1;9;2;3
23;0;4;6;6;3;3;2;1;7;6;6;15;7;14;7;1;7;6
24;1;1;4;8;8;4;4;7;5;6;6;5;18;10;13;7;4;11
25;1;2;7;5;10;15;6;2;12;9;7;8;10;19;9;11;11;3
26;3;3;6;8;4;12;20;11;5;16;8;6;5;9;16;11;14;12
27;1;1;7;8;10;6;14;23;13;5;18;7;7;6;7;15;14;17
28;3;2;5;7;11;13;8;19;25;16;5;19;8;8;4;11;16;13
29;6;3;4;10;8;10;14;11;19;23;17;6;17;8;5;6;10;16
30;2;6;6;7;12;9;10;19;11;17;25;18;7;16;11;4;10;11
31;4;4;7;8;11;12;15;13;19;9;16;26;16;8;12;10;7;12
32;4;4;5;8;12;10;13;18;15;15;9;20;28;15;6;12;9;7
33;2;3;5;7;9;11;10;15;19;11;18;12;22;27;11;8;9;10
34;2;4;3;9;7;10;10;16;13;18;9;19;11;22;25;10;9;13
35;3;3;6;7;11;6;10;10;14;13;16;10;18;12;19;21;8;10
36;3;4;2;7;4;10;7;10;8;12;12;16;9;18;10;15;16;8
37;0;3;6;2;4;5;10;7;11;7;12;10;15;11;15;7;13;16
38;1;1;3;5;3;6;6;9;8;10;5;13;9;11;13;12;5;15
39;1;1;3;4;5;3;7;10;10;7;9;4;14;6;14;10;14;9
40;0;1;0;4;5;5;4;7;10;9;8;11;7;13;5;12;11;9
41;1;0;1;0;2;5;7;5;6;9;10;9;13;5;12;7;10;13
42;2;1;0;0;1;2;5;7;7;5;8;12;5;15;5;8;7;11
43;4;2;3;1;1;3;3;5;6;7;6;11;8;6;12;3;6;8
44;1;4;2;5;1;1;4;5;5;4;9;6;10;7;7;9;4;8
45;2;1;5;4;5;2;3;5;4;5;3;11;5;8;7;6;11;5
46;1;1;3;6;3;5;6;4;6;4;6;4;11;4;7;3;4;12
47;1;0;2;6;5;3;5;5;4;8;3;6;3;10;3;7;3;6
48;0;1;1;2;6;5;2;6;5;4;7;4;5;3;8;4;6;4
49;1;0;1;1;2;5;7;2;6;5;4;6;4;8;2;5;7;7
50;1;0;1;5;1;3;5;6;3;5;5;4;5;4;8;2;6;8
51;1;1;0;1;5;1;3;6;6;4;5;6;3;10;2;5;2;10
52;0;1;1;1;1;6;1;4;6;6;4;6;6;2;9;1;6;4
53;0;0;2;3;1;3;4;1;3;6;6;4;6;7;2;7;3;4
54;0;0;0;2;3;2;3;4;5;2;8;6;4;3;7;3;6;5
55;0;1;2;0;0;3;1;3;4;4;2;7;5;4;3;4;3;6
56;1;1;1;4;0;0;4;2;3;4;4;4;7;3;5;4;4;1
57;0;1;1;2;5;0;0;6;3;4;2;4;4;3;5;5;3;3
58;2;0;1;1;2;3;0;2;6;4;2;2;3;2;3;5;4;3
59;0;1;0;0;1;2;2;2;2;3;3;0;5;3;4;3;4;2
60;0;0;1;0;0;1;1;1;2;2;3;2;0;5;1;3;5;4
61;0;0;0;1;0;0;1;2;1;1;2;3;2;3;4;1;4;6
62;0;0;0;0;1;0;0;1;4;3;1;2;2;3;3;4;2;4
63;0;0;0;0;0;1;0;1;0;3;2;1;2;2;3;2;6;4
64;1;0;0;0;1;0;0;0;1;0;4;2;1;3;3;3;3;5
65;0;1;0;0;0;1;0;0;2;1;0;4;2;2;4;3;2;3
66;0;0;1;0;0;0;1;1;0;3;1;0;4;3;2;2;4;2
67;0;0;0;1;0;1;0;2;1;1;3;1;0;5;3;2;1;4
68;0;0;0;0;1;0;1;1;2;1;1;2;0;0;4;3;2;2
69;0;0;0;0;0;1;0;2;0;2;1;2;2;0;0;4;3;2
70;1;0;0;0;0;0;1;1;2;0;2;1;1;1;0;0;4;4
71;1;1;0;0;1;0;0;1;1;2;0;2;1;1;1;0;0;4
72;0;1;1;0;0;1;0;0;1;1;1;0;2;1;2;1;1;0
73;0;0;1;1;0;0;1;0;0;1;1;1;0;2;0;2;1;1
74;0;0;0;1;1;0;0;1;0;0;1;1;1;1;2;0;2;1
75;0;0;0;0;1;1;0;0;1;0;0;1;1;1;1;2;0;2
76;0;0;0;0;0;1;0;0;0;0;0;0;1;1;1;1;2;0
77;0;0;0;0;0;0;1;0;0;0;0;0;0;1;1;1;1;1
78;0;0;0;0;0;0;0;1;0;0;0;0;0;0;1;1;1;1
79;0;0;0;0;0;0;0;0;1;0;0;0;0;0;0;1;1;1
80;0;0;0;0;0;0;0;0;0;1;0;0;0;1;0;0;1;1
81;0;0;0;0;0;0;0;0;0;1;1;0;0;0;1;0;0;1
82;0;1;0;0;0;0;0;0;0;0;0;1;0;0;0;1;0;0
83;0;0;1;0;0;0;0;0;0;0;0;0;0;0;0;0;1;0
84;0;0;0;0;0;0;0;0;0;0;0;0;0;0;0;0;0;1
85;0;0;0;0;0;0;0;0;0;0;0;0;0;0;0;0;0;0
86;0;0;0;0;0;0;0;0;0;0;0;0;0;0;0;0;0;0
87;0;0;0;0;0;0;0;0;0;0;0;0;0;0;0;0;0;0
88;0;0;0;0;0;0;0;0;0;0;0;0;0;0;0;0;0;0
89;0;0;0;0;0;0;0;0;0;0;0;0;0;0;0;0;0;0
90;0;0;0;0;0;0;0;0;0;0;0;0;0;0;0;0;0;0
91;0;0;0;0;0;0;0;0;0;0;0;0;0;0;0;0;0;0
92;0;0;0;0;0;0;0;0;0;0;0;0;0;0;0;0;0;0
93;0;0;0;0;0;0;0;0;0;0;0;0;0;0;0;0;0;0
94;0;0;0;0;0;0;0;0;0;0;0;0;0;0;0;0;0;0
95;0;0;0;0;0;0;0;0;0;0;0;0;0;0;0;0;0;0
96;0;0;0;0;0;0;0;0;0;0;0;0;0;0;0;0;0;0
97;0;0;0;0;0;0;0;0;0;0;0;0;0;0;0;0;0;0
98;0;0;0;0;0;0;0;0;0;0;0;0;0;0;0;0;0;0
99;0;0;0;0;0;0;0;0;0;0;0;0;0;0;0;0;0;0
100 e oltre;0;0;0;0;0;0;0;0;0;0;0;0;0;0;0;0;0;0
Totale;100;111;184;253;293;341;393;491;542;556;584;618;585;572;511;440;457;531
