"Popolazione per età, vista per singola area - Comune: 016117 - Grassobbio"

"Ricostruzione della popolazione intercensuaria - Popolazione al 1° gennaio per età"
"Tutte le cittadinanze - Comune: Grassobbio"
Età/Anno;2002;2003;2004;2005;2006;2007;2008;2009;2010;2011;2012;2013;2014;2015;2016;2017;2018;2019
Età;Totale
0;65;73;65;73;69;77;101;76;69;71;68;73;54;67;53;55;49;45
1;67;65;72;67;81;71;74;99;79;72;78;66;72;55;67;54;54;52
2;65;66;66;74;75;79;73;66;103;79;72;78;70;64;54;67;56;58
3;70;65;70;62;76;76;85;76;67;102;74;76;76;69;64;55;65;58
4;63;74;68;71;62;80;76;87;74;64;103;70;79;75;65;66;55;69
5;58;62;76;69;75;66;76;77;87;77;60;106;69;76;71;67;69;54
6;51;62;63;77;69;73;69;72;77;84;80;60;103;66;74;69;69;69
7;45;52;59;65;78;68;71;72;75;76;80;81;60;100;68;73;67;70
8;51;47;52;60;64;80;68;70;68;75;76;78;79;62;100;69;70;70
9;56;52;49;52;63;63;76;70;69;69;78;74;75;77;63;97;66;71
10;56;54;52;50;48;64;65;75;72;67;69;80;74;71;76;64;99;68
11;59;58;56;52;51;51;63;66;73;72;67;66;77;72;70;79;61;95
12;66;62;57;55;53;54;51;62;69;73;72;67;64;78;76;71;77;62
13;48;65;63;63;54;53;53;51;60;67;74;74;67;66;73;74;70;75
14;53;48;66;64;60;54;56;52;50;57;68;74;75;67;70;71;75;70
15;58;55;52;68;64;60;57;55;50;50;56;68;76;75;67;71;71;74
16;58;58;61;56;64;65;63;60;53;50;51;54;67;75;77;67;71;70
17;70;58;59;61;56;67;63;63;61;51;49;52;54;68;74;74;67;70
18;71;69;58;60;59;59;69;62;67;63;52;48;54;57;68;75;75;67
19;65;72;71;58;61;61;65;69;61;67;65;52;50;53;56;67;78;74
20;61;66;74;77;58;62;64;68;69;61;70;66;55;53;55;55;67;76
21;73;60;73;78;74;58;64;61;66;73;61;73;63;55;51;56;53;72
22;73;74;61;78;82;74;66;64;61;68;72;65;75;63;52;54;58;53
23;79;75;77;63;80;80;75;67;59;68;74;76;63;75;64;57;57;58
24;80;82;80;84;66;76;77;80;69;58;71;74;77;65;73;59;60;67
25;75;82;87;80;88;66;76;75;81;70;64;72;77;73;69;65;59;65
26;100;84;92;94;85;95;63;86;74;82;66;66;78;82;71;68;66;66
27;81;109;95;100;91;78;91;70;85;76;82;65;62;77;71;70;66;71
28;91;85;114;97;97;88;87;89;73;85;83;86;69;66;77;66;67;70
29;103;99;95;116;100;104;94;92;90;72;83;88;77;74;62;70;75;77
30;105;105;111;101;130;103;111;99;96;86;69;80;86;75;70;66;61;77
31;82;115;111;107;106;127;106;123;103;97;86;78;83;88;81;71;71;65
32;108;77;121;116;109;106;130;106;124;106;101;84;83;87;91;84;70;69
33;89;107;78;125;119;104;99;128;102;126;106;103;84;81;85;90;83;73
34;90;99;102;81;129;120;102;105;130;106;115;106;98;86;81;91;91;83
35;84;94;105;102;85;134;122;112;105;120;104;114;100;97;94;83;82;91
36;118;89;95;102;104;83;130;119;113;104;123;104;109;103;96;94;85;84
37;100;117;89;90;98;106;81;127;124;117;100;119;109;109;106;93;96;90
38;96;99;121;88;94;95;103;83;123;127;122;100;117;113;111;109;92;97
39;89;101;108;118;92;94;97;99;90;124;123;119;102;115;109;110;108;97
40;102;95;101;104;123;89;98;98;97;87;122;124;117;108;109;109;110;105
41;88;100;95;100;107;125;82;97;95;100;92;126;120;118;105;106;108;111
42;98;86;107;93;105;104;125;82;96;102;97;90;123;117;114;104;107;116
43;99;103;81;105;96;112;101;125;83;97;104;97;91;121;119;111;107;106
44;70;99;103;79;104;94;112;100;123;89;101;106;95;87;123;116;114;107
45;82;67;102;101;77;104;95;110;104;123;88;104;107;97;82;124;114;113
46;82;82;68;99;101;82;105;96;114;105;120;89;106;107;96;80;120;112
47;78;83;79;71;101;98;86;106;92;112;107;120;87;106;102;93;80;125
48;97;79;85;81;71;105;105;86;105;89;112;108;118;88;106;99;97;83
49;81;91;83;88;80;69;105;104;78;103;89;111;108;118;84;102;97;98
50;60;82;91;85;86;79;70;106;105;80;104;89;114;111;120;85;103;95
51;85;63;85;91;76;85;81;72;107;103;81;107;92;111;112;124;85;104
52;73;85;63;87;90;76;85;81;71;106;104;83;105;91;106;112;126;85
53;91;72;90;61;87;91;77;83;82;72;103;103;81;102;90;110;110;127
54;69;90;75;90;59;89;94;78;82;80;72;106;102;79;100;89;106;107
55;95;71;89;75;85;62;86;95;77;84;80;70;107;98;79;99;92;109
56;45;94;71;86;74;85;60;85;91;77;85;80;71;107;98;76;101;90
57;75;43;94;72;87;74;86;60;82;89;76;85;81;69;105;97;75;103
58;71;73;45;95;72;87;73;85;57;80;85;75;83;82;69;106;96;74
59;67;68;72;43;94;72;87;72;85;56;76;85;73;87;78;71;104;97
60;62;69;68;69;43;95;70;87;72;86;54;77;87;73;86;78;68;106
61;66;64;69;69;73;43;96;69;87;69;86;53;78;85;71;88;76;65
62;46;68;64;67;68;72;40;91;70;88;69;87;52;77;85;70;85;77
63;54;45;68;63;66;69;70;42;92;72;89;68;85;51;78;81;70;83
64;47;53;43;68;60;64;65;69;44;92;75;90;67;83;52;78;79;70
65;45;45;52;44;68;60;63;66;70;41;93;75;91;66;83;49;77;79
66;43;45;45;51;44;65;58;60;66;68;40;92;71;86;67;83;50;76
67;38;44;46;45;51;45;63;58;59;65;68;39;89;69;84;68;82;48
68;33;37;46;44;46;52;46;60;56;58;64;67;38;89;68;83;69;83
69;37;33;36;48;42;47;51;47;60;55;57;63;70;37;89;69;84;69
70;36;37;31;35;48;42;47;51;47;60;60;56;62;70;39;88;70;83
71;37;35;38;31;35;47;44;45;49;46;58;61;56;63;67;37;87;67
72;27;33;35;37;31;32;46;46;45;49;45;56;63;54;58;65;38;86
73;15;25;32;36;36;32;33;42;43;45;50;42;56;63;54;58;63;37
74;24;15;23;33;36;32;31;33;43;42;45;49;43;55;63;53;55;65
75;25;23;14;25;28;32;30;31;34;39;42;44;47;41;51;63;53;55
76;22;23;22;14;23;27;31;30;31;33;37;41;45;47;41;50;63;52
77;23;21;23;21;14;23;26;29;30;31;33;36;38;45;43;38;49;60
78;18;22;20;24;19;13;23;25;27;28;31;32;38;35;42;41;40;49
79;11;16;24;20;21;19;12;21;25;25;28;30;31;36;34;40;38;39
80;17;9;13;24;18;23;18;11;20;25;23;26;30;31;35;31;37;36
81;13;14;9;12;19;19;21;19;12;18;22;22;26;26;29;35;27;37
82;11;14;12;9;10;18;20;20;17;11;18;20;22;24;24;28;34;24
83;5;10;14;11;9;10;17;15;18;16;11;16;16;19;23;24;25;31
84;3;4;10;13;10;7;8;18;12;18;13;11;15;14;15;22;23;23
85;9;4;4;10;10;9;6;8;16;11;18;14;11;15;15;15;21;21
86;12;10;3;4;8;7;7;8;9;12;11;16;13;11;15;13;11;19
87;4;8;10;3;4;7;5;7;8;10;9;9;12;12;11;15;12;10
88;12;4;8;9;1;4;7;2;9;5;10;9;8;11;11;8;12;9
89;0;10;3;8;6;1;2;7;1;9;3;10;9;7;11;11;9;12
90;1;0;10;3;8;6;1;2;6;1;9;3;8;8;6;8;11;9
91;2;1;0;9;1;7;6;1;2;6;1;6;0;7;5;6;8;10
92;2;1;1;0;7;1;5;4;0;1;5;1;5;1;7;4;6;7
93;2;0;1;2;0;4;0;4;4;0;1;6;0;5;0;7;3;6
94;0;1;0;1;2;0;4;0;2;4;0;1;6;0;2;0;7;3
95;0;0;1;0;1;2;0;3;0;2;3;0;0;2;0;1;0;4
96;1;0;0;0;0;0;2;0;2;1;2;3;0;0;1;0;0;0
97;0;1;0;0;0;0;0;0;0;2;1;0;2;0;0;0;0;0
98;0;0;1;0;0;0;0;0;0;0;2;1;0;1;0;0;0;0
99;0;0;0;1;0;0;0;0;0;0;0;1;0;0;0;0;0;0
100 e oltre;0;0;0;0;0;0;0;0;0;0;0;0;0;0;0;0;0;0
Totale;5383;5506;5702;5823;5910;5992;6099;6185;6235;6290;6351;6426;6433;6453;6417;6417;6425;6519
Età/Anno;2002;2003;2004;2005;2006;2007;2008;2009;2010;2011;2012;2013;2014;2015;2016;2017;2018;2019
Età;Maschi
0;29;37;41;38;38;42;50;34;43;44;38;31;29;35;29;20;25;28
1;33;32;35;41;46;40;41;48;39;45;46;34;32;27;37;30;16;27
2;33;33;34;36;47;46;41;38;51;41;43;46;37;26;23;36;30;17
3;32;33;36;32;39;48;50;42;37;49;38;46;44;37;30;25;33;33
4;35;33;35;35;33;45;47;51;38;36;50;34;48;47;36;32;25;36
5;29;32;34;36;39;34;42;46;50;41;32;54;32;47;45;36;33;25
6;29;33;34;34;35;38;36;39;45;47;43;36;53;29;48;42;37;33
7;22;29;30;35;37;36;37;37;39;46;45;43;37;51;30;46;40;38
8;32;23;29;31;35;38;36;37;34;39;44;44;43;37;52;31;43;43
9;25;32;25;30;32;34;36;36;36;35;41;43;43;43;37;51;31;43
10;29;23;30;27;26;32;35;34;39;34;36;43;44;42;42;36;54;32
11;30;30;24;30;28;25;31;35;31;39;35;36;42;43;40;43;36;53
12;35;31;30;24;31;29;25;30;35;32;39;35;36;43;46;41;42;36
13;29;34;32;35;24;31;30;25;29;34;34;41;35;39;40;45;40;40
14;25;29;33;32;34;23;31;29;25;27;34;33;43;36;40;38;46;38
15;22;25;33;35;32;33;24;30;27;25;27;35;33;43;36;40;37;45
16;25;22;30;36;34;34;35;27;29;27;26;26;34;32;43;36;39;36
17;40;25;21;30;35;37;31;35;28;28;26;26;26;35;31;40;36;38
18;38;40;26;22;29;35;37;31;36;30;29;26;27;28;34;31;40;36
19;36;39;41;27;23;29;38;38;31;36;32;29;28;28;27;33;31;38
20;24;38;39;45;26;26;30;42;36;31;37;32;31;29;29;26;33;31
21;42;26;41;40;44;25;29;28;40;39;30;39;34;29;27;30;25;38
22;34;42;28;42;42;44;29;30;28;41;38;33;37;33;27;28;30;24
23;45;34;41;30;46;39;43;28;26;32;42;38;28;36;34;31;30;28
24;44;45;37;46;29;43;39;45;28;27;33;43;39;30;36;31;31;35
25;39;42;48;38;46;29;41;37;45;30;27;32;44;37;34;33;29;37
26;56;42;46;54;43;46;25;46;38;44;30;32;36;48;33;34;32;34
27;33;61;48;47;53;39;42;29;47;41;46;32;31;35;44;32;32;34
28;42;36;66;50;44;49;40;44;31;44;43;49;36;31;37;44;30;31
29;58;48;44;70;53;42;49;45;39;25;41;46;40;40;27;38;44;36
30;53;58;56;49;72;52;47;52;48;43;25;41;42;36;38;30;33;40
31;41;58;65;56;51;67;50;55;52;49;41;34;44;45;40;39;31;38
32;59;38;58;70;55;54;70;51;53;51;51;41;38;51;49;41;39;29
33;57;58;38;65;71;52;48;75;51;57;52;51;40;37;48;47;41;39
34;49;62;52;41;67;70;50;52;76;49;51;52;47;41;37;51;50;41
35;43;53;65;52;47;70;73;55;51;66;50;52;50;46;45;39;49;51
36;64;47;55;60;50;47;67;72;58;51;68;52;49;52;45;45;41;48
37;47;62;48;52;54;53;45;67;75;61;48;65;54;51;54;44;46;45
38;43;46;66;46;53;53;50;48;66;74;67;47;64;59;54;57;43;48
39;47;47;52;67;49;51;53;46;50;67;70;66;50;65;60;55;55;47
40;54;51;46;53;69;46;55;53;47;50;64;72;65;58;60;59;58;53
41;44;57;50;44;54;66;43;54;55;50;53;67;68;64;57;60;59;57
42;53;42;62;51;47;50;69;44;54;58;47;50;66;68;62;57;59;65
43;53;56;40;60;51;52;48;70;45;51;59;47;51;65;69;58;60;57
44;33;54;54;38;59;50;52;46;68;49;54;60;44;45;66;67;58;60
45;42;33;55;54;35;59;51;50;48;69;49;59;60;42;43;65;67;57
46;38;43;33;54;53;36;58;52;52;50;66;49;59;59;42;42;64;65
47;39;40;41;35;57;51;37;57;51;51;52;66;49;59;57;40;42;65
48;48;39;40;41;37;61;52;37;58;49;51;53;65;50;58;57;44;42
49;43;45;42;40;41;37;60;52;35;56;48;51;53;64;47;53;57;44
50;32;44;45;44;37;39;38;61;53;35;57;48;54;56;64;46;53;54
51;46;34;45;43;37;37;40;40;62;54;34;60;50;52;57;64;46;54
52;37;43;34;47;42;37;38;40;40;62;54;34;58;51;50;57;67;47
53;41;37;47;30;47;43;38;37;40;41;59;52;32;55;51;53;56;67
54;32;39;38;47;30;48;45;38;37;38;39;59;50;31;53;50;52;53
55;49;34;39;38;44;32;46;46;37;38;36;39;60;47;31;53;51;55
56;20;47;34;37;37;44;31;45;43;37;39;38;40;58;47;30;55;50
57;44;20;48;34;38;37;46;30;45;42;37;39;37;38;57;47;29;54
58;39;43;20;50;34;38;37;45;29;43;41;36;38;38;38;57;47;29
59;36;37;43;19;49;35;38;38;45;28;40;42;35;40;36;38;55;47
60;30;38;38;40;19;49;33;38;38;46;28;40;42;35;38;36;37;55
61;36;31;37;38;44;19;50;32;36;36;46;27;40;41;34;39;34;35
62;23;38;31;36;37;44;19;47;32;37;36;47;26;39;42;33;39;35
63;31;23;38;30;35;37;42;20;48;32;38;36;45;26;39;41;33;37
64;24;30;23;38;29;34;34;40;20;48;32;38;35;44;26;39;42;34
65;27;23;29;23;38;29;33;34;40;18;49;32;39;34;45;25;39;42
66;24;28;23;29;22;35;27;31;34;39;17;48;30;38;35;45;25;39
67;18;24;28;23;29;22;33;27;30;35;38;17;46;29;36;36;44;25
68;12;17;24;26;24;30;22;31;26;29;34;36;17;46;29;35;37;44
69;20;12;16;26;25;24;29;21;31;26;29;33;38;16;45;29;35;37
70;22;20;10;13;26;25;24;27;22;31;27;28;32;37;17;45;30;34
71;14;22;21;10;13;26;26;24;27;22;31;28;28;32;36;15;45;28
72;11;13;22;21;10;11;26;28;24;28;23;30;27;28;30;34;15;44
73;6;11;12;22;20;10;11;23;25;24;28;21;30;27;27;30;33;14
74;9;6;10;13;22;18;10;11;24;24;25;27;21;29;27;26;27;35
75;10;8;5;10;10;20;16;10;12;20;24;24;25;19;25;27;26;26
76;9;7;7;5;10;9;20;16;10;12;19;23;25;25;19;24;27;25
77;8;7;7;7;5;10;8;19;16;10;12;18;21;25;21;17;23;25
78;7;8;6;7;6;5;10;8;17;15;10;12;18;20;22;19;17;23
79;4;6;9;6;7;6;4;9;8;15;15;9;11;18;19;21;18;17
80;8;1;4;9;5;7;5;4;8;8;13;15;9;11;18;16;21;17
81;7;7;1;3;6;6;6;5;4;8;8;12;15;7;10;18;13;21
82;3;6;5;1;1;5;7;6;5;2;8;8;13;14;7;9;16;11
83;3;3;4;4;1;1;4;5;5;5;2;6;5;12;14;7;7;15
84;2;3;3;5;4;1;0;5;3;7;2;2;5;5;8;13;7;6
85;2;3;3;3;4;4;0;0;4;3;7;3;2;5;5;8;12;5
86;4;2;2;3;2;4;3;2;1;4;2;6;2;2;5;5;4;11
87;0;3;2;2;3;2;3;3;2;0;3;2;5;2;2;5;5;3
88;4;1;2;1;0;3;2;1;4;1;0;3;2;5;1;1;3;4
89;0;3;1;2;1;0;1;2;1;4;0;0;3;2;5;1;2;3
90;0;0;3;1;1;1;0;1;2;0;4;0;0;3;2;2;1;2
91;0;0;0;3;0;1;1;0;1;2;0;2;0;0;2;2;3;1
92;0;0;0;0;2;0;1;0;0;0;2;0;2;0;0;2;2;3
93;0;0;0;0;0;1;0;1;0;0;0;2;0;1;0;0;1;2
94;0;0;0;0;0;0;1;0;1;0;0;0;2;0;1;0;0;1
95;0;0;0;0;0;0;0;1;0;1;0;0;0;1;0;1;0;0
96;1;0;0;0;0;0;0;0;1;0;1;0;0;0;0;0;0;0
97;0;1;0;0;0;0;0;0;0;1;0;0;0;0;0;0;0;0
98;0;0;1;0;0;0;0;0;0;0;1;0;0;0;0;0;0;0
99;0;0;0;1;0;0;0;0;0;0;0;0;0;0;0;0;0;0
100 e oltre;0;0;0;0;0;0;0;0;0;0;0;0;0;0;0;0;0;0
Totale;2730;2801;2909;2986;3031;3057;3086;3136;3166;3201;3221;3274;3275;3297;3281;3266;3260;3303
Età/Anno;2002;2003;2004;2005;2006;2007;2008;2009;2010;2011;2012;2013;2014;2015;2016;2017;2018;2019
Età;Femmine
0;36;36;24;35;31;35;51;42;26;27;30;42;25;32;24;35;24;17
1;34;33;37;26;35;31;33;51;40;27;32;32;40;28;30;24;38;25
2;32;33;32;38;28;33;32;28;52;38;29;32;33;38;31;31;26;41
3;38;32;34;30;37;28;35;34;30;53;36;30;32;32;34;30;32;25
4;28;41;33;36;29;35;29;36;36;28;53;36;31;28;29;34;30;33
5;29;30;42;33;36;32;34;31;37;36;28;52;37;29;26;31;36;29
6;22;29;29;43;34;35;33;33;32;37;37;24;50;37;26;27;32;36
7;23;23;29;30;41;32;34;35;36;30;35;38;23;49;38;27;27;32
8;19;24;23;29;29;42;32;33;34;36;32;34;36;25;48;38;27;27
9;31;20;24;22;31;29;40;34;33;34;37;31;32;34;26;46;35;28
10;27;31;22;23;22;32;30;41;33;33;33;37;30;29;34;28;45;36
11;29;28;32;22;23;26;32;31;42;33;32;30;35;29;30;36;25;42
12;31;31;27;31;22;25;26;32;34;41;33;32;28;35;30;30;35;26
13;19;31;31;28;30;22;23;26;31;33;40;33;32;27;33;29;30;35
14;28;19;33;32;26;31;25;23;25;30;34;41;32;31;30;33;29;32
15;36;30;19;33;32;27;33;25;23;25;29;33;43;32;31;31;34;29
16;33;36;31;20;30;31;28;33;24;23;25;28;33;43;34;31;32;34
17;30;33;38;31;21;30;32;28;33;23;23;26;28;33;43;34;31;32
18;33;29;32;38;30;24;32;31;31;33;23;22;27;29;34;44;35;31
19;29;33;30;31;38;32;27;31;30;31;33;23;22;25;29;34;47;36
20;37;28;35;32;32;36;34;26;33;30;33;34;24;24;26;29;34;45
21;31;34;32;38;30;33;35;33;26;34;31;34;29;26;24;26;28;34
22;39;32;33;36;40;30;37;34;33;27;34;32;38;30;25;26;28;29
23;34;41;36;33;34;41;32;39;33;36;32;38;35;39;30;26;27;30
24;36;37;43;38;37;33;38;35;41;31;38;31;38;35;37;28;29;32
25;36;40;39;42;42;37;35;38;36;40;37;40;33;36;35;32;30;28
26;44;42;46;40;42;49;38;40;36;38;36;34;42;34;38;34;34;32
27;48;48;47;53;38;39;49;41;38;35;36;33;31;42;27;38;34;37
28;49;49;48;47;53;39;47;45;42;41;40;37;33;35;40;22;37;39
29;45;51;51;46;47;62;45;47;51;47;42;42;37;34;35;32;31;41
30;52;47;55;52;58;51;64;47;48;43;44;39;44;39;32;36;28;37
31;41;57;46;51;55;60;56;68;51;48;45;44;39;43;41;32;40;27
32;49;39;63;46;54;52;60;55;71;55;50;43;45;36;42;43;31;40
33;32;49;40;60;48;52;51;53;51;69;54;52;44;44;37;43;42;34
34;41;37;50;40;62;50;52;53;54;57;64;54;51;45;44;40;41;42
35;41;41;40;50;38;64;49;57;54;54;54;62;50;51;49;44;33;40
36;54;42;40;42;54;36;63;47;55;53;55;52;60;51;51;49;44;36
37;53;55;41;38;44;53;36;60;49;56;52;54;55;58;52;49;50;45
38;53;53;55;42;41;42;53;35;57;53;55;53;53;54;57;52;49;49
39;42;54;56;51;43;43;44;53;40;57;53;53;52;50;49;55;53;50
40;48;44;55;51;54;43;43;45;50;37;58;52;52;50;49;50;52;52
41;44;43;45;56;53;59;39;43;40;50;39;59;52;54;48;46;49;54
42;45;44;45;42;58;54;56;38;42;44;50;40;57;49;52;47;48;51
43;46;47;41;45;45;60;53;55;38;46;45;50;40;56;50;53;47;49
44;37;45;49;41;45;44;60;54;55;40;47;46;51;42;57;49;56;47
45;40;34;47;47;42;45;44;60;56;54;39;45;47;55;39;59;47;56
46;44;39;35;45;48;46;47;44;62;55;54;40;47;48;54;38;56;47
47;39;43;38;36;44;47;49;49;41;61;55;54;38;47;45;53;38;60
48;49;40;45;40;34;44;53;49;47;40;61;55;53;38;48;42;53;41
49;38;46;41;48;39;32;45;52;43;47;41;60;55;54;37;49;40;54
50;28;38;46;41;49;40;32;45;52;45;47;41;60;55;56;39;50;41
51;39;29;40;48;39;48;41;32;45;49;47;47;42;59;55;60;39;50
52;36;42;29;40;48;39;47;41;31;44;50;49;47;40;56;55;59;38
53;50;35;43;31;40;48;39;46;42;31;44;51;49;47;39;57;54;60
54;37;51;37;43;29;41;49;40;45;42;33;47;52;48;47;39;54;54
55;46;37;50;37;41;30;40;49;40;46;44;31;47;51;48;46;41;54
56;25;47;37;49;37;41;29;40;48;40;46;42;31;49;51;46;46;40
57;31;23;46;38;49;37;40;30;37;47;39;46;44;31;48;50;46;49
58;32;30;25;45;38;49;36;40;28;37;44;39;45;44;31;49;49;45
59;31;31;29;24;45;37;49;34;40;28;36;43;38;47;42;33;49;50
60;32;31;30;29;24;46;37;49;34;40;26;37;45;38;48;42;31;51
61;30;33;32;31;29;24;46;37;51;33;40;26;38;44;37;49;42;30
62;23;30;33;31;31;28;21;44;38;51;33;40;26;38;43;37;46;42
63;23;22;30;33;31;32;28;22;44;40;51;32;40;25;39;40;37;46
64;23;23;20;30;31;30;31;29;24;44;43;52;32;39;26;39;37;36
65;18;22;23;21;30;31;30;32;30;23;44;43;52;32;38;24;38;37
66;19;17;22;22;22;30;31;29;32;29;23;44;41;48;32;38;25;37
67;20;20;18;22;22;23;30;31;29;30;30;22;43;40;48;32;38;23
68;21;20;22;18;22;22;24;29;30;29;30;31;21;43;39;48;32;39
69;17;21;20;22;17;23;22;26;29;29;28;30;32;21;44;40;49;32
70;14;17;21;22;22;17;23;24;25;29;33;28;30;33;22;43;40;49
71;23;13;17;21;22;21;18;21;22;24;27;33;28;31;31;22;42;39
72;16;20;13;16;21;21;20;18;21;21;22;26;36;26;28;31;23;42
73;9;14;20;14;16;22;22;19;18;21;22;21;26;36;27;28;30;23
74;15;9;13;20;14;14;21;22;19;18;20;22;22;26;36;27;28;30
75;15;15;9;15;18;12;14;21;22;19;18;20;22;22;26;36;27;29
76;13;16;15;9;13;18;11;14;21;21;18;18;20;22;22;26;36;27
77;15;14;16;14;9;13;18;10;14;21;21;18;17;20;22;21;26;35
78;11;14;14;17;13;8;13;17;10;13;21;20;20;15;20;22;23;26
79;7;10;15;14;14;13;8;12;17;10;13;21;20;18;15;19;20;22
80;9;8;9;15;13;16;13;7;12;17;10;11;21;20;17;15;16;19
81;6;7;8;9;13;13;15;14;8;10;14;10;11;19;19;17;14;16
82;8;8;7;8;9;13;13;14;12;9;10;12;9;10;17;19;18;13
83;2;7;10;7;8;9;13;10;13;11;9;10;11;7;9;17;18;16
84;1;1;7;8;6;6;8;13;9;11;11;9;10;9;7;9;16;17
85;7;1;1;7;6;5;6;8;12;8;11;11;9;10;10;7;9;16
86;8;8;1;1;6;3;4;6;8;8;9;10;11;9;10;8;7;8
87;4;5;8;1;1;5;2;4;6;10;6;7;7;10;9;10;7;7
88;8;3;6;8;1;1;5;1;5;4;10;6;6;6;10;7;9;5
89;0;7;2;6;5;1;1;5;0;5;3;10;6;5;6;10;7;9
90;1;0;7;2;7;5;1;1;4;1;5;3;8;5;4;6;10;7
91;2;1;0;6;1;6;5;1;1;4;1;4;0;7;3;4;5;9
92;2;1;1;0;5;1;4;4;0;1;3;1;3;1;7;2;4;4
93;2;0;1;2;0;3;0;3;4;0;1;4;0;4;0;7;2;4
94;0;1;0;1;2;0;3;0;1;4;0;1;4;0;1;0;7;2
95;0;0;1;0;1;2;0;2;0;1;3;0;0;1;0;0;0;4
96;0;0;0;0;0;0;2;0;1;1;1;3;0;0;1;0;0;0
97;0;0;0;0;0;0;0;0;0;1;1;0;2;0;0;0;0;0
98;0;0;0;0;0;0;0;0;0;0;1;1;0;1;0;0;0;0
99;0;0;0;0;0;0;0;0;0;0;0;1;0;0;0;0;0;0
100 e oltre;0;0;0;0;0;0;0;0;0;0;0;0;0;0;0;0;0;0
Totale;2653;2705;2793;2837;2879;2935;3013;3049;3069;3089;3130;3152;3158;3156;3136;3151;3165;3216

"Ricostruzione della popolazione intercensuaria - Popolazione al 1° gennaio per età"
"Cittadinanza italiana - Comune: Grassobbio"
Età/Anno;2002;2003;2004;2005;2006;2007;2008;2009;2010;2011;2012;2013;2014;2015;2016;2017;2018;2019
Età;Totale
0;57;67;61;66;61;62;83;67;57;55;60;60;41;59;40;42;39;37
1;59;58;66;62;70;61;61;80;69;58;58;55;58;43;58;42;40;42
2;62;59;57;67;66;67;65;54;83;69;59;57;56;56;41;59;44;43
3;67;62;64;53;68;68;71;65;56;82;65;61;57;57;58;44;57;47
4;58;68;65;63;55;71;67;73;64;54;85;60;63;60;56;60;46;57
5;53;58;70;65;66;57;70;67;73;66;51;86;57;62;60;59;63;44
6;47;56;58;72;67;66;59;69;64;73;69;53;81;54;63;59;61;61
7;42;48;54;60;73;66;64;63;71;64;70;67;52;79;57;64;58;61
8;49;43;49;55;58;74;65;63;59;71;64;66;65;53;81;58;64;60
9;55;49;45;50;56;58;70;67;62;60;74;63;63;65;57;82;58;64
10;54;53;49;46;46;57;59;69;67;63;59;75;64;62;68;58;85;58
11;56;57;55;49;47;46;57;59;68;67;63;57;72;65;64;72;59;83
12;65;58;56;55;50;49;46;56;61;68;67;60;58;74;67;66;71;59
13;47;63;60;58;54;50;49;46;54;59;68;69;60;59;71;65;66;70
14;52;47;63;60;55;53;53;48;45;52;59;66;70;60;63;70;65;66
15;57;53;49;65;60;54;55;51;48;44;51;59;66;70;60;64;70;65
16;58;57;55;50;62;59;57;57;51;48;44;49;58;63;72;59;64;69
17;69;57;57;56;50;63;57;58;57;49;47;46;49;59;63;69;61;64
18;69;67;56;57;56;52;64;57;60;57;49;47;46;51;61;67;70;62
19;63;69;69;55;57;56;56;61;57;61;57;49;46;46;50;60;70;69
20;61;64;70;73;57;58;60;56;61;55;60;56;50;47;48;52;60;68
21;71;59;69;73;70;56;59;57;54;62;56;61;53;52;47;50;50;62
22;70;71;59;72;73;71;60;57;56;52;63;57;61;55;51;49;53;49
23;76;74;73;59;74;71;71;57;53;58;54;64;56;63;58;53;52;52
24;77;78;74;76;62;72;72;72;58;51;57;53;64;57;63;52;54;58
25;68;78;80;72;79;60;76;70;73;57;55;56;55;64;57;56;51;56
26;99;77;82;84;77;79;57;81;69;72;56;48;62;55;60;57;56;53
27;76;105;84;86;81;71;76;63;75;69;68;56;45;62;50;63;57;61
28;85;81;107;88;87;82;79;73;64;72;75;65;56;51;61;44;61;63
29;99;93;87;109;86;92;87;81;76;60;69;75;58;60;50;57;53;68
30;99;96;102;91;113;86;95;85;83;70;56;66;74;60;59;50;49;55
31;76;107;101;100;94;114;88;101;89;87;67;63;67;74;63;62;53;50
32;100;72;108;106;101;96;117;84;96;91;87;66;64;71;78;66;61;51
33;78;98;72;111;109;95;89;115;84;96;95;85;64;62;71;81;65;62
34;82;83;95;74;115;113;92;95;119;89;96;97;82;71;63;76;82;66
35;79;87;91;96;74;122;114;99;95;112;87;96;89;81;80;64;69;81
36;111;83;86;92;95;72;121;111;100;91;111;85;92;89;84;78;68;67
37;95;110;81;84;91;94;71;118;116;104;89;108;87;89;89;83;79;74
38;92;94;114;81;88;88;93;71;115;114;109;89;103;89;87;91;82;82
39;83;96;99;114;86;90;91;91;77;116;111;107;92;101;88;90;90;88
40;97;87;97;96;118;84;92;92;88;75;114;113;105;94;99;90;93;90
41;83;95;84;95;99;119;78;92;89;92;78;116;111;106;93;97;90;94
42;96;82;100;80;101;97;120;79;91;93;91;75;112;108;102;94;99;99
43;95;100;77;100;82;105;93;121;79;91;94;90;76;113;111;100;97;97
44;66;95;101;76;101;82;104;92;116;82;94;96;86;74;115;108;104;97
45;82;63;98;100;75;101;83;103;96;115;82;98;93;87;73;118;105;104
46;81;81;63;97;99;80;99;83;105;98;113;82;99;93;88;73;117;106
47;78;82;78;65;99;97;83;100;82;105;100;113;82;99;87;88;73;120
48;94;79;84;77;67;103;98;79;97;78;105;101;112;82;101;86;91;74
49;80;88;81;84;77;65;104;98;76;94;79;104;101;111;79;97;85;90
50;60;79;87;83;80;75;64;101;98;78;94;80;107;103;112;80;98;85
51;85;62;80;87;75;81;77;65;101;98;77;97;84;106;103;113;80;98
52;73;85;62;81;88;75;81;78;65;101;99;78;96;82;102;103;116;78
53;91;72;87;58;81;88;75;79;77;67;98;98;76;95;82;106;102;117
54;69;90;75;87;57;82;89;76;78;75;68;101;97;75;94;81;102;100
55;95;71;89;75;83;59;80;90;75;78;74;67;101;92;76;92;83;105
56;45;94;71;86;73;83;58;79;88;75;79;75;67;99;93;74;94;84
57;74;43;94;72;87;73;84;58;78;87;74;79;76;65;97;92;73;96
58;71;72;44;94;72;87;73;83;55;78;83;73;79;77;67;97;91;72
59;66;67;72;42;93;72;87;72;83;54;75;82;71;83;74;69;97;92
60;61;68;67;69;42;94;70;87;72;84;54;76;83;71;82;75;66;99
61;65;62;68;67;73;42;95;69;86;69;84;53;77;82;69;82;73;64
62;46;67;62;65;66;71;39;90;70;87;69;85;52;77;82;69;79;74
63;54;45;67;62;64;67;69;41;91;71;88;68;84;51;78;78;70;78
64;47;53;43;67;59;64;64;68;43;91;74;88;67;82;51;78;78;70
65;44;45;52;44;67;59;63;64;69;40;92;74;89;66;82;49;77;78
66;43;44;45;51;44;65;57;60;63;67;39;91;71;86;66;81;50;76
67;37;43;45;45;51;45;63;57;59;64;67;38;88;69;84;67;80;48
68;33;36;44;43;46;51;46;60;55;58;64;66;37;88;68;82;67;81
69;37;33;35;45;41;47;51;47;60;54;57;63;69;36;88;69;83;67
70;36;37;31;34;45;41;47;51;47;60;57;56;62;69;38;87;70;82
71;37;35;38;31;34;45;42;45;49;46;58;58;56;63;66;36;86;67
72;27;33;35;37;31;32;44;44;45;49;45;56;59;54;58;63;37;85
73;15;25;32;35;36;32;33;40;41;45;49;42;56;59;54;57;61;36
74;24;15;23;33;35;32;31;33;41;40;45;48;43;55;59;53;54;63
75;25;23;14;25;28;31;30;31;34;37;40;44;46;41;51;59;53;53
76;22;23;22;14;23;27;31;30;31;33;35;39;44;46;41;50;59;52
77;23;21;23;21;14;23;25;29;30;31;33;34;36;43;42;38;49;56
78;18;22;20;24;19;13;23;24;27;28;31;32;34;33;40;40;40;49
79;11;16;24;20;21;19;12;21;24;25;28;30;31;32;32;38;37;39
80;17;9;13;24;18;23;18;11;20;24;23;26;30;31;31;29;35;35
81;13;14;9;12;19;19;21;19;12;18;21;22;26;26;29;31;25;35
82;11;14;12;9;10;18;20;20;17;11;18;20;22;24;24;28;30;22
83;5;10;14;11;9;10;17;15;18;16;11;16;16;19;23;24;25;28
84;3;4;10;13;10;7;8;18;12;18;13;11;15;14;15;22;23;23
85;9;4;4;10;10;9;6;8;16;11;18;14;11;15;15;15;21;21
86;12;10;3;4;8;7;7;8;9;12;11;16;13;11;15;13;11;19
87;4;8;10;3;4;7;5;7;8;10;9;9;12;12;11;15;12;10
88;12;4;8;9;1;4;7;2;9;5;10;9;8;11;11;8;12;9
89;0;10;3;8;6;1;2;7;1;9;3;10;9;7;11;11;9;12
90;1;0;10;3;8;6;1;2;6;1;9;3;8;8;6;8;11;9
91;2;1;0;9;1;7;6;1;2;6;1;6;0;7;5;6;8;10
92;2;1;1;0;7;1;5;4;0;1;5;1;5;1;7;4;6;7
93;2;0;1;2;0;4;0;4;4;0;1;6;0;5;0;7;3;6
94;0;1;0;1;2;0;4;0;2;4;0;1;6;0;2;0;7;3
95;0;0;1;0;1;2;0;3;0;2;3;0;0;2;0;1;0;4
96;1;0;0;0;0;0;2;0;2;1;2;3;0;0;1;0;0;0
97;0;1;0;0;0;0;0;0;0;2;1;0;2;0;0;0;0;0
98;0;0;1;0;0;0;0;0;0;0;2;1;0;1;0;0;0;0
99;0;0;0;1;0;0;0;0;0;0;0;1;0;0;0;0;0;0
100 e oltre;0;0;0;0;0;0;0;0;0;0;0;0;0;0;0;0;0;0
Totale;5196;5279;5406;5491;5549;5604;5682;5707;5731;5742;5781;5792;5754;5791;5802;5824;5853;5915
Età/Anno;2002;2003;2004;2005;2006;2007;2008;2009;2010;2011;2012;2013;2014;2015;2016;2017;2018;2019
Età;Maschi
0;26;33;37;33;34;36;44;31;36;35;33;23;18;30;18;15;21;24
1;30;28;31;36;37;33;35;40;33;36;35;29;23;20;32;20;11;23
2;30;30;29;32;39;36;35;32;43;35;35;34;30;23;17;32;20;12
3;30;30;33;26;33;40;39;35;32;42;32;37;34;30;25;20;29;24
4;33;29;32;32;27;37;39;42;32;32;45;29;38;37;29;27;21;29
5;25;31;30;32;35;27;37;38;42;34;29;47;27;38;37;30;28;21
6;26;28;32;31;33;34;28;36;35;41;35;33;44;25;40;34;32;26
7;21;26;26;33;33;35;33;30;36;36;39;33;34;43;26;39;33;32
8;30;22;27;27;31;34;34;33;28;36;36;37;35;34;44;27;39;35
9;25;30;24;28;28;31;32;34;32;28;38;36;36;36;36;43;28;39
10;28;23;29;26;24;29;32;30;35;33;28;39;38;36;37;35;45;28
11;28;30;24;29;26;23;29;32;27;35;33;28;38;38;37;38;35;45
12;35;28;30;24;30;27;23;28;32;28;35;31;30;39;39;39;38;35
13;29;34;29;31;24;30;27;23;27;31;29;37;31;32;38;39;39;37
14;24;29;33;29;30;23;30;26;23;25;31;27;38;32;34;37;39;38
15;22;24;32;35;29;29;23;28;26;23;25;31;27;39;32;35;36;39
16;25;22;25;33;34;29;32;25;28;26;23;24;30;24;39;31;34;35
17;39;24;21;25;32;36;27;33;26;27;25;23;24;31;24;36;33;34
18;36;38;24;21;26;32;35;27;33;26;27;25;23;25;31;25;37;33
19;35;36;39;24;21;26;33;34;27;33;26;27;25;24;24;29;26;35
20;24;36;36;42;25;23;28;34;33;27;32;25;27;25;24;26;29;27
21;40;25;38;36;41;24;25;26;33;34;26;33;27;26;25;25;25;33
22;33;39;26;39;36;41;25;26;25;32;34;28;30;28;26;25;26;23
23;43;34;38;26;42;35;40;23;24;26;33;34;24;32;31;29;27;25
24;42;43;33;41;26;40;36;40;24;24;27;33;35;24;32;28;29;30
25;37;40;45;31;42;25;41;34;40;24;23;26;33;34;25;29;25;32
26;55;39;43;47;36;40;23;44;36;39;24;21;30;35;31;25;29;27
27;33;57;43;45;44;35;36;25;42;38;39;27;20;31;34;31;25;31
28;40;36;60;48;43;43;37;36;28;39;39;39;27;22;31;33;29;26
29;56;46;41;66;46;41;44;39;35;23;37;37;33;31;20;31;34;32
30;49;54;51;43;65;43;43;43;41;37;22;35;35;31;31;20;27;30
31;36;55;59;52;41;62;42;48;45;43;34;29;38;35;34;34;20;29
32;56;34;54;62;51;47;64;42;44;46;44;34;30;44;40;36;34;19
33;49;54;33;57;61;50;42;66;40;47;47;43;32;29;44;41;34;33
34;44;50;49;35;60;63;48;46;68;41;48;47;42;34;29;45;43;33
35;38;48;54;49;36;63;66;50;45;61;40;48;43;40;38;31;42;44
36;59;42;48;54;46;37;63;66;50;44;60;40;44;43;41;37;34;40
37;43;57;41;46;50;47;37;61;69;53;43;57;41;44;44;41;38;38
38;40;43;61;40;48;49;46;37;59;67;59;41;54;44;43;46;39;41
39;44;43;46;63;44;49;51;43;41;59;63;59;44;54;47;45;46;43
40;50;47;43;46;65;42;50;50;44;40;57;64;57;48;52;49;46;46
41;40;53;45;40;47;63;39;50;50;47;43;59;62;56;48;53;48;46
42;51;39;56;44;44;45;66;41;50;54;46;39;57;61;54;50;54;55
43;50;53;37;55;44;47;43;67;41;48;54;46;41;59;64;50;53;53
44;31;51;53;36;56;44;47;42;64;44;50;56;43;38;60;62;51;52
45;42;31;52;53;34;56;45;46;44;64;44;55;53;41;38;61;61;51
46;37;42;30;52;51;35;53;45;47;46;62;44;55;53;42;37;61;62
47;39;39;40;31;55;51;36;52;44;48;48;62;45;55;48;40;37;61
48;45;39;39;39;34;59;50;34;51;41;48;49;61;45;56;49;43;37
49;42;42;40;39;40;34;59;51;34;48;41;48;49;59;43;51;50;43
50;32;42;41;42;36;38;33;58;50;34;49;42;51;51;59;42;51;48
51;46;34;42;41;36;36;39;34;58;51;33;52;45;50;51;59;42;51
52;37;43;34;43;41;36;37;39;35;59;51;32;51;45;49;51;62;41
53;41;37;45;30;43;41;36;36;39;37;56;49;30;50;45;52;50;63
54;32;39;38;45;30;44;41;36;36;37;37;56;47;30;49;44;51;49
55;49;34;39;38;42;31;42;42;35;36;35;37;56;44;30;49;45;54
56;20;47;34;37;37;42;30;41;41;35;37;37;38;54;44;29;51;45
57;44;20;48;34;38;37;44;30;41;40;35;37;37;36;53;44;28;51
58;39;43;20;49;34;38;37;43;29;41;39;34;36;38;37;52;44;28
59;36;36;43;19;48;35;38;38;43;28;39;39;33;38;36;37;52;44
60;29;38;37;40;19;48;33;38;38;44;28;39;39;33;37;36;36;52
61;35;30;37;37;44;19;49;32;36;36;44;27;39;39;32;37;34;35
62;23;37;30;35;36;44;19;46;32;37;36;45;26;39;40;32;37;35
63;31;23;37;30;34;36;42;20;47;32;38;36;44;26;39;39;33;35
64;24;30;23;37;29;34;34;40;20;47;32;38;35;43;26;39;41;34
65;26;23;29;23;37;29;33;34;40;18;48;32;39;34;44;25;39;41
66;24;27;23;29;22;35;27;31;33;39;17;47;30;38;34;44;25;39
67;17;24;27;23;29;22;33;27;30;34;38;17;45;29;36;35;43;25
68;12;16;24;25;24;29;22;31;26;29;34;36;17;45;29;35;35;43
69;20;12;15;25;24;24;29;21;31;26;29;33;38;16;44;29;35;35
70;22;20;10;12;25;24;24;27;22;31;27;28;32;37;17;44;30;34
71;14;22;21;10;12;25;25;24;27;22;31;28;28;32;36;15;44;28
72;11;13;22;21;10;11;25;27;24;28;23;30;27;28;30;33;15;43
73;6;11;12;22;20;10;11;22;24;24;28;21;30;27;27;30;32;14
74;9;6;10;13;22;18;10;11;23;23;25;27;21;29;27;26;27;34
75;10;8;5;10;10;20;16;10;12;19;23;24;25;19;25;27;26;26
76;9;7;7;5;10;9;20;16;10;12;18;22;24;25;19;24;27;25
77;8;7;7;7;5;10;8;19;16;10;12;17;20;24;21;17;23;25
78;7;8;6;7;6;5;10;8;17;15;10;12;17;19;21;19;17;23
79;4;6;9;6;7;6;4;9;8;15;15;9;11;17;18;20;18;17
80;8;1;4;9;5;7;5;4;8;8;13;15;9;11;17;15;20;17
81;7;7;1;3;6;6;6;5;4;8;8;12;15;7;10;17;12;20
82;3;6;5;1;1;5;7;6;5;2;8;8;13;14;7;9;15;10
83;3;3;4;4;1;1;4;5;5;5;2;6;5;12;14;7;7;14
84;2;3;3;5;4;1;0;5;3;7;2;2;5;5;8;13;7;6
85;2;3;3;3;4;4;0;0;4;3;7;3;2;5;5;8;12;5
86;4;2;2;3;2;4;3;2;1;4;2;6;2;2;5;5;4;11
87;0;3;2;2;3;2;3;3;2;0;3;2;5;2;2;5;5;3
88;4;1;2;1;0;3;2;1;4;1;0;3;2;5;1;1;3;4
89;0;3;1;2;1;0;1;2;1;4;0;0;3;2;5;1;2;3
90;0;0;3;1;1;1;0;1;2;0;4;0;0;3;2;2;1;2
91;0;0;0;3;0;1;1;0;1;2;0;2;0;0;2;2;3;1
92;0;0;0;0;2;0;1;0;0;0;2;0;2;0;0;2;2;3
93;0;0;0;0;0;1;0;1;0;0;0;2;0;1;0;0;1;2
94;0;0;0;0;0;0;1;0;1;0;0;0;2;0;1;0;0;1
95;0;0;0;0;0;0;0;1;0;1;0;0;0;1;0;1;0;0
96;1;0;0;0;0;0;0;0;1;0;1;0;0;0;0;0;0;0
97;0;1;0;0;0;0;0;0;0;1;0;0;0;0;0;0;0;0
98;0;0;1;0;0;0;0;0;0;0;1;0;0;0;0;0;0;0
99;0;0;0;1;0;0;0;0;0;0;0;0;0;0;0;0;0;0
100 e oltre;0;0;0;0;0;0;0;0;0;0;0;0;0;0;0;0;0;0
Totale;2616;2662;2727;2777;2799;2832;2857;2870;2889;2911;2926;2932;2911;2942;2948;2944;2950;2985
Età/Anno;2002;2003;2004;2005;2006;2007;2008;2009;2010;2011;2012;2013;2014;2015;2016;2017;2018;2019
Età;Femmine
0;31;34;24;33;27;26;39;36;21;20;27;37;23;29;22;27;18;13
1;29;30;35;26;33;28;26;40;36;22;23;26;35;23;26;22;29;19
2;32;29;28;35;27;31;30;22;40;34;24;23;26;33;24;27;24;31
3;37;32;31;27;35;28;32;30;24;40;33;24;23;27;33;24;28;23
4;25;39;33;31;28;34;28;31;32;22;40;31;25;23;27;33;25;28
5;28;27;40;33;31;30;33;29;31;32;22;39;30;24;23;29;35;23
6;21;28;26;41;34;32;31;33;29;32;34;20;37;29;23;25;29;35
7;21;22;28;27;40;31;31;33;35;28;31;34;18;36;31;25;25;29
8;19;21;22;28;27;40;31;30;31;35;28;29;30;19;37;31;25;25
9;30;19;21;22;28;27;38;33;30;32;36;27;27;29;21;39;30;25
10;26;30;20;20;22;28;27;39;32;30;31;36;26;26;31;23;40;30
11;28;27;31;20;21;23;28;27;41;32;30;29;34;27;27;34;24;38
12;30;30;26;31;20;22;23;28;29;40;32;29;28;35;28;27;33;24
13;18;29;31;27;30;20;22;23;27;28;39;32;29;27;33;26;27;33
14;28;18;30;31;25;30;23;22;22;27;28;39;32;28;29;33;26;28
15;35;29;17;30;31;25;32;23;22;21;26;28;39;31;28;29;34;26
16;33;35;30;17;28;30;25;32;23;22;21;25;28;39;33;28;30;34
17;30;33;36;31;18;27;30;25;31;22;22;23;25;28;39;33;28;30
18;33;29;32;36;30;20;29;30;27;31;22;22;23;26;30;42;33;29
19;28;33;30;31;36;30;23;27;30;28;31;22;21;22;26;31;44;34
20;37;28;34;31;32;35;32;22;28;28;28;31;23;22;24;26;31;41
21;31;34;31;37;29;32;34;31;21;28;30;28;26;26;22;25;25;29
22;37;32;33;33;37;30;35;31;31;20;29;29;31;27;25;24;27;26
23;33;40;35;33;32;36;31;34;29;32;21;30;32;31;27;24;25;27
24;35;35;41;35;36;32;36;32;34;27;30;20;29;33;31;24;25;28
25;31;38;35;41;37;35;35;36;33;33;32;30;22;30;32;27;26;24
26;44;38;39;37;41;39;34;37;33;33;32;27;32;20;29;32;27;26
27;43;48;41;41;37;36;40;38;33;31;29;29;25;31;16;32;32;30
28;45;45;47;40;44;39;42;37;36;33;36;26;29;29;30;11;32;37
29;43;47;46;43;40;51;43;42;41;37;32;38;25;29;30;26;19;36
30;50;42;51;48;48;43;52;42;42;33;34;31;39;29;28;30;22;25
31;40;52;42;48;53;52;46;53;44;44;33;34;29;39;29;28;33;21
32;44;38;54;44;50;49;53;42;52;45;43;32;34;27;38;30;27;32
33;29;44;39;54;48;45;47;49;44;49;48;42;32;33;27;40;31;29
34;38;33;46;39;55;50;44;49;51;48;48;50;40;37;34;31;39;33
35;41;39;37;47;38;59;48;49;50;51;47;48;46;41;42;33;27;37
36;52;41;38;38;49;35;58;45;50;47;51;45;48;46;43;41;34;27
37;52;53;40;38;41;47;34;57;47;51;46;51;46;45;45;42;41;36
38;52;51;53;41;40;39;47;34;56;47;50;48;49;45;44;45;43;41
39;39;53;53;51;42;41;40;48;36;57;48;48;48;47;41;45;44;45
40;47;40;54;50;53;42;42;42;44;35;57;49;48;46;47;41;47;44
41;43;42;39;55;52;56;39;42;39;45;35;57;49;50;45;44;42;48
42;45;43;44;36;57;52;54;38;41;39;45;36;55;47;48;44;45;44
43;45;47;40;45;38;58;50;54;38;43;40;44;35;54;47;50;44;44
44;35;44;48;40;45;38;57;50;52;38;44;40;43;36;55;46;53;45
45;40;32;46;47;41;45;38;57;52;51;38;43;40;46;35;57;44;53
46;44;39;33;45;48;45;46;38;58;52;51;38;44;40;46;36;56;44
47;39;43;38;34;44;46;47;48;38;57;52;51;37;44;39;48;36;59
48;49;40;45;38;33;44;48;45;46;37;57;52;51;37;45;37;48;37
49;38;46;41;45;37;31;45;47;42;46;38;56;52;52;36;46;35;47
50;28;37;46;41;44;37;31;43;48;44;45;38;56;52;53;38;47;37
51;39;28;38;46;39;45;38;31;43;47;44;45;39;56;52;54;38;47
52;36;42;28;38;47;39;44;39;30;42;48;46;45;37;53;52;54;37
53;50;35;42;28;38;47;39;43;38;30;42;49;46;45;37;54;52;54
54;37;51;37;42;27;38;48;40;42;38;31;45;50;45;45;37;51;51
55;46;37;50;37;41;28;38;48;40;42;39;30;45;48;46;43;38;51
56;25;47;37;49;36;41;28;38;47;40;42;38;29;45;49;45;43;39
57;30;23;46;38;49;36;40;28;37;47;39;42;39;29;44;48;45;45
58;32;29;24;45;38;49;36;40;26;37;44;39;43;39;30;45;47;44
59;30;31;29;23;45;37;49;34;40;26;36;43;38;45;38;32;45;48
60;32;30;30;29;23;46;37;49;34;40;26;37;44;38;45;39;30;47
61;30;32;31;30;29;23;46;37;50;33;40;26;38;43;37;45;39;29
62;23;30;32;30;30;27;20;44;38;50;33;40;26;38;42;37;42;39
63;23;22;30;32;30;31;27;21;44;39;50;32;40;25;39;39;37;43
64;23;23;20;30;30;30;30;28;23;44;42;50;32;39;25;39;37;36
65;18;22;23;21;30;30;30;30;29;22;44;42;50;32;38;24;38;37
66;19;17;22;22;22;30;30;29;30;28;22;44;41;48;32;37;25;37
67;20;19;18;22;22;23;30;30;29;30;29;21;43;40;48;32;37;23
68;21;20;20;18;22;22;24;29;29;29;30;30;20;43;39;47;32;38
69;17;21;20;20;17;23;22;26;29;28;28;30;31;20;44;40;48;32
70;14;17;21;22;20;17;23;24;25;29;30;28;30;32;21;43;40;48
71;23;13;17;21;22;20;17;21;22;24;27;30;28;31;30;21;42;39
72;16;20;13;16;21;21;19;17;21;21;22;26;32;26;28;30;22;42
73;9;14;20;13;16;22;22;18;17;21;21;21;26;32;27;27;29;22
74;15;9;13;20;13;14;21;22;18;17;20;21;22;26;32;27;27;29
75;15;15;9;15;18;11;14;21;22;18;17;20;21;22;26;32;27;27
76;13;16;15;9;13;18;11;14;21;21;17;17;20;21;22;26;32;27
77;15;14;16;14;9;13;17;10;14;21;21;17;16;19;21;21;26;31
78;11;14;14;17;13;8;13;16;10;13;21;20;17;14;19;21;23;26
79;7;10;15;14;14;13;8;12;16;10;13;21;20;15;14;18;19;22
80;9;8;9;15;13;16;13;7;12;16;10;11;21;20;14;14;15;18
81;6;7;8;9;13;13;15;14;8;10;13;10;11;19;19;14;13;15
82;8;8;7;8;9;13;13;14;12;9;10;12;9;10;17;19;15;12
83;2;7;10;7;8;9;13;10;13;11;9;10;11;7;9;17;18;14
84;1;1;7;8;6;6;8;13;9;11;11;9;10;9;7;9;16;17
85;7;1;1;7;6;5;6;8;12;8;11;11;9;10;10;7;9;16
86;8;8;1;1;6;3;4;6;8;8;9;10;11;9;10;8;7;8
87;4;5;8;1;1;5;2;4;6;10;6;7;7;10;9;10;7;7
88;8;3;6;8;1;1;5;1;5;4;10;6;6;6;10;7;9;5
89;0;7;2;6;5;1;1;5;0;5;3;10;6;5;6;10;7;9
90;1;0;7;2;7;5;1;1;4;1;5;3;8;5;4;6;10;7
91;2;1;0;6;1;6;5;1;1;4;1;4;0;7;3;4;5;9
92;2;1;1;0;5;1;4;4;0;1;3;1;3;1;7;2;4;4
93;2;0;1;2;0;3;0;3;4;0;1;4;0;4;0;7;2;4
94;0;1;0;1;2;0;3;0;1;4;0;1;4;0;1;0;7;2
95;0;0;1;0;1;2;0;2;0;1;3;0;0;1;0;0;0;4
96;0;0;0;0;0;0;2;0;1;1;1;3;0;0;1;0;0;0
97;0;0;0;0;0;0;0;0;0;1;1;0;2;0;0;0;0;0
98;0;0;0;0;0;0;0;0;0;0;1;1;0;1;0;0;0;0
99;0;0;0;0;0;0;0;0;0;0;0;1;0;0;0;0;0;0
100 e oltre;0;0;0;0;0;0;0;0;0;0;0;0;0;0;0;0;0;0
Totale;2580;2617;2679;2714;2750;2772;2825;2837;2842;2831;2855;2860;2843;2849;2854;2880;2903;2930

"Ricostruzione della popolazione intercensuaria - Popolazione al 1° gennaio per età"
"Cittadinanza straniera - Comune: Grassobbio"
Età/Anno;2002;2003;2004;2005;2006;2007;2008;2009;2010;2011;2012;2013;2014;2015;2016;2017;2018;2019
Età;Totale
0;8;6;4;7;8;15;18;9;12;16;8;13;13;8;13;13;10;8
1;8;7;6;5;11;10;13;19;10;14;20;11;14;12;9;12;14;10
2;3;7;9;7;9;12;8;12;20;10;13;21;14;8;13;8;12;15
3;3;3;6;9;8;8;14;11;11;20;9;15;19;12;6;11;8;11
4;5;6;3;8;7;9;9;14;10;10;18;10;16;15;9;6;9;12
5;5;4;6;4;9;9;6;10;14;11;9;20;12;14;11;8;6;10
6;4;6;5;5;2;7;10;3;13;11;11;7;22;12;11;10;8;8
7;3;4;5;5;5;2;7;9;4;12;10;14;8;21;11;9;9;9
8;2;4;3;5;6;6;3;7;9;4;12;12;14;9;19;11;6;10
9;1;3;4;2;7;5;6;3;7;9;4;11;12;12;6;15;8;7
10;2;1;3;4;2;7;6;6;5;4;10;5;10;9;8;6;14;10
11;3;1;1;3;4;5;6;7;5;5;4;9;5;7;6;7;2;12
12;1;4;1;0;3;5;5;6;8;5;5;7;6;4;9;5;6;3
13;1;2;3;5;0;3;4;5;6;8;6;5;7;7;2;9;4;5
14;1;1;3;4;5;1;3;4;5;5;9;8;5;7;7;1;10;4
15;1;2;3;3;4;6;2;4;2;6;5;9;10;5;7;7;1;9
16;0;1;6;6;2;6;6;3;2;2;7;5;9;12;5;8;7;1
17;1;1;2;5;6;4;6;5;4;2;2;6;5;9;11;5;6;6
18;2;2;2;3;3;7;5;5;7;6;3;1;8;6;7;8;5;5
19;2;3;2;3;4;5;9;8;4;6;8;3;4;7;6;7;8;5
20;0;2;4;4;1;4;4;12;8;6;10;10;5;6;7;3;7;8
21;2;1;4;5;4;2;5;4;12;11;5;12;10;3;4;6;3;10
22;3;3;2;6;9;3;6;7;5;16;9;8;14;8;1;5;5;4
23;3;1;4;4;6;9;4;10;6;10;20;12;7;12;6;4;5;6
24;3;4;6;8;4;4;5;8;11;7;14;21;13;8;10;7;6;9
25;7;4;7;8;9;6;0;5;8;13;9;16;22;9;12;9;8;9
26;1;7;10;10;8;16;6;5;5;10;10;18;16;27;11;11;10;13
27;5;4;11;14;10;7;15;7;10;7;14;9;17;15;21;7;9;10
28;6;4;7;9;10;6;8;16;9;13;8;21;13;15;16;22;6;7
29;4;6;8;7;14;12;7;11;14;12;14;13;19;14;12;13;22;9
30;6;9;9;10;17;17;16;14;13;16;13;14;12;15;11;16;12;22
31;6;8;10;7;12;13;18;22;14;10;19;15;16;14;18;9;18;15
32;8;5;13;10;8;10;13;22;28;15;14;18;19;16;13;18;9;18
33;11;9;6;14;10;9;10;13;18;30;11;18;20;19;14;9;18;11
34;8;16;7;7;14;7;10;10;11;17;19;9;16;15;18;15;9;17
35;5;7;14;6;11;12;8;13;10;8;17;18;11;16;14;19;13;10
36;7;6;9;10;9;11;9;8;13;13;12;19;17;14;12;16;17;17
37;5;7;8;6;7;12;10;9;8;13;11;11;22;20;17;10;17;16
38;4;5;7;7;6;7;10;12;8;13;13;11;14;24;24;18;10;15
39;6;5;9;4;6;4;6;8;13;8;12;12;10;14;21;20;18;9
40;5;8;4;8;5;5;6;6;9;12;8;11;12;14;10;19;17;15
41;5;5;11;5;8;6;4;5;6;8;14;10;9;12;12;9;18;17
42;2;4;7;13;4;7;5;3;5;9;6;15;11;9;12;10;8;17
43;4;3;4;5;14;7;8;4;4;6;10;7;15;8;8;11;10;9
44;4;4;2;3;3;12;8;8;7;7;7;10;9;13;8;8;10;10
45;0;4;4;1;2;3;12;7;8;8;6;6;14;10;9;6;9;9
46;1;1;5;2;2;2;6;13;9;7;7;7;7;14;8;7;3;6
47;0;1;1;6;2;1;3;6;10;7;7;7;5;7;15;5;7;5
48;3;0;1;4;4;2;7;7;8;11;7;7;6;6;5;13;6;9
49;1;3;2;4;3;4;1;6;2;9;10;7;7;7;5;5;12;8
50;0;3;4;2;6;4;6;5;7;2;10;9;7;8;8;5;5;10
51;0;1;5;4;1;4;4;7;6;5;4;10;8;5;9;11;5;6
52;0;0;1;6;2;1;4;3;6;5;5;5;9;9;4;9;10;7
53;0;0;3;3;6;3;2;4;5;5;5;5;5;7;8;4;8;10
54;0;0;0;3;2;7;5;2;4;5;4;5;5;4;6;8;4;7
55;0;0;0;0;2;3;6;5;2;6;6;3;6;6;3;7;9;4
56;0;0;0;0;1;2;2;6;3;2;6;5;4;8;5;2;7;6
57;1;0;0;0;0;1;2;2;4;2;2;6;5;4;8;5;2;7
58;0;1;1;1;0;0;0;2;2;2;2;2;4;5;2;9;5;2
59;1;1;0;1;1;0;0;0;2;2;1;3;2;4;4;2;7;5
60;1;1;1;0;1;1;0;0;0;2;0;1;4;2;4;3;2;7
61;1;2;1;2;0;1;1;0;1;0;2;0;1;3;2;6;3;1
62;0;1;2;2;2;1;1;1;0;1;0;2;0;0;3;1;6;3
63;0;0;1;1;2;2;1;1;1;1;1;0;1;0;0;3;0;5
64;0;0;0;1;1;0;1;1;1;1;1;2;0;1;1;0;1;0
65;1;0;0;0;1;1;0;2;1;1;1;1;2;0;1;0;0;1
66;0;1;0;0;0;0;1;0;3;1;1;1;0;0;1;2;0;0
67;1;1;1;0;0;0;0;1;0;1;1;1;1;0;0;1;2;0
68;0;1;2;1;0;1;0;0;1;0;0;1;1;1;0;1;2;2
69;0;0;1;3;1;0;0;0;0;1;0;0;1;1;1;0;1;2
70;0;0;0;1;3;1;0;0;0;0;3;0;0;1;1;1;0;1
71;0;0;0;0;1;2;2;0;0;0;0;3;0;0;1;1;1;0
72;0;0;0;0;0;0;2;2;0;0;0;0;4;0;0;2;1;1
73;0;0;0;1;0;0;0;2;2;0;1;0;0;4;0;1;2;1
74;0;0;0;0;1;0;0;0;2;2;0;1;0;0;4;0;1;2
75;0;0;0;0;0;1;0;0;0;2;2;0;1;0;0;4;0;2
76;0;0;0;0;0;0;0;0;0;0;2;2;1;1;0;0;4;0
77;0;0;0;0;0;0;1;0;0;0;0;2;2;2;1;0;0;4
78;0;0;0;0;0;0;0;1;0;0;0;0;4;2;2;1;0;0
79;0;0;0;0;0;0;0;0;1;0;0;0;0;4;2;2;1;0
80;0;0;0;0;0;0;0;0;0;1;0;0;0;0;4;2;2;1
81;0;0;0;0;0;0;0;0;0;0;1;0;0;0;0;4;2;2
82;0;0;0;0;0;0;0;0;0;0;0;0;0;0;0;0;4;2
83;0;0;0;0;0;0;0;0;0;0;0;0;0;0;0;0;0;3
84;0;0;0;0;0;0;0;0;0;0;0;0;0;0;0;0;0;0
85;0;0;0;0;0;0;0;0;0;0;0;0;0;0;0;0;0;0
86;0;0;0;0;0;0;0;0;0;0;0;0;0;0;0;0;0;0
87;0;0;0;0;0;0;0;0;0;0;0;0;0;0;0;0;0;0
88;0;0;0;0;0;0;0;0;0;0;0;0;0;0;0;0;0;0
89;0;0;0;0;0;0;0;0;0;0;0;0;0;0;0;0;0;0
90;0;0;0;0;0;0;0;0;0;0;0;0;0;0;0;0;0;0
91;0;0;0;0;0;0;0;0;0;0;0;0;0;0;0;0;0;0
92;0;0;0;0;0;0;0;0;0;0;0;0;0;0;0;0;0;0
93;0;0;0;0;0;0;0;0;0;0;0;0;0;0;0;0;0;0
94;0;0;0;0;0;0;0;0;0;0;0;0;0;0;0;0;0;0
95;0;0;0;0;0;0;0;0;0;0;0;0;0;0;0;0;0;0
96;0;0;0;0;0;0;0;0;0;0;0;0;0;0;0;0;0;0
97;0;0;0;0;0;0;0;0;0;0;0;0;0;0;0;0;0;0
98;0;0;0;0;0;0;0;0;0;0;0;0;0;0;0;0;0;0
99;0;0;0;0;0;0;0;0;0;0;0;0;0;0;0;0;0;0
100 e oltre;0;0;0;0;0;0;0;0;0;0;0;0;0;0;0;0;0;0
Totale;187;227;296;332;361;388;417;478;504;548;570;634;679;662;615;593;572;604
Età/Anno;2002;2003;2004;2005;2006;2007;2008;2009;2010;2011;2012;2013;2014;2015;2016;2017;2018;2019
Età;Maschi
0;3;4;4;5;4;6;6;3;7;9;5;8;11;5;11;5;4;4
1;3;4;4;5;9;7;6;8;6;9;11;5;9;7;5;10;5;4
2;3;3;5;4;8;10;6;6;8;6;8;12;7;3;6;4;10;5
3;2;3;3;6;6;8;11;7;5;7;6;9;10;7;5;5;4;9
4;2;4;3;3;6;8;8;9;6;4;5;5;10;10;7;5;4;7
5;4;1;4;4;4;7;5;8;8;7;3;7;5;9;8;6;5;4
6;3;5;2;3;2;4;8;3;10;6;8;3;9;4;8;8;5;7
7;1;3;4;2;4;1;4;7;3;10;6;10;3;8;4;7;7;6
8;2;1;2;4;4;4;2;4;6;3;8;7;8;3;8;4;4;8
9;0;2;1;2;4;3;4;2;4;7;3;7;7;7;1;8;3;4
10;1;0;1;1;2;3;3;4;4;1;8;4;6;6;5;1;9;4
11;2;0;0;1;2;2;2;3;4;4;2;8;4;5;3;5;1;8
12;0;3;0;0;1;2;2;2;3;4;4;4;6;4;7;2;4;1
13;0;0;3;4;0;1;3;2;2;3;5;4;4;7;2;6;1;3
14;1;0;0;3;4;0;1;3;2;2;3;6;5;4;6;1;7;0
15;0;1;1;0;3;4;1;2;1;2;2;4;6;4;4;5;1;6
16;0;0;5;3;0;5;3;2;1;1;3;2;4;8;4;5;5;1
17;1;1;0;5;3;1;4;2;2;1;1;3;2;4;7;4;3;4
18;2;2;2;1;3;3;2;4;3;4;2;1;4;3;3;6;3;3
19;1;3;2;3;2;3;5;4;4;3;6;2;3;4;3;4;5;3
20;0;2;3;3;1;3;2;8;3;4;5;7;4;4;5;0;4;4
21;2;1;3;4;3;1;4;2;7;5;4;6;7;3;2;5;0;5
22;1;3;2;3;6;3;4;4;3;9;4;5;7;5;1;3;4;1
23;2;0;3;4;4;4;3;5;2;6;9;4;4;4;3;2;3;3
24;2;2;4;5;3;3;3;5;4;3;6;10;4;6;4;3;2;5
25;2;2;3;7;4;4;0;3;5;6;4;6;11;3;9;4;4;5
26;1;3;3;7;7;6;2;2;2;5;6;11;6;13;2;9;3;7
27;0;4;5;2;9;4;6;4;5;3;7;5;11;4;10;1;7;3
28;2;0;6;2;1;6;3;8;3;5;4;10;9;9;6;11;1;5
29;2;2;3;4;7;1;5;6;4;2;4;9;7;9;7;7;10;4
30;4;4;5;6;7;9;4;9;7;6;3;6;7;5;7;10;6;10
31;5;3;6;4;10;5;8;7;7;6;7;5;6;10;6;5;11;9
32;3;4;4;8;4;7;6;9;9;5;7;7;8;7;9;5;5;10
33;8;4;5;8;10;2;6;9;11;10;5;8;8;8;4;6;7;6
34;5;12;3;6;7;7;2;6;8;8;3;5;5;7;8;6;7;8
35;5;5;11;3;11;7;7;5;6;5;10;4;7;6;7;8;7;7
36;5;5;7;6;4;10;4;6;8;7;8;12;5;9;4;8;7;8
37;4;5;7;6;4;6;8;6;6;8;5;8;13;7;10;3;8;7
38;3;3;5;6;5;4;4;11;7;7;8;6;10;15;11;11;4;7
39;3;4;6;4;5;2;2;3;9;8;7;7;6;11;13;10;9;4
40;4;4;3;7;4;4;5;3;3;10;7;8;8;10;8;10;12;7
41;4;4;5;4;7;3;4;4;5;3;10;8;6;8;9;7;11;11
42;2;3;6;7;3;5;3;3;4;4;1;11;9;7;8;7;5;10
43;3;3;3;5;7;5;5;3;4;3;5;1;10;6;5;8;7;4
44;2;3;1;2;3;6;5;4;4;5;4;4;1;7;6;5;7;8
45;0;2;3;1;1;3;6;4;4;5;5;4;7;1;5;4;6;6
46;1;1;3;2;2;1;5;7;5;4;4;5;4;6;0;5;3;3
47;0;1;1;4;2;0;1;5;7;3;4;4;4;4;9;0;5;4
48;3;0;1;2;3;2;2;3;7;8;3;4;4;5;2;8;1;5
49;1;3;2;1;1;3;1;1;1;8;7;3;4;5;4;2;7;1
50;0;2;4;2;1;1;5;3;3;1;8;6;3;5;5;4;2;6
51;0;0;3;2;1;1;1;6;4;3;1;8;5;2;6;5;4;3
52;0;0;0;4;1;1;1;1;5;3;3;2;7;6;1;6;5;6
53;0;0;2;0;4;2;2;1;1;4;3;3;2;5;6;1;6;4
54;0;0;0;2;0;4;4;2;1;1;2;3;3;1;4;6;1;4
55;0;0;0;0;2;1;4;4;2;2;1;2;4;3;1;4;6;1
56;0;0;0;0;0;2;1;4;2;2;2;1;2;4;3;1;4;5
57;0;0;0;0;0;0;2;0;4;2;2;2;0;2;4;3;1;3
58;0;0;0;1;0;0;0;2;0;2;2;2;2;0;1;5;3;1
59;0;1;0;0;1;0;0;0;2;0;1;3;2;2;0;1;3;3
60;1;0;1;0;0;1;0;0;0;2;0;1;3;2;1;0;1;3
61;1;1;0;1;0;0;1;0;0;0;2;0;1;2;2;2;0;0
62;0;1;1;1;1;0;0;1;0;0;0;2;0;0;2;1;2;0
63;0;0;1;0;1;1;0;0;1;0;0;0;1;0;0;2;0;2
64;0;0;0;1;0;0;0;0;0;1;0;0;0;1;0;0;1;0
65;1;0;0;0;1;0;0;0;0;0;1;0;0;0;1;0;0;1
66;0;1;0;0;0;0;0;0;1;0;0;1;0;0;1;1;0;0
67;1;0;1;0;0;0;0;0;0;1;0;0;1;0;0;1;1;0
68;0;1;0;1;0;1;0;0;0;0;0;0;0;1;0;0;2;1
69;0;0;1;1;1;0;0;0;0;0;0;0;0;0;1;0;0;2
70;0;0;0;1;1;1;0;0;0;0;0;0;0;0;0;1;0;0
71;0;0;0;0;1;1;1;0;0;0;0;0;0;0;0;0;1;0
72;0;0;0;0;0;0;1;1;0;0;0;0;0;0;0;1;0;1
73;0;0;0;0;0;0;0;1;1;0;0;0;0;0;0;0;1;0
74;0;0;0;0;0;0;0;0;1;1;0;0;0;0;0;0;0;1
75;0;0;0;0;0;0;0;0;0;1;1;0;0;0;0;0;0;0
76;0;0;0;0;0;0;0;0;0;0;1;1;1;0;0;0;0;0
77;0;0;0;0;0;0;0;0;0;0;0;1;1;1;0;0;0;0
78;0;0;0;0;0;0;0;0;0;0;0;0;1;1;1;0;0;0
79;0;0;0;0;0;0;0;0;0;0;0;0;0;1;1;1;0;0
80;0;0;0;0;0;0;0;0;0;0;0;0;0;0;1;1;1;0
81;0;0;0;0;0;0;0;0;0;0;0;0;0;0;0;1;1;1
82;0;0;0;0;0;0;0;0;0;0;0;0;0;0;0;0;1;1
83;0;0;0;0;0;0;0;0;0;0;0;0;0;0;0;0;0;1
84;0;0;0;0;0;0;0;0;0;0;0;0;0;0;0;0;0;0
85;0;0;0;0;0;0;0;0;0;0;0;0;0;0;0;0;0;0
86;0;0;0;0;0;0;0;0;0;0;0;0;0;0;0;0;0;0
87;0;0;0;0;0;0;0;0;0;0;0;0;0;0;0;0;0;0
88;0;0;0;0;0;0;0;0;0;0;0;0;0;0;0;0;0;0
89;0;0;0;0;0;0;0;0;0;0;0;0;0;0;0;0;0;0
90;0;0;0;0;0;0;0;0;0;0;0;0;0;0;0;0;0;0
91;0;0;0;0;0;0;0;0;0;0;0;0;0;0;0;0;0;0
92;0;0;0;0;0;0;0;0;0;0;0;0;0;0;0;0;0;0
93;0;0;0;0;0;0;0;0;0;0;0;0;0;0;0;0;0;0
94;0;0;0;0;0;0;0;0;0;0;0;0;0;0;0;0;0;0
95;0;0;0;0;0;0;0;0;0;0;0;0;0;0;0;0;0;0
96;0;0;0;0;0;0;0;0;0;0;0;0;0;0;0;0;0;0
97;0;0;0;0;0;0;0;0;0;0;0;0;0;0;0;0;0;0
98;0;0;0;0;0;0;0;0;0;0;0;0;0;0;0;0;0;0
99;0;0;0;0;0;0;0;0;0;0;0;0;0;0;0;0;0;0
100 e oltre;0;0;0;0;0;0;0;0;0;0;0;0;0;0;0;0;0;0
Totale;114;139;182;209;232;225;229;266;277;290;295;342;364;355;333;322;310;318
Età/Anno;2002;2003;2004;2005;2006;2007;2008;2009;2010;2011;2012;2013;2014;2015;2016;2017;2018;2019
Età;Femmine
0;5;2;0;2;4;9;12;6;5;7;3;5;2;3;2;8;6;4
1;5;3;2;0;2;3;7;11;4;5;9;6;5;5;4;2;9;6
2;0;4;4;3;1;2;2;6;12;4;5;9;7;5;7;4;2;10
3;1;0;3;3;2;0;3;4;6;13;3;6;9;5;1;6;4;2
4;3;2;0;5;1;1;1;5;4;6;13;5;6;5;2;1;5;5
5;1;3;2;0;5;2;1;2;6;4;6;13;7;5;3;2;1;6
6;1;1;3;2;0;3;2;0;3;5;3;4;13;8;3;2;3;1
7;2;1;1;3;1;1;3;2;1;2;4;4;5;13;7;2;2;3
8;0;3;1;1;2;2;1;3;3;1;4;5;6;6;11;7;2;2
9;1;1;3;0;3;2;2;1;3;2;1;4;5;5;5;7;5;3
10;1;1;2;3;0;4;3;2;1;3;2;1;4;3;3;5;5;6
11;1;1;1;2;2;3;4;4;1;1;2;1;1;2;3;2;1;4
12;1;1;1;0;2;3;3;4;5;1;1;3;0;0;2;3;2;2
13;1;2;0;1;0;2;1;3;4;5;1;1;3;0;0;3;3;2
14;0;1;3;1;1;1;2;1;3;3;6;2;0;3;1;0;3;4
15;1;1;2;3;1;2;1;2;1;4;3;5;4;1;3;2;0;3
16;0;1;1;3;2;1;3;1;1;1;4;3;5;4;1;3;2;0
17;0;0;2;0;3;3;2;3;2;1;1;3;3;5;4;1;3;2
18;0;0;0;2;0;4;3;1;4;2;1;0;4;3;4;2;2;2
19;1;0;0;0;2;2;4;4;0;3;2;1;1;3;3;3;3;2
20;0;0;1;1;0;1;2;4;5;2;5;3;1;2;2;3;3;4
21;0;0;1;1;1;1;1;2;5;6;1;6;3;0;2;1;3;5
22;2;0;0;3;3;0;2;3;2;7;5;3;7;3;0;2;1;3
23;1;1;1;0;2;5;1;5;4;4;11;8;3;8;3;2;2;3
24;1;2;2;3;1;1;2;3;7;4;8;11;9;2;6;4;4;4
25;5;2;4;1;5;2;0;2;3;7;5;10;11;6;3;5;4;4
26;0;4;7;3;1;10;4;3;3;5;4;7;10;14;9;2;7;6
27;5;0;6;12;1;3;9;3;5;4;7;4;6;11;11;6;2;7
28;4;4;1;7;9;0;5;8;6;8;4;11;4;6;10;11;5;2
29;2;4;5;3;7;11;2;5;10;10;10;4;12;5;5;6;12;5
30;2;5;4;4;10;8;12;5;6;10;10;8;5;10;4;6;6;12
31;1;5;4;3;2;8;10;15;7;4;12;10;10;4;12;4;7;6
32;5;1;9;2;4;3;7;13;19;10;7;11;11;9;4;13;4;8
33;3;5;1;6;0;7;4;4;7;20;6;10;12;11;10;3;11;5
34;3;4;4;1;7;0;8;4;3;9;16;4;11;8;10;9;2;9
35;0;2;3;3;0;5;1;8;4;3;7;14;4;10;7;11;6;3
36;2;1;2;4;5;1;5;2;5;6;4;7;12;5;8;8;10;9
37;1;2;1;0;3;6;2;3;2;5;6;3;9;13;7;7;9;9
38;1;2;2;1;1;3;6;1;1;6;5;5;4;9;13;7;6;8
39;3;1;3;0;1;2;4;5;4;0;5;5;4;3;8;10;9;5
40;1;4;1;1;1;1;1;3;6;2;1;3;4;4;2;9;5;8
41;1;1;6;1;1;3;0;1;1;5;4;2;3;4;3;2;7;6
42;0;1;1;6;1;2;2;0;1;5;5;4;2;2;4;3;3;7
43;1;0;1;0;7;2;3;1;0;3;5;6;5;2;3;3;3;5
44;2;1;1;1;0;6;3;4;3;2;3;6;8;6;2;3;3;2
45;0;2;1;0;1;0;6;3;4;3;1;2;7;9;4;2;3;3
46;0;0;2;0;0;1;1;6;4;3;3;2;3;8;8;2;0;3
47;0;0;0;2;0;1;2;1;3;4;3;3;1;3;6;5;2;1
48;0;0;0;2;1;0;5;4;1;3;4;3;2;1;3;5;5;4
49;0;0;0;3;2;1;0;5;1;1;3;4;3;2;1;3;5;7
50;0;1;0;0;5;3;1;2;4;1;2;3;4;3;3;1;3;4
51;0;1;2;2;0;3;3;1;2;2;3;2;3;3;3;6;1;3
52;0;0;1;2;1;0;3;2;1;2;2;3;2;3;3;3;5;1
53;0;0;1;3;2;1;0;3;4;1;2;2;3;2;2;3;2;6
54;0;0;0;1;2;3;1;0;3;4;2;2;2;3;2;2;3;3
55;0;0;0;0;0;2;2;1;0;4;5;1;2;3;2;3;3;3
56;0;0;0;0;1;0;1;2;1;0;4;4;2;4;2;1;3;1
57;1;0;0;0;0;1;0;2;0;0;0;4;5;2;4;2;1;4
58;0;1;1;0;0;0;0;0;2;0;0;0;2;5;1;4;2;1
59;1;0;0;1;0;0;0;0;0;2;0;0;0;2;4;1;4;2
60;0;1;0;0;1;0;0;0;0;0;0;0;1;0;3;3;1;4
61;0;1;1;1;0;1;0;0;1;0;0;0;0;1;0;4;3;1
62;0;0;1;1;1;1;1;0;0;1;0;0;0;0;1;0;4;3
63;0;0;0;1;1;1;1;1;0;1;1;0;0;0;0;1;0;3
64;0;0;0;0;1;0;1;1;1;0;1;2;0;0;1;0;0;0
65;0;0;0;0;0;1;0;2;1;1;0;1;2;0;0;0;0;0
66;0;0;0;0;0;0;1;0;2;1;1;0;0;0;0;1;0;0
67;0;1;0;0;0;0;0;1;0;0;1;1;0;0;0;0;1;0
68;0;0;2;0;0;0;0;0;1;0;0;1;1;0;0;1;0;1
69;0;0;0;2;0;0;0;0;0;1;0;0;1;1;0;0;1;0
70;0;0;0;0;2;0;0;0;0;0;3;0;0;1;1;0;0;1
71;0;0;0;0;0;1;1;0;0;0;0;3;0;0;1;1;0;0
72;0;0;0;0;0;0;1;1;0;0;0;0;4;0;0;1;1;0
73;0;0;0;1;0;0;0;1;1;0;1;0;0;4;0;1;1;1
74;0;0;0;0;1;0;0;0;1;1;0;1;0;0;4;0;1;1
75;0;0;0;0;0;1;0;0;0;1;1;0;1;0;0;4;0;2
76;0;0;0;0;0;0;0;0;0;0;1;1;0;1;0;0;4;0
77;0;0;0;0;0;0;1;0;0;0;0;1;1;1;1;0;0;4
78;0;0;0;0;0;0;0;1;0;0;0;0;3;1;1;1;0;0
79;0;0;0;0;0;0;0;0;1;0;0;0;0;3;1;1;1;0
80;0;0;0;0;0;0;0;0;0;1;0;0;0;0;3;1;1;1
81;0;0;0;0;0;0;0;0;0;0;1;0;0;0;0;3;1;1
82;0;0;0;0;0;0;0;0;0;0;0;0;0;0;0;0;3;1
83;0;0;0;0;0;0;0;0;0;0;0;0;0;0;0;0;0;2
84;0;0;0;0;0;0;0;0;0;0;0;0;0;0;0;0;0;0
85;0;0;0;0;0;0;0;0;0;0;0;0;0;0;0;0;0;0
86;0;0;0;0;0;0;0;0;0;0;0;0;0;0;0;0;0;0
87;0;0;0;0;0;0;0;0;0;0;0;0;0;0;0;0;0;0
88;0;0;0;0;0;0;0;0;0;0;0;0;0;0;0;0;0;0
89;0;0;0;0;0;0;0;0;0;0;0;0;0;0;0;0;0;0
90;0;0;0;0;0;0;0;0;0;0;0;0;0;0;0;0;0;0
91;0;0;0;0;0;0;0;0;0;0;0;0;0;0;0;0;0;0
92;0;0;0;0;0;0;0;0;0;0;0;0;0;0;0;0;0;0
93;0;0;0;0;0;0;0;0;0;0;0;0;0;0;0;0;0;0
94;0;0;0;0;0;0;0;0;0;0;0;0;0;0;0;0;0;0
95;0;0;0;0;0;0;0;0;0;0;0;0;0;0;0;0;0;0
96;0;0;0;0;0;0;0;0;0;0;0;0;0;0;0;0;0;0
97;0;0;0;0;0;0;0;0;0;0;0;0;0;0;0;0;0;0
98;0;0;0;0;0;0;0;0;0;0;0;0;0;0;0;0;0;0
99;0;0;0;0;0;0;0;0;0;0;0;0;0;0;0;0;0;0
100 e oltre;0;0;0;0;0;0;0;0;0;0;0;0;0;0;0;0;0;0
Totale;73;88;114;123;129;163;188;212;227;258;275;292;315;307;282;271;262;286
