"Popolazione per età, vista per singola area - Comune: 030099 - San Daniele del Friuli"

"Ricostruzione della popolazione intercensuaria - Popolazione al 1° gennaio per età"
"Tutte le cittadinanze - Comune: San Daniele del Friuli"
Età/Anno;2002;2003;2004;2005;2006;2007;2008;2009;2010;2011;2012;2013;2014;2015;2016;2017;2018;2019
Età;Totale
0;64;66;66;60;87;66;60;60;74;73;52;43;48;54;52;41;38;53
1;68;64;66;70;63;93;60;61;69;71;74;56;48;47;51;59;39;41
2;60;66;64;66;66;59;93;62;66;67;72;68;57;46;45;45;59;42
3;75;60;65;68;69;71;60;92;65;66;68;70;71;57;44;47;46;56
4;76;75;59;65;68;69;69;63;94;63;61;70;68;68;60;44;51;50
5;60;75;75;59;67;68;74;71;68;89;66;66;69;66;66;62;46;53
6;64;61;73;76;60;69;70;71;75;65;84;71;66;66;68;67;63;46
7;61;65;65;73;74;62;71;74;67;73;63;83;65;66;65;68;67;65
8;65;63;66;66;74;73;60;74;73;69;70;67;82;67;63;64;68;69
9;79;64;62;67;70;71;73;62;72;73;67;73;66;79;71;66;68;68
10;61;79;61;68;68;72;74;72;62;71;73;65;70;65;78;75;64;68
11;59;63;79;65;68;72;70;80;74;61;73;77;66;69;66;79;73;63
12;62;62;65;80;65;68;72;70;78;77;58;75;76;68;70;66;78;74
13;64;61;52;67;79;69;65;68;68;79;77;60;72;75;71;71;64;82
14;71;63;65;55;67;81;67;66;69;65;79;77;61;76;74;70;73;66
15;62;71;65;64;56;67;83;69;65;71;65;78;77;61;74;75;72;73
16;66;62;71;66;63;57;70;79;70;68;72;66;78;81;58;72;75;72
17;69;66;61;71;69;64;57;69;82;73;69;69;66;77;80;59;70;74
18;55;70;63;60;70;69;60;61;66;81;73;70;66;68;81;80;61;72
19;58;54;71;62;60;66;69;63;65;67;80;73;70;69;67;82;80;62
20;68;57;57;67;66;61;71;68;68;65;66;81;71;66;70;66;83;80
21;74;67;59;61;69;65;65;77;69;65;67;71;86;72;67;71;68;87
22;61;76;69;58;61;71;71;63;74;66;68;65;68;89;71;65;70;66
23;95;62;80;70;57;62;75;75;66;78;71;76;69;67;90;72;67;73
24;80;93;61;82;71;62;64;77;74;70;80;76;82;74;71;91;74;79
25;111;82;92;63;87;74;65;63;70;73;67;87;82;83;74;72;95;74
26;105;118;88;97;71;87;80;69;70;73;71;63;84;77;82;77;75;91
27;123;111;124;99;95;73;88;82;75;65;73;69;68;75;69;77;70;84
28;124;127;107;130;100;97;72;84;90;73;67;71;71;68;78;67;77;69
29;110;122;122;105;131;98;107;79;90;91;79;68;74;72;67;78;66;79
30;123;110;121;135;100;123;92;112;75;88;94;85;76;71;77;77;84;65
31;132;129;117;116;129;106;122;100;116;76;81;90;84;80;69;79;74;87
32;136;137;124;124;112;129;109;129;96;115;73;88;91;81;76;70;72;80
33;131;141;142;130;127;116;125;117;132;96;108;78;86;86;77;75;72;71
34;128;140;144;143;127;120;115;129;122;123;99;107;74;83;81;85;70;79
35;125;136;152;138;140;125;121;118;132;118;121;102;104;72;83;81;84;72
36;154;127;142;155;135;136;130;119;121;133;120;119;98;108;70;82;85;83
37;128;153;132;137;156;126;137;137;120;119;137;120;123;96;109;70;87;86
38;143;130;155;126;140;153;128;135;134;118;123;138;120;119;96;110;74;86
39;124;142;135;162;132;139;156;127;135;129;116;123;138;116;111;96;115;78
40;116;124;141;136;162;134;137;154;127;141;133;123;123;134;111;111;96;116
41;111;116;125;144;134;167;128;134;152;131;142;138;118;116;132;114;114;96
42;132;113;116;123;142;137;165;130;139;158;130;143;138;121;117;130;110;115
43;104;131;116;121;119;144;128;170;129;146;155;127;139;138;120;116;133;113
44;90;105;134;112;122;118;143;128;176;133;139;156;128;141;142;129;121;130
45;99;94;111;136;115;123;119;147;126;174;136;139;152;131;143;145;127;122
46;107;100;96;111;134;111;126;119;145;126;172;135;137;151;131;149;142;123
47;99;104;101;91;109;133;111;125;119;145;124;173;136;139;151;132;151;143
48;132;100;106;103;91;110;136;111;120;117;146;122;176;137;136;151;132;147
49;91;129;100;110;104;92;109;135;112;120;115;142;125;178;129;135;149;134
50;87;89;130;98;114;104;92;112;133;111;119;116;143;120;177;129;134;149
51;120;88;90;129;96;114;103;91;115;132;112;121;114;144;119;174;129;134
52;95;121;88;90;130;97;115;103;94;113;136;109;122;117;147;122;170;127
53;127;91;116;87;91;133;99;121;98;89;111;134;105;123;120;150;122;173
54;115;130;88;113;85;90;130;98;123;100;90;111;129;106;121;118;152;122
55;136;115;132;91;116;87;91;129;100;114;101;94;116;128;106;122;114;152
56;84;137;114;130;95;118;86;92;127;99;113;99;95;119;131;104;118;112
57;101;84;133;112;130;95;117;86;89;129;97;115;101;94;119;131;104;114
58;108;100;84;133;109;126;94;112;91;89;128;97;117;100;97;117;132;103
59;118;105;99;84;134;110;127;91;115;90;88;128;102;116;98;96;111;130
60;100;116;104;99;85;134;112;124;93;116;90;89;131;101;115;100;94;104
61;109;101;114;105;98;81;135;111;124;91;116;91;88;130;104;114;100;93
62;113;109;104;111;103;96;85;134;109;122;91;115;93;88;128;104;115;103
63;102;118;106;105;105;100;96;82;133;110;117;92;114;94;89;125;100;115
64;99;98;119;107;106;110;102;96;82;130;112;116;93;111;93;89;123;101
65;83;99;97;120;105;100;107;105;95;79;127;116;118;97;111;93;89;119
66;94;83;99;97;119;103;104;107;106;93;77;128;115;112;97;113;91;89
67;89;95;84;99;98;119;102;104;106;104;93;76;128;113;107;96;115;91
68;93;91;99;84;96;97;117;101;98;106;103;94;74;125;111;106;94;117
69;80;91;91;99;84;95;94;114;98;96;100;101;95;73;124;109;106;96
70;90;79;90;89;97;80;92;94;111;96;94;100;102;95;72;123;104;100
71;67;88;71;89;89;94;80;91;94;114;95;92;101;100;95;70;120;106
72;73;63;85;69;88;85;92;81;87;95;112;97;93;98;96;91;69;120
73;64;70;64;84;64;84;83;92;78;85;97;111;98;96;95;95;91;69
74;70;64;68;64;80;63;82;84;89;73;83;96;107;96;93;96;94;89
75;76;72;61;66;58;79;62;82;83;85;71;81;96;105;95;91;96;93
76;65;78;67;58;66;56;76;60;80;81;85;68;80;93;100;94;90;95
77;60;58;76;63;57;65;54;73;59;80;78;84;65;75;93;96;92;88
78;66;54;58;70;64;57;65;53;72;58;77;79;85;62;70;88;94;90
79;74;61;52;56;69;61;57;65;54;70;56;78;77;83;61;69;87;91
80;59;70;61;49;55;69;54;56;62;48;69;53;74;75;82;62;68;82
81;69;55;66;61;44;55;67;50;52;59;46;68;54;72;72;77;59;64
82;28;60;53;60;59;44;52;63;50;50;55;41;65;53;69;67;76;56
83;31;27;55;46;56;56;44;51;58;45;47;49;40;62;47;64;62;72
84;28;28;27;50;39;51;54;43;51;55;45;43;49;40;59;44;60;59
85;33;27;26;23;41;38;50;46;39;45;54;37;42;49;41;58;41;58
86;32;32;27;23;19;39;33;46;42;38;41;50;35;36;46;39;51;38
87;26;29;26;23;20;17;34;31;44;39;30;38;43;34;31;42;37;45
88;28;24;26;23;20;16;15;27;26;40;35;26;35;40;30;28;39;34
89;23;24;22;21;20;15;14;10;23;25;35;35;23;32;38;26;23;33
90;26;15;21;16;17;16;13;10;9;22;19;29;27;20;29;34;25;21
91;18;24;12;19;13;17;15;8;9;8;19;14;27;27;16;23;30;21
92;14;12;22;11;16;12;14;11;5;9;4;18;11;21;20;12;19;24
93;10;13;10;19;9;17;12;8;10;5;9;5;17;10;18;17;11;18
94;11;9;9;4;15;7;11;9;8;10;3;7;4;13;7;12;16;11
95;10;10;4;6;2;13;4;11;8;7;9;3;5;3;13;5;10;12
96;7;8;8;4;5;2;11;2;8;6;7;9;3;5;2;11;4;10
97;5;5;4;7;2;2;2;8;2;6;6;6;7;3;4;1;7;3
98;4;5;3;4;7;2;1;2;3;0;3;3;5;4;1;2;0;3
99;1;0;4;0;0;6;2;1;2;3;0;2;2;3;3;1;1;0
100 e oltre;3;3;2;4;0;0;6;6;3;6;8;5;3;2;1;3;2;2
Totale;7879;7914;7954;7987;7991;8005;8031;8087;8146;8123;8082;8121;8131;8084;8017;8018;7983;8008
Età/Anno;2002;2003;2004;2005;2006;2007;2008;2009;2010;2011;2012;2013;2014;2015;2016;2017;2018;2019
Età;Maschi
0;36;32;35;28;46;34;35;33;37;38;28;14;20;20;22;22;18;27
1;39;36;33;37;30;52;31;37;41;33;38;30;16;17;18;26;23;19
2;29;39;38;34;38;29;51;32;37;41;34;34;31;15;17;16;28;25
3;44;27;40;41;35;42;31;52;34;37;39;31;35;28;15;15;18;26
4;41;45;25;39;42;35;39;32;54;34;34;40;28;35;30;15;16;20
5;25;41;44;25;41;40;37;40;36;49;36;36;39;30;33;31;16;17
6;28;27;40;44;26;42;41;35;42;36;47;41;36;38;32;32;32;15
7;28;28;27;40;42;29;44;40;33;40;35;45;37;36;38;32;29;35
8;29;29;29;28;40;42;29;47;40;33;39;38;43;38;35;38;34;33
9;37;29;30;29;30;36;42;32;44;39;31;40;38;40;40;36;37;36
10;26;37;27;33;30;31;38;41;32;42;40;31;38;38;39;42;35;37
11;38;26;37;30;34;33;29;40;42;32;44;42;32;37;40;40;40;35
12;32;38;27;36;29;35;34;29;39;47;30;45;42;32;37;40;38;40
13;31;31;37;28;36;31;32;33;28;39;46;33;44;43;35;38;38;40
14;30;31;31;37;26;37;33;32;32;24;37;46;34;46;44;34;40;39
15;34;29;31;31;37;26;38;33;32;34;24;36;45;34;44;43;35;41
16;24;34;29;32;29;37;27;38;33;36;35;24;37;47;31;44;43;35
17;32;24;33;29;33;31;37;25;38;33;35;32;25;36;48;31;43;42
18;26;33;22;33;27;33;28;39;26;37;33;37;32;24;39;48;33;44
19;28;26;33;22;33;25;33;29;39;27;38;32;35;31;24;39;47;33
20;33;28;26;30;23;33;29;31;31;38;27;39;31;36;31;24;40;45
21;33;33;27;26;30;21;35;31;31;30;40;32;42;32;37;33;25;45
22;27;31;32;27;27;31;22;34;29;31;31;39;31;43;31;37;33;25
23;49;28;32;33;28;29;34;23;36;30;36;32;42;34;43;31;38;35
24;37;49;29;34;33;27;29;36;23;37;33;38;33;45;36;46;32;43
25;61;37;50;30;39;33;29;28;36;24;34;37;40;33;43;35;48;31
26;49;61;41;54;32;38;36;31;30;35;27;34;37;39;34;41;36;49
27;73;54;65;44;49;33;37;36;31;27;37;28;36;32;32;31;36;40
28;62;72;49;66;42;51;34;34;41;28;28;40;29;35;38;31;30;36
29;52;61;69;47;66;42;56;37;42;38;30;27;41;29;36;38;27;32
30;53;55;60;79;47;65;40;59;37;41;40;32;29;39;33;38;42;30
31;76;59;58;51;73;49;66;49;61;37;40;39;36;33;36;36;39;43
32;63;77;54;62;49;73;54;69;47;63;37;49;37;34;32;37;35;40
33;62;66;82;59;64;55;67;57;69;48;61;39;48;31;31;32;38;34
34;57;64;64;79;62;57;56;65;59;65;50;61;38;43;30;33;32;46
35;67;62;72;63;75;61;59;57;66;60;64;52;62;37;41;31;34;33
36;85;71;67;74;63;77;65;59;60;68;63;61;53;66;35;40;31;37
37;60;85;71;65;79;57;75;65;61;62;71;63;64;52;66;33;43;31
38;76;63;86;66;69;75;59;75;63;61;63;69;65;60;51;67;34;44
39;64;77;69;90;69;66;78;60;73;63;61;60;71;59;54;51;68;42
40;57;64;76;72;89;70;68;77;59;75;63;65;62;69;59;56;50;66
41;56;59;66;76;70;90;68;66;75;61;75;65;62;60;68;61;55;50
42;68;58;59;63;75;69;90;70;66;76;61;79;63;65;57;67;60;57
43;42;67;60;61;60;76;64;95;68;69;76;59;75;61;65;55;67;61
44;46;42;68;59;63;57;73;62;99;69;66;75;61;77;62;71;54;65
45;50;48;46;68;58;64;58;76;62;97;72;69;73;62;79;65;71;55
46;54;50;50;46;67;55;64;57;77;63;96;70;66;72;62;81;63;66
47;56;50;52;47;45;67;54;64;57;78;62;97;73;66;73;62;82;66
48;62;56;51;53;46;44;69;52;61;56;80;56;100;74;63;76;62;79
49;43;59;56;54;54;47;44;68;52;59;55;79;57;103;65;62;72;65
50;39;41;60;54;55;53;47;45;65;52;58;56;76;53;103;66;60;70
51;67;39;41;59;55;55;51;45;45;65;53;58;56;75;51;100;65;62
52;47;68;38;41;58;55;54;52;47;43;65;50;59;58;74;55;98;64
53;64;44;64;37;42;59;57;57;50;44;41;66;48;60;58;75;57;99
54;51;66;41;63;38;42;58;57;60;52;44;42;65;48;59;57;77;57
55;68;51;69;43;64;40;43;57;55;55;52;45;46;64;48;61;56;77
56;36;68;51;67;47;66;39;43;57;55;55;50;45;49;63;46;56;55
57;53;36;66;48;67;47;65;40;40;57;53;55;51;44;47;64;46;53
58;53;52;35;66;47;64;47;62;43;41;56;53;56;49;48;46;65;46
59;56;51;52;36;66;47;64;46;64;41;41;56;53;54;50;48;44;65
60;44;56;51;52;36;65;49;61;48;65;40;40;56;53;56;52;47;42
61;58;45;55;51;51;34;65;48;63;45;66;40;40;57;54;56;52;46
62;46;59;44;52;49;49;35;64;46;60;43;65;40;43;55;54;56;55
63;56;49;57;45;49;48;50;35;63;49;58;44;64;42;44;54;52;57
64;43;55;49;56;47;52;48;50;34;62;51;54;44;62;40;43;52;53
65;36;43;54;48;54;45;52;47;50;33;59;54;55;47;61;40;41;50
66;46;36;42;53;47;53;47;53;47;49;32;59;53;50;47;62;39;40
67;39;45;37;42;54;47;52;46;52;46;49;32;59;51;48;47;62;39
68;46;40;48;37;40;53;46;50;44;52;44;49;31;57;48;47;44;62
69;47;44;40;48;36;38;52;43;48;43;49;43;48;31;55;47;48;44
70;50;46;43;39;46;35;37;51;40;49;42;49;44;49;31;54;44;45
71;28;46;43;43;39;44;35;39;50;43;49;41;49;43;49;30;51;44
72;33;26;45;41;41;39;43;36;36;49;42;48;40;48;40;46;29;51
73;26;31;26;45;36;41;37;42;36;34;50;40;49;42;46;41;46;28
74;29;24;29;26;43;36;39;38;39;33;34;50;38;48;40;47;40;44
75;30;30;21;27;23;41;35;38;37;38;31;33;49;38;47;39;47;40
76;23;29;26;19;27;22;38;34;36;36;39;31;31;46;34;46;39;48
77;27;19;29;23;20;25;21;38;33;36;34;38;30;27;45;32;44;38
78;17;24;20;27;24;21;25;21;37;32;33;34;37;28;25;41;31;43
79;27;14;20;20;27;22;23;25;22;36;31;32;33;35;27;24;41;32
80;25;26;14;20;20;28;18;22;25;18;37;28;31;33;33;26;22;36
81;26;24;21;14;17;19;27;16;20;24;18;35;27;29;33;32;22;21
82;9;23;23;17;14;15;18;24;17;21;24;18;32;27;27;29;30;21
83;12;9;20;21;17;14;16;17;24;14;18;22;14;32;24;24;26;28
84;10;11;9;19;18;14;14;15;16;20;12;17;21;14;29;22;22;26
85;8;7;10;9;17;17;14;11;13;15;20;8;18;21;13;27;21;22
86;13;9;7;8;6;16;14;12;9;13;14;19;8;15;19;12;24;19
87;7;12;9;5;7;5;12;12;9;7;10;11;15;9;12;18;11;20
88;9;6;12;7;3;5;3;9;10;7;5;8;9;15;8;10;17;11
89;6;6;6;6;6;1;4;2;7;9;7;5;7;9;13;7;8;13
90;4;2;7;3;4;3;0;3;1;8;6;5;4;5;8;12;5;7
91;5;4;2;6;1;4;3;0;2;1;6;4;5;4;4;6;9;4
92;4;5;3;4;7;1;3;1;0;3;0;6;2;4;4;4;4;8
93;4;4;3;3;4;7;1;1;1;0;3;0;6;2;3;4;3;3
94;4;4;2;2;1;3;4;1;1;1;0;2;0;4;2;1;4;4
95;0;4;2;0;2;0;2;4;1;1;1;0;1;0;4;1;1;2
96;1;0;3;2;0;2;0;0;2;1;1;0;0;1;0;4;1;1
97;0;1;0;3;1;0;2;0;0;2;1;1;0;0;1;0;2;1
98;0;0;1;0;3;1;0;1;0;0;2;0;1;0;0;0;0;1
99;0;0;0;0;0;3;1;0;1;0;0;1;0;0;0;0;0;0
100 e oltre;0;0;0;0;0;0;3;4;2;3;3;2;2;1;0;0;0;0
Totale;3742;3762;3785;3791;3806;3808;3834;3860;3889;3883;3884;3891;3892;3862;3814;3822;3781;3827
Età/Anno;2002;2003;2004;2005;2006;2007;2008;2009;2010;2011;2012;2013;2014;2015;2016;2017;2018;2019
Età;Femmine
0;28;34;31;32;41;32;25;27;37;35;24;29;28;34;30;19;20;26
1;29;28;33;33;33;41;29;24;28;38;36;26;32;30;33;33;16;22
2;31;27;26;32;28;30;42;30;29;26;38;34;26;31;28;29;31;17
3;31;33;25;27;34;29;29;40;31;29;29;39;36;29;29;32;28;30
4;35;30;34;26;26;34;30;31;40;29;27;30;40;33;30;29;35;30
5;35;34;31;34;26;28;37;31;32;40;30;30;30;36;33;31;30;36
6;36;34;33;32;34;27;29;36;33;29;37;30;30;28;36;35;31;31
7;33;37;38;33;32;33;27;34;34;33;28;38;28;30;27;36;38;30
8;36;34;37;38;34;31;31;27;33;36;31;29;39;29;28;26;34;36
9;42;35;32;38;40;35;31;30;28;34;36;33;28;39;31;30;31;32
10;35;42;34;35;38;41;36;31;30;29;33;34;32;27;39;33;29;31
11;21;37;42;35;34;39;41;40;32;29;29;35;34;32;26;39;33;28
12;30;24;38;44;36;33;38;41;39;30;28;30;34;36;33;26;40;34
13;33;30;15;39;43;38;33;35;40;40;31;27;28;32;36;33;26;42
14;41;32;34;18;41;44;34;34;37;41;42;31;27;30;30;36;33;27
15;28;42;34;33;19;41;45;36;33;37;41;42;32;27;30;32;37;32
16;42;28;42;34;34;20;43;41;37;32;37;42;41;34;27;28;32;37
17;37;42;28;42;36;33;20;44;44;40;34;37;41;41;32;28;27;32
18;29;37;41;27;43;36;32;22;40;44;40;33;34;44;42;32;28;28
19;30;28;38;40;27;41;36;34;26;40;42;41;35;38;43;43;33;29
20;35;29;31;37;43;28;42;37;37;27;39;42;40;30;39;42;43;35
21;41;34;32;35;39;44;30;46;38;35;27;39;44;40;30;38;43;42
22;34;45;37;31;34;40;49;29;45;35;37;26;37;46;40;28;37;41
23;46;34;48;37;29;33;41;52;30;48;35;44;27;33;47;41;29;38
24;43;44;32;48;38;35;35;41;51;33;47;38;49;29;35;45;42;36
25;50;45;42;33;48;41;36;35;34;49;33;50;42;50;31;37;47;43
26;56;57;47;43;39;49;44;38;40;38;44;29;47;38;48;36;39;42
27;50;57;59;55;46;40;51;46;44;38;36;41;32;43;37;46;34;44
28;62;55;58;64;58;46;38;50;49;45;39;31;42;33;40;36;47;33
29;58;61;53;58;65;56;51;42;48;53;49;41;33;43;31;40;39;47
30;70;55;61;56;53;58;52;53;38;47;54;53;47;32;44;39;42;35
31;56;70;59;65;56;57;56;51;55;39;41;51;48;47;33;43;35;44
32;73;60;70;62;63;56;55;60;49;52;36;39;54;47;44;33;37;40
33;69;75;60;71;63;61;58;60;63;48;47;39;38;55;46;43;34;37
34;71;76;80;64;65;63;59;64;63;58;49;46;36;40;51;52;38;33
35;58;74;80;75;65;64;62;61;66;58;57;50;42;35;42;50;50;39
36;69;56;75;81;72;59;65;60;61;65;57;58;45;42;35;42;54;46
37;68;68;61;72;77;69;62;72;59;57;66;57;59;44;43;37;44;55
38;67;67;69;60;71;78;69;60;71;57;60;69;55;59;45;43;40;42
39;60;65;66;72;63;73;78;67;62;66;55;63;67;57;57;45;47;36
40;59;60;65;64;73;64;69;77;68;66;70;58;61;65;52;55;46;50
41;55;57;59;68;64;77;60;68;77;70;67;73;56;56;64;53;59;46
42;64;55;57;60;67;68;75;60;73;82;69;64;75;56;60;63;50;58
43;62;64;56;60;59;68;64;75;61;77;79;68;64;77;55;61;66;52
44;44;63;66;53;59;61;70;66;77;64;73;81;67;64;80;58;67;65
45;49;46;65;68;57;59;61;71;64;77;64;70;79;69;64;80;56;67
46;53;50;46;65;67;56;62;62;68;63;76;65;71;79;69;68;79;57
47;43;54;49;44;64;66;57;61;62;67;62;76;63;73;78;70;69;77
48;70;44;55;50;45;66;67;59;59;61;66;66;76;63;73;75;70;68
49;48;70;44;56;50;45;65;67;60;61;60;63;68;75;64;73;77;69
50;48;48;70;44;59;51;45;67;68;59;61;60;67;67;74;63;74;79
51;53;49;49;70;41;59;52;46;70;67;59;63;58;69;68;74;64;72
52;48;53;50;49;72;42;61;51;47;70;71;59;63;59;73;67;72;63
53;63;47;52;50;49;74;42;64;48;45;70;68;57;63;62;75;65;74
54;64;64;47;50;47;48;72;41;63;48;46;69;64;58;62;61;75;65
55;68;64;63;48;52;47;48;72;45;59;49;49;70;64;58;61;58;75
56;48;69;63;63;48;52;47;49;70;44;58;49;50;70;68;58;62;57
57;48;48;67;64;63;48;52;46;49;72;44;60;50;50;72;67;58;61
58;55;48;49;67;62;62;47;50;48;48;72;44;61;51;49;71;67;57
59;62;54;47;48;68;63;63;45;51;49;47;72;49;62;48;48;67;65
60;56;60;53;47;49;69;63;63;45;51;50;49;75;48;59;48;47;62
61;51;56;59;54;47;47;70;63;61;46;50;51;48;73;50;58;48;47
62;67;50;60;59;54;47;50;70;63;62;48;50;53;45;73;50;59;48
63;46;69;49;60;56;52;46;47;70;61;59;48;50;52;45;71;48;58
64;56;43;70;51;59;58;54;46;48;68;61;62;49;49;53;46;71;48
65;47;56;43;72;51;55;55;58;45;46;68;62;63;50;50;53;48;69
66;48;47;57;44;72;50;57;54;59;44;45;69;62;62;50;51;52;49
67;50;50;47;57;44;72;50;58;54;58;44;44;69;62;59;49;53;52
68;47;51;51;47;56;44;71;51;54;54;59;45;43;68;63;59;50;55
69;33;47;51;51;48;57;42;71;50;53;51;58;47;42;69;62;58;52
70;40;33;47;50;51;45;55;43;71;47;52;51;58;46;41;69;60;55
71;39;42;28;46;50;50;45;52;44;71;46;51;52;57;46;40;69;62
72;40;37;40;28;47;46;49;45;51;46;70;49;53;50;56;45;40;69
73;38;39;38;39;28;43;46;50;42;51;47;71;49;54;49;54;45;41
74;41;40;39;38;37;27;43;46;50;40;49;46;69;48;53;49;54;45
75;46;42;40;39;35;38;27;44;46;47;40;48;47;67;48;52;49;53
76;42;49;41;39;39;34;38;26;44;45;46;37;49;47;66;48;51;47
77;33;39;47;40;37;40;33;35;26;44;44;46;35;48;48;64;48;50
78;49;30;38;43;40;36;40;32;35;26;44;45;48;34;45;47;63;47
79;47;47;32;36;42;39;34;40;32;34;25;46;44;48;34;45;46;59
80;34;44;47;29;35;41;36;34;37;30;32;25;43;42;49;36;46;46
81;43;31;45;47;27;36;40;34;32;35;28;33;27;43;39;45;37;43
82;19;37;30;43;45;29;34;39;33;29;31;23;33;26;42;38;46;35
83;19;18;35;25;39;42;28;34;34;31;29;27;26;30;23;40;36;44
84;18;17;18;31;21;37;40;28;35;35;33;26;28;26;30;22;38;33
85;25;20;16;14;24;21;36;35;26;30;34;29;24;28;28;31;20;36
86;19;23;20;15;13;23;19;34;33;25;27;31;27;21;27;27;27;19
87;19;17;17;18;13;12;22;19;35;32;20;27;28;25;19;24;26;25
88;19;18;14;16;17;11;12;18;16;33;30;18;26;25;22;18;22;23
89;17;18;16;15;14;14;10;8;16;16;28;30;16;23;25;19;15;20
90;22;13;14;13;13;13;13;7;8;14;13;24;23;15;21;22;20;14
91;13;20;10;13;12;13;12;8;7;7;13;10;22;23;12;17;21;17
92;10;7;19;7;9;11;11;10;5;6;4;12;9;17;16;8;15;16
93;6;9;7;16;5;10;11;7;9;5;6;5;11;8;15;13;8;15
94;7;5;7;2;14;4;7;8;7;9;3;5;4;9;5;11;12;7
95;10;6;2;6;0;13;2;7;7;6;8;3;4;3;9;4;9;10
96;6;8;5;2;5;0;11;2;6;5;6;9;3;4;2;7;3;9
97;5;4;4;4;1;2;0;8;2;4;5;5;7;3;3;1;5;2
98;4;5;2;4;4;1;1;1;3;0;1;3;4;4;1;2;0;2
99;1;0;4;0;0;3;1;1;1;3;0;1;2;3;3;1;1;0
100 e oltre;3;3;2;4;0;0;3;2;1;3;5;3;1;1;1;3;2;2
Totale;4137;4152;4169;4196;4185;4197;4197;4227;4257;4240;4198;4230;4239;4222;4203;4196;4202;4181

"Ricostruzione della popolazione intercensuaria - Popolazione al 1° gennaio per età"
"Cittadinanza italiana - Comune: San Daniele del Friuli"
Età/Anno;2002;2003;2004;2005;2006;2007;2008;2009;2010;2011;2012;2013;2014;2015;2016;2017;2018;2019
Età;Totale
0;63;65;64;58;81;59;54;56;65;65;45;40;41;44;44;31;32;47
1;66;63;65;66;59;86;57;53;62;63;65;49;44;39;43;48;29;31
2;59;64;61;65;62;56;87;58;59;61;63;58;52;42;38;40;48;30
3;74;59;62;64;67;65;57;86;60;60;60;59;60;50;41;41;39;46
4;75;74;55;61;65;68;64;59;88;59;56;60;55;59;53;41;43;41
5;60;74;74;55;65;65;72;65;62;83;59;60;59;55;59;54;41;45
6;63;61;70;74;56;66;67;70;68;59;79;63;60;60;57;60;56;42
7;59;64;65;70;72;54;67;68;65;66;57;75;58;59;60;58;60;59
8;64;59;64;66;70;70;54;69;67;66;63;58;74;60;57;59;60;60
9;78;63;60;66;67;69;69;55;67;68;64;65;58;73;63;57;62;61
10;61;77;61;64;66;69;71;69;56;66;67;63;64;58;72;66;57;62
11;55;62;77;64;64;70;67;75;70;56;66;69;64;63;59;74;65;56
12;62;58;62;78;64;63;69;67;75;72;53;65;65;65;63;58;75;64
13;63;61;48;62;78;68;61;67;66;77;72;54;61;68;69;66;58;74
14;71;62;64;50;62;80;63;60;67;63;76;72;58;64;68;69;68;61
15;62;71;62;63;51;62;80;63;59;69;63;75;71;57;63;68;69;66
16;64;62;70;62;61;52;62;78;64;59;69;63;74;75;54;62;68;68
17;67;64;61;71;64;63;52;62;80;66;59;66;63;74;74;56;61;67
18;54;68;63;59;69;64;60;53;58;79;67;60;63;66;78;75;58;63
19;58;53;69;62;59;65;63;60;56;59;78;68;60;65;65;79;75;56
20;66;57;56;65;65;61;68;63;61;56;58;79;67;57;65;63;80;76
21;70;65;57;59;66;64;61;68;62;60;56;61;81;68;57;66;65;85
22;58;71;66;55;59;66;69;56;67;59;62;54;60;83;66;55;66;64
23;94;59;73;66;54;60;67;70;60;67;61;67;57;60;84;66;56;66
24;75;92;55;75;65;55;62;65;70;65;67;63;68;59;63;82;67;66
25;111;76;90;55;80;68;57;60;62;70;62;72;66;73;61;63;88;65
26;101;115;76;90;60;79;72;61;65;65;68;57;68;64;75;61;65;81
27;117;100;119;84;90;60;78;69;64;57;62;63;57;59;62;73;57;71
28;120;118;96;122;84;91;62;75;71;57;61;61;63;57;62;55;70;56
29;105;117;112;93;122;80;96;64;77;76;62;61;64;63;55;64;57;70
30;120;105;113;121;90;114;75;98;59;72;78;68;66;60;67;63;72;56
31;129;123;108;107;117;91;109;77;100;63;66;74;68;69;61;66;63;73
32;131;133;118;112;100;118;95;113;75;102;62;70;74;66;66;63;62;64
33;128;136;136;120;112;103;111;99;113;76;93;64;69;75;64;68;64;61
34;126;135;138;136;116;105;103;115;101;106;80;94;61;66;71;70;62;67
35;121;133;141;131;127;117;106;108;119;102;105;79;91;60;69;71;70;66
36;151;125;140;147;128;124;119;104;111;119;102;102;76;92;59;69;75;70
37;127;148;128;134;145;123;121;126;106;110;120;103;104;77;93;59;70;74
38;138;126;150;122;137;139;120;123;123;103;111;119;104;100;79;94;62;71
39;123;136;128;154;126;135;145;118;124;120;101;110;118;100;97;78;95;65
40;115;123;134;125;153;125;130;143;118;124;123;101;108;115;95;98;81;96
41;107;112;123;134;123;157;120;128;142;122;126;126;95;105;114;96;102;81
42;130;109;109;121;133;124;156;124;131;149;121;124;123;99;108;113;92;101
43;101;129;112;114;117;139;120;162;124;137;146;121;120;122;98;107;114;92
44;86;103;131;107;115;116;138;120;166;131;131;147;122;121;127;109;112;110
45;97;90;108;129;109;117;117;142;119;165;133;132;144;125;124;130;109;112
46;103;97;92;107;127;105;116;117;141;120;163;131;131;141;123;130;129;104
47;98;100;98;88;106;127;101;120;117;140;117;164;130;132;143;124;133;130
48;129;97;102;99;87;106;128;100;115;115;140;114;167;131;128;143;124;129
49;91;128;95;104;100;88;104;129;101;114;113;137;118;169;123;127;143;124
50;86;89;126;94;105;100;88;105;127;100;113;115;135;113;168;123;126;142
51;118;87;89;124;92;104;98;87;108;129;102;115;113;137;111;166;122;126
52;95;119;86;89;126;93;103;99;87;105;129;99;116;116;138;111;162;121
53;126;91;115;84;90;129;95;107;95;83;103;127;96;116;118;141;111;164
54;114;127;88;111;84;88;125;93;110;96;84;105;123;97;113;117;143;111
55;135;115;129;91;113;86;87;124;92;104;96;87;109;123;98;115;114;145
56;84;136;114;127;92;113;85;88;123;91;102;94;89;111;125;97;111;112
57;99;84;132;112;127;92;112;86;86;124;89;103;94;88;109;126;97;106
58;107;98;84;132;109;125;91;109;91;88;123;90;105;94;92;108;128;96
59;114;104;97;84;132;109;126;88;113;90;87;122;93;103;93;93;105;127
60;100;114;103;98;85;133;109;123;90;113;90;88;122;92;104;97;91;100
61;109;101;111;104;97;81;134;108;123;89;114;91;87;123;94;104;97;89
62;112;109;104;109;102;94;84;133;106;121;89;112;92;86;121;95;106;99
63;102;117;106;105;104;99;94;81;132;107;116;90;111;93;87;120;92;104
64;98;98;118;107;105;108;101;94;81;129;109;115;92;108;92;88;118;94
65;83;98;97;119;105;100;104;104;92;78;126;113;117;95;109;91;86;116
66;93;83;98;97;118;103;104;104;105;90;77;127;112;110;95;110;89;85
67;89;94;83;98;98;118;102;104;103;104;90;76;127;110;106;95;111;89
68;93;91;98;83;96;97;117;101;98;103;103;89;74;124;108;105;93;114
69;80;91;91;98;83;95;94;114;98;96;97;101;90;73;122;106;105;92
70;90;79;90;89;96;79;92;94;110;96;93;96;102;91;72;121;101;98
71;66;88;71;89;89;93;79;91;94;113;95;91;98;100;91;70;118;103
72;73;62;85;69;88;85;91;80;87;95;112;97;92;96;96;87;68;118
73;64;70;63;84;63;84;83;91;77;85;97;111;97;93;93;94;87;68
74;70;64;68;63;80;62;82;84;88;72;83;96;107;95;90;95;93;85
75;75;72;61;66;57;79;61;82;83;85;70;80;96;105;94;88;95;92
76;64;76;67;58;66;56;76;59;80;81;85;67;78;93;100;93;87;94
77;60;57;74;63;57;65;54;73;58;80;78;84;64;73;93;96;92;85
78;66;54;57;68;64;57;65;53;72;57;76;79;84;61;69;88;94;90
79;73;61;52;55;67;61;57;65;54;70;55;77;77;82;60;68;87;91
80;59;69;61;49;54;67;54;56;61;48;69;52;73;75;81;61;67;82
81;67;54;65;61;44;54;65;50;52;59;46;68;53;71;72;76;58;63
82;28;59;52;59;59;44;51;61;50;50;55;41;65;52;68;67;75;55
83;31;27;54;45;55;56;44;50;58;45;47;49;40;62;46;63;62;71
84;28;28;27;49;38;50;54;43;50;55;45;43;49;40;59;43;59;59
85;33;27;26;23;40;37;49;46;39;44;54;37;42;49;41;58;40;57
86;32;32;27;23;19;38;32;45;42;38;41;50;35;36;46;39;51;37
87;26;29;26;23;20;17;33;30;43;39;30;38;43;34;31;42;37;45
88;28;24;26;23;20;16;15;27;25;39;35;26;35;40;30;28;39;34
89;23;24;22;21;20;15;14;10;23;24;34;35;23;32;38;26;23;33
90;26;15;21;16;17;16;13;10;9;22;19;28;27;20;29;34;25;21
91;18;24;12;19;13;17;15;8;9;8;19;14;26;27;16;23;30;21
92;14;12;22;10;16;12;14;11;5;9;4;18;11;21;20;12;19;24
93;10;13;10;19;8;17;12;8;10;5;9;5;17;10;18;17;11;18
94;11;9;9;4;15;7;11;9;8;10;3;7;4;13;7;12;16;11
95;10;10;4;6;2;13;4;11;8;7;9;3;5;3;13;5;10;12
96;7;8;8;4;5;2;11;2;8;6;7;9;3;5;2;11;4;10
97;5;5;4;7;2;2;2;8;2;6;6;6;7;3;4;1;7;3
98;4;5;3;4;7;2;1;2;3;0;3;3;5;4;1;2;0;3
99;1;0;4;0;0;6;2;1;2;3;0;2;2;3;3;1;1;0
100 e oltre;3;3;2;4;0;0;6;6;3;6;8;5;3;2;1;3;2;2
Totale;7748;7748;7723;7695;7659;7647;7617;7628;7651;7635;7557;7536;7504;7467;7426;7420;7394;7362
Età/Anno;2002;2003;2004;2005;2006;2007;2008;2009;2010;2011;2012;2013;2014;2015;2016;2017;2018;2019
Età;Maschi
0;35;32;34;28;42;32;31;31;36;33;25;13;17;19;17;17;15;24
1;37;35;33;36;29;47;31;31;36;32;32;27;15;14;17;19;17;14
2;29;37;37;34;35;29;46;32;32;37;33;28;29;14;14;15;20;19
3;44;27;37;39;35;38;31;47;33;33;33;30;28;25;14;13;15;20
4;41;45;25;36;40;35;36;29;49;33;31;33;27;28;26;14;13;15
5;25;41;44;25;40;38;37;36;31;44;33;32;32;29;27;27;13;15
6;28;27;38;44;26;40;39;35;37;30;42;37;32;33;30;28;28;14
7;28;28;27;38;42;26;41;37;32;36;29;39;34;33;34;29;25;31
8;29;28;28;28;37;42;26;43;37;32;35;30;37;35;32;33;32;27
9;37;29;29;29;28;35;41;28;40;37;30;36;31;36;35;32;32;34
10;26;37;27;31;29;29;37;40;28;38;37;30;35;32;36;36;32;32
11;34;25;37;29;32;32;27;37;40;28;38;39;31;34;34;37;34;32
12;32;35;25;36;28;32;31;27;37;43;26;38;36;31;34;33;37;35
13;31;31;34;25;36;30;30;32;27;37;42;28;36;38;33;36;33;36
14;30;31;31;34;24;37;29;29;31;24;35;42;31;37;40;33;38;35
15;34;29;31;31;34;24;37;29;29;33;24;34;40;30;36;38;33;38
16;23;34;28;31;29;34;24;37;29;30;33;24;34;42;28;38;38;32
17;31;23;33;29;32;31;34;24;37;29;29;30;25;34;43;28;37;37
18;26;32;22;32;27;32;28;35;24;36;30;31;30;24;37;44;30;37
19;28;26;32;22;32;25;32;29;35;24;36;29;30;29;24;37;43;28
20;33;28;26;30;23;33;27;31;30;34;24;38;29;31;29;24;38;42
21;30;33;26;26;30;21;33;27;31;29;35;26;39;30;31;31;25;44
22;26;28;32;26;26;31;22;31;28;31;30;32;25;40;29;31;31;25
23;49;27;29;33;27;28;32;23;33;27;33;30;35;29;41;29;32;31
24;33;49;26;31;33;25;29;32;23;35;29;34;29;38;30;43;30;36
25;61;34;50;27;35;33;28;28;33;24;32;33;33;32;36;28;46;29
26;49;61;33;51;27;35;35;29;30;33;26;31;31;34;33;35;29;44
27;70;50;64;37;48;28;34;33;28;25;33;26;31;26;29;30;33;30
28;61;66;46;65;36;49;30;32;36;24;26;35;27;30;30;24;28;31
29;50;60;64;44;66;35;50;30;35;34;26;25;36;26;31;31;23;28
30;53;53;58;71;44;65;34;53;29;33;38;28;26;35;31;33;36;26
31;75;56;53;49;67;42;63;40;57;32;30;35;31;29;33;32;36;35
32;62;75;51;55;45;68;46;64;40;59;32;37;33;28;28;34;31;35
33;60;65;80;54;56;50;61;48;63;40;55;33;36;29;27;28;34;29
34;56;63;62;76;55;51;50;61;48;59;41;57;32;33;27;29;28;38
35;65;59;68;60;70;55;52;53;60;51;58;41;57;31;33;28;30;30
36;84;69;65;72;60;71;60;51;55;61;52;55;39;60;30;33;27;31
37;59;84;69;62;74;56;67;61;53;57;62;52;55;40;60;29;34;27
38;73;59;85;64;66;67;55;68;59;51;57;61;53;50;41;61;30;35
39;63;73;62;87;66;63;72;55;69;59;51;55;62;49;46;40;60;37
40;57;63;71;62;86;66;63;71;54;67;58;50;54;61;48;48;42;59
41;54;56;65;71;61;86;64;63;70;57;67;59;47;53;61;49;48;42
42;67;56;55;63;71;60;86;67;61;73;57;69;57;51;53;59;48;48
43;42;66;59;57;60;74;57;92;66;65;73;57;65;54;51;51;59;47
44;44;42;67;57;60;57;71;56;96;69;63;72;59;66;56;57;50;56
45;49;46;46;67;56;62;57;74;57;95;72;65;70;59;69;59;59;50
46;51;49;48;45;66;53;61;56;76;59;94;70;63;68;57;73;57;54
47;56;48;50;46;44;66;51;63;56;76;58;95;71;63;70;57;75;60
48;61;55;49;50;44;43;66;50;60;56;77;53;98;72;60;72;57;72
49;43;59;54;51;51;45;42;66;50;57;55;76;54;101;63;59;70;59
50;38;41;58;53;51;51;45;42;63;50;56;56;73;50;101;64;57;68
51;66;38;41;57;52;51;49;43;43;64;51;56;56;73;48;99;63;59
52;47;67;38;41;57;52;48;50;44;41;63;48;57;58;72;50;97;62
53;63;44;63;37;42;58;54;50;49;42;39;63;46;58;58;73;52;98
54;51;64;41;62;38;42;57;54;52;50;42;41;61;46;57;57;75;52
55;68;51;67;43;63;40;43;56;52;50;49;43;44;61;46;59;56;75
56;36;68;51;65;44;63;39;43;56;52;50;48;43;47;60;45;55;55
57;53;36;66;48;65;44;62;40;40;56;50;50;49;42;45;61;45;52
58;52;52;35;66;47;64;44;60;43;41;55;50;51;47;46;44;63;45
59;55;50;52;36;66;47;64;43;63;41;41;55;50;49;48;46;42;63
60;44;55;50;52;36;65;49;61;45;64;40;40;55;50;51;51;45;40
61;58;45;54;50;51;34;65;48;63;43;65;40;40;56;51;51;51;44
62;46;59;44;52;48;49;35;64;46;60;41;64;40;42;54;52;51;53
63;56;49;57;45;49;47;50;35;63;49;58;42;63;42;43;53;50;51
64;42;55;49;56;46;51;47;50;34;62;51;54;43;61;40;43;51;51
65;36;42;54;48;54;45;50;46;50;32;59;54;55;45;60;40;41;49
66;46;36;41;53;47;53;47;51;46;49;32;59;53;50;45;61;39;40
67;39;45;36;41;54;47;52;46;50;46;49;32;59;51;48;46;61;39
68;46;40;48;36;40;53;46;50;44;50;44;49;31;57;48;47;43;62
69;47;44;40;48;36;38;52;43;48;43;47;43;48;31;55;47;48;42
70;50;46;43;39;46;35;37;51;40;49;42;47;44;49;31;54;44;45
71;27;46;43;43;39;44;35;39;50;43;49;41;47;43;49;30;51;44
72;33;25;45;41;41;39;43;36;36;49;42;48;40;46;40;46;29;51
73;26;31;25;45;36;41;37;42;36;34;50;40;48;42;44;40;46;28
74;29;24;29;25;43;36;39;38;39;33;34;50;38;47;40;46;39;44
75;30;30;21;27;22;41;35;38;37;38;31;33;49;38;46;39;46;39
76;23;29;26;19;27;22;38;34;36;36;39;31;31;46;34;45;39;47
77;27;19;29;23;20;25;21;38;33;36;34;38;30;27;45;32;44;38
78;17;24;20;27;24;21;25;21;37;32;33;34;37;28;25;41;31;43
79;27;14;20;20;27;22;23;25;22;36;31;32;33;35;27;24;41;32
80;25;26;14;20;20;28;18;22;24;18;37;28;31;33;33;26;22;36
81;25;23;21;14;17;19;27;16;20;24;18;35;27;29;33;32;22;21
82;9;22;22;17;14;15;18;24;17;21;24;18;32;27;27;29;30;21
83;12;9;19;20;17;14;16;17;24;14;18;22;14;32;24;24;26;28
84;10;11;9;18;17;14;14;15;16;20;12;17;21;14;29;22;22;26
85;8;7;10;9;16;16;14;11;13;15;20;8;18;21;13;27;21;22
86;13;9;7;8;6;15;13;12;9;13;14;19;8;15;19;12;24;19
87;7;12;9;5;7;5;11;11;9;7;10;11;15;9;12;18;11;20
88;9;6;12;7;3;5;3;9;9;7;5;8;9;15;8;10;17;11
89;6;6;6;6;6;1;4;2;7;8;7;5;7;9;13;7;8;13
90;4;2;7;3;4;3;0;3;1;8;6;5;4;5;8;12;5;7
91;5;4;2;6;1;4;3;0;2;1;6;4;5;4;4;6;9;4
92;4;5;3;3;7;1;3;1;0;3;0;6;2;4;4;4;4;8
93;4;4;3;3;3;7;1;1;1;0;3;0;6;2;3;4;3;3
94;4;4;2;2;1;3;4;1;1;1;0;2;0;4;2;1;4;4
95;0;4;2;0;2;0;2;4;1;1;1;0;1;0;4;1;1;2
96;1;0;3;2;0;2;0;0;2;1;1;0;0;1;0;4;1;1
97;0;1;0;3;1;0;2;0;0;2;1;1;0;0;1;0;2;1
98;0;0;1;0;3;1;0;1;0;0;2;0;1;0;0;0;0;1
99;0;0;0;0;0;3;1;0;1;0;0;1;0;0;0;0;0;0
100 e oltre;0;0;0;0;0;0;3;4;2;3;3;2;2;1;0;0;0;0
Totale;3688;3688;3683;3670;3666;3662;3654;3667;3685;3679;3652;3633;3604;3587;3548;3549;3518;3524
Età/Anno;2002;2003;2004;2005;2006;2007;2008;2009;2010;2011;2012;2013;2014;2015;2016;2017;2018;2019
Età;Femmine
0;28;33;30;30;39;27;23;25;29;32;20;27;24;25;27;14;17;23
1;29;28;32;30;30;39;26;22;26;31;33;22;29;25;26;29;12;17
2;30;27;24;31;27;27;41;26;27;24;30;30;23;28;24;25;28;11
3;30;32;25;25;32;27;26;39;27;27;27;29;32;25;27;28;24;26
4;34;29;30;25;25;33;28;30;39;26;25;27;28;31;27;27;30;26
5;35;33;30;30;25;27;35;29;31;39;26;28;27;26;32;27;28;30
6;35;34;32;30;30;26;28;35;31;29;37;26;28;27;27;32;28;28
7;31;36;38;32;30;28;26;31;33;30;28;36;24;26;26;29;35;28
8;35;31;36;38;33;28;28;26;30;34;28;28;37;25;25;26;28;33
9;41;34;31;37;39;34;28;27;27;31;34;29;27;37;28;25;30;27
10;35;40;34;33;37;40;34;29;28;28;30;33;29;26;36;30;25;30
11;21;37;40;35;32;38;40;38;30;28;28;30;33;29;25;37;31;24
12;30;23;37;42;36;31;38;40;38;29;27;27;29;34;29;25;38;29
13;32;30;14;37;42;38;31;35;39;40;30;26;25;30;36;30;25;38
14;41;31;33;16;38;43;34;31;36;39;41;30;27;27;28;36;30;26
15;28;42;31;32;17;38;43;34;30;36;39;41;31;27;27;30;36;28
16;41;28;42;31;32;18;38;41;35;29;36;39;40;33;26;24;30;36
17;36;41;28;42;32;32;18;38;43;37;30;36;38;40;31;28;24;30
18;28;36;41;27;42;32;32;18;34;43;37;29;33;42;41;31;28;26
19;30;27;37;40;27;40;31;31;21;35;42;39;30;36;41;42;32;28
20;33;29;30;35;42;28;41;32;31;22;34;41;38;26;36;39;42;34
21;40;32;31;33;36;43;28;41;31;31;21;35;42;38;26;35;40;41
22;32;43;34;29;33;35;47;25;39;28;32;22;35;43;37;24;35;39
23;45;32;44;33;27;32;35;47;27;40;28;37;22;31;43;37;24;35
24;42;43;29;44;32;30;33;33;47;30;38;29;39;21;33;39;37;30
25;50;42;40;28;45;35;29;32;29;46;30;39;33;41;25;35;42;36
26;52;54;43;39;33;44;37;32;35;32;42;26;37;30;42;26;36;37
27;47;50;55;47;42;32;44;36;36;32;29;37;26;33;33;43;24;41
28;59;52;50;57;48;42;32;43;35;33;35;26;36;27;32;31;42;25
29;55;57;48;49;56;45;46;34;42;42;36;36;28;37;24;33;34;42
30;67;52;55;50;46;49;41;45;30;39;40;40;40;25;36;30;36;30
31;54;67;55;58;50;49;46;37;43;31;36;39;37;40;28;34;27;38
32;69;58;67;57;55;50;49;49;35;43;30;33;41;38;38;29;31;29
33;68;71;56;66;56;53;50;51;50;36;38;31;33;46;37;40;30;32
34;70;72;76;60;61;54;53;54;53;47;39;37;29;33;44;41;34;29
35;56;74;73;71;57;62;54;55;59;51;47;38;34;29;36;43;40;36
36;67;56;75;75;68;53;59;53;56;58;50;47;37;32;29;36;48;39
37;68;64;59;72;71;67;54;65;53;53;58;51;49;37;33;30;36;47
38;65;67;65;58;71;72;65;55;64;52;54;58;51;50;38;33;32;36
39;60;63;66;67;60;72;73;63;55;61;50;55;56;51;51;38;35;28
40;58;60;63;63;67;59;67;72;64;57;65;51;54;54;47;50;39;37
41;53;56;58;63;62;71;56;65;72;65;59;67;48;52;53;47;54;39
42;63;53;54;58;62;64;70;57;70;76;64;55;66;48;55;54;44;53
43;59;63;53;57;57;65;63;70;58;72;73;64;55;68;47;56;55;45
44;42;61;64;50;55;59;67;64;70;62;68;75;63;55;71;52;62;54
45;48;44;62;62;53;55;60;68;62;70;61;67;74;66;55;71;50;62
46;52;48;44;62;61;52;55;61;65;61;69;61;68;73;66;57;72;50
47;42;52;48;42;62;61;50;57;61;64;59;69;59;69;73;67;58;70
48;68;42;53;49;43;63;62;50;55;59;63;61;69;59;68;71;67;57
49;48;69;41;53;49;43;62;63;51;57;58;61;64;68;60;68;73;65
50;48;48;68;41;54;49;43;63;64;50;57;59;62;63;67;59;69;74
51;52;49;48;67;40;53;49;44;65;65;51;59;57;64;63;67;59;67
52;48;52;48;48;69;41;55;49;43;64;66;51;59;58;66;61;65;59
53;63;47;52;47;48;71;41;57;46;41;64;64;50;58;60;68;59;66
54;63;63;47;49;46;46;68;39;58;46;42;64;62;51;56;60;68;59
55;67;64;62;48;50;46;44;68;40;54;47;44;65;62;52;56;58;70
56;48;68;63;62;48;50;46;45;67;39;52;46;46;64;65;52;56;57
57;46;48;66;64;62;48;50;46;46;68;39;53;45;46;64;65;52;54
58;55;46;49;66;62;61;47;49;48;47;68;40;54;47;46;64;65;51
59;59;54;45;48;66;62;62;45;50;49;46;67;43;54;45;47;63;64
60;56;59;53;46;49;68;60;62;45;49;50;48;67;42;53;46;46;60
61;51;56;57;54;46;47;69;60;60;46;49;51;47;67;43;53;46;45
62;66;50;60;57;54;45;49;69;60;61;48;48;52;44;67;43;55;46
63;46;68;49;60;55;52;44;46;69;58;58;48;48;51;44;67;42;53
64;56;43;69;51;59;57;54;44;47;67;58;61;49;47;52;45;67;43
65;47;56;43;71;51;55;54;58;42;46;67;59;62;50;49;51;45;67
66;47;47;57;44;71;50;57;53;59;41;45;68;59;60;50;49;50;45
67;50;49;47;57;44;71;50;58;53;58;41;44;68;59;58;49;50;50
68;47;51;50;47;56;44;71;51;54;53;59;40;43;67;60;58;50;52
69;33;47;51;50;47;57;42;71;50;53;50;58;42;42;67;59;57;50
70;40;33;47;50;50;44;55;43;70;47;51;49;58;42;41;67;57;53
71;39;42;28;46;50;49;44;52;44;70;46;50;51;57;42;40;67;59
72;40;37;40;28;47;46;48;44;51;46;70;49;52;50;56;41;39;67
73;38;39;38;39;27;43;46;49;41;51;47;71;49;51;49;54;41;40
74;41;40;39;38;37;26;43;46;49;39;49;46;69;48;50;49;54;41
75;45;42;40;39;35;38;26;44;46;47;39;47;47;67;48;49;49;53
76;41;47;41;39;39;34;38;25;44;45;46;36;47;47;66;48;48;47
77;33;38;45;40;37;40;33;35;25;44;44;46;34;46;48;64;48;47
78;49;30;37;41;40;36;40;32;35;25;43;45;47;33;44;47;63;47
79;46;47;32;35;40;39;34;40;32;34;24;45;44;47;33;44;46;59
80;34;43;47;29;34;39;36;34;37;30;32;24;42;42;48;35;45;46
81;42;31;44;47;27;35;38;34;32;35;28;33;26;42;39;44;36;42
82;19;37;30;42;45;29;33;37;33;29;31;23;33;25;41;38;45;34
83;19;18;35;25;38;42;28;33;34;31;29;27;26;30;22;39;36;43
84;18;17;18;31;21;36;40;28;34;35;33;26;28;26;30;21;37;33
85;25;20;16;14;24;21;35;35;26;29;34;29;24;28;28;31;19;35
86;19;23;20;15;13;23;19;33;33;25;27;31;27;21;27;27;27;18
87;19;17;17;18;13;12;22;19;34;32;20;27;28;25;19;24;26;25
88;19;18;14;16;17;11;12;18;16;32;30;18;26;25;22;18;22;23
89;17;18;16;15;14;14;10;8;16;16;27;30;16;23;25;19;15;20
90;22;13;14;13;13;13;13;7;8;14;13;23;23;15;21;22;20;14
91;13;20;10;13;12;13;12;8;7;7;13;10;21;23;12;17;21;17
92;10;7;19;7;9;11;11;10;5;6;4;12;9;17;16;8;15;16
93;6;9;7;16;5;10;11;7;9;5;6;5;11;8;15;13;8;15
94;7;5;7;2;14;4;7;8;7;9;3;5;4;9;5;11;12;7
95;10;6;2;6;0;13;2;7;7;6;8;3;4;3;9;4;9;10
96;6;8;5;2;5;0;11;2;6;5;6;9;3;4;2;7;3;9
97;5;4;4;4;1;2;0;8;2;4;5;5;7;3;3;1;5;2
98;4;5;2;4;4;1;1;1;3;0;1;3;4;4;1;2;0;2
99;1;0;4;0;0;3;1;1;1;3;0;1;2;3;3;1;1;0
100 e oltre;3;3;2;4;0;0;3;2;1;3;5;3;1;1;1;3;2;2
Totale;4060;4060;4040;4025;3993;3985;3963;3961;3966;3956;3905;3903;3900;3880;3878;3871;3876;3838

"Ricostruzione della popolazione intercensuaria - Popolazione al 1° gennaio per età"
"Cittadinanza straniera - Comune: San Daniele del Friuli"
Età/Anno;2002;2003;2004;2005;2006;2007;2008;2009;2010;2011;2012;2013;2014;2015;2016;2017;2018;2019
Età;Totale
0;1;1;2;2;6;7;6;4;9;8;7;3;7;10;8;10;6;6
1;2;1;1;4;4;7;3;8;7;8;9;7;4;8;8;11;10;10
2;1;2;3;1;4;3;6;4;7;6;9;10;5;4;7;5;11;12
3;1;1;3;4;2;6;3;6;5;6;8;11;11;7;3;6;7;10
4;1;1;4;4;3;1;5;4;6;4;5;10;13;9;7;3;8;9
5;0;1;1;4;2;3;2;6;6;6;7;6;10;11;7;8;5;8
6;1;0;3;2;4;3;3;1;7;6;5;8;6;6;11;7;7;4
7;2;1;0;3;2;8;4;6;2;7;6;8;7;7;5;10;7;6
8;1;4;2;0;4;3;6;5;6;3;7;9;8;7;6;5;8;9
9;1;1;2;1;3;2;4;7;5;5;3;8;8;6;8;9;6;7
10;0;2;0;4;2;3;3;3;6;5;6;2;6;7;6;9;7;6
11;4;1;2;1;4;2;3;5;4;5;7;8;2;6;7;5;8;7
12;0;4;3;2;1;5;3;3;3;5;5;10;11;3;7;8;3;10
13;1;0;4;5;1;1;4;1;2;2;5;6;11;7;2;5;6;8
14;0;1;1;5;5;1;4;6;2;2;3;5;3;12;6;1;5;5
15;0;0;3;1;5;5;3;6;6;2;2;3;6;4;11;7;3;7
16;2;0;1;4;2;5;8;1;6;9;3;3;4;6;4;10;7;4
17;2;2;0;0;5;1;5;7;2;7;10;3;3;3;6;3;9;7
18;1;2;0;1;1;5;0;8;8;2;6;10;3;2;3;5;3;9
19;0;1;2;0;1;1;6;3;9;8;2;5;10;4;2;3;5;6
20;2;0;1;2;1;0;3;5;7;9;8;2;4;9;5;3;3;4
21;4;2;2;2;3;1;4;9;7;5;11;10;5;4;10;5;3;2
22;3;5;3;3;2;5;2;7;7;7;6;11;8;6;5;10;4;2
23;1;3;7;4;3;2;8;5;6;11;10;9;12;7;6;6;11;7
24;5;1;6;7;6;7;2;12;4;5;13;13;14;15;8;9;7;13
25;0;6;2;8;7;6;8;3;8;3;5;15;16;10;13;9;7;9
26;4;3;12;7;11;8;8;8;5;8;3;6;16;13;7;16;10;10
27;6;11;5;15;5;13;10;13;11;8;11;6;11;16;7;4;13;13
28;4;9;11;8;16;6;10;9;19;16;6;10;8;11;16;12;7;13
29;5;5;10;12;9;18;11;15;13;15;17;7;10;9;12;14;9;9
30;3;5;8;14;10;9;17;14;16;16;16;17;10;11;10;14;12;9
31;3;6;9;9;12;15;13;23;16;13;15;16;16;11;8;13;11;14
32;5;4;6;12;12;11;14;16;21;13;11;18;17;15;10;7;10;16
33;3;5;6;10;15;13;14;18;19;20;15;14;17;11;13;7;8;10
34;2;5;6;7;11;15;12;14;21;17;19;13;13;17;10;15;8;12
35;4;3;11;7;13;8;15;10;13;16;16;23;13;12;14;10;14;6
36;3;2;2;8;7;12;11;15;10;14;18;17;22;16;11;13;10;13
37;1;5;4;3;11;3;16;11;14;9;17;17;19;19;16;11;17;12
38;5;4;5;4;3;14;8;12;11;15;12;19;16;19;17;16;12;15
39;1;6;7;8;6;4;11;9;11;9;15;13;20;16;14;18;20;13
40;1;1;7;11;9;9;7;11;9;17;10;22;15;19;16;13;15;20
41;4;4;2;10;11;10;8;6;10;9;16;12;23;11;18;18;12;15
42;2;4;7;2;9;13;9;6;8;9;9;19;15;22;9;17;18;14
43;3;2;4;7;2;5;8;8;5;9;9;6;19;16;22;9;19;21
44;4;2;3;5;7;2;5;8;10;2;8;9;6;20;15;20;9;20
45;2;4;3;7;6;6;2;5;7;9;3;7;8;6;19;15;18;10
46;4;3;4;4;7;6;10;2;4;6;9;4;6;10;8;19;13;19
47;1;4;3;3;3;6;10;5;2;5;7;9;6;7;8;8;18;13
48;3;3;4;4;4;4;8;11;5;2;6;8;9;6;8;8;8;18
49;0;1;5;6;4;4;5;6;11;6;2;5;7;9;6;8;6;10
50;1;0;4;4;9;4;4;7;6;11;6;1;8;7;9;6;8;7
51;2;1;1;5;4;10;5;4;7;3;10;6;1;7;8;8;7;8
52;0;2;2;1;4;4;12;4;7;8;7;10;6;1;9;11;8;6
53;1;0;1;3;1;4;4;14;3;6;8;7;9;7;2;9;11;9
54;1;3;0;2;1;2;5;5;13;4;6;6;6;9;8;1;9;11
55;1;0;3;0;3;1;4;5;8;10;5;7;7;5;8;7;0;7
56;0;1;0;3;3;5;1;4;4;8;11;5;6;8;6;7;7;0
57;2;0;1;0;3;3;5;0;3;5;8;12;7;6;10;5;7;8
58;1;2;0;1;0;1;3;3;0;1;5;7;12;6;5;9;4;7
59;4;1;2;0;2;1;1;3;2;0;1;6;9;13;5;3;6;3
60;0;2;1;1;0;1;3;1;3;3;0;1;9;9;11;3;3;4
61;0;0;3;1;1;0;1;3;1;2;2;0;1;7;10;10;3;4
62;1;0;0;2;1;2;1;1;3;1;2;3;1;2;7;9;9;4
63;0;1;0;0;1;1;2;1;1;3;1;2;3;1;2;5;8;11
64;1;0;1;0;1;2;1;2;1;1;3;1;1;3;1;1;5;7
65;0;1;0;1;0;0;3;1;3;1;1;3;1;2;2;2;3;3
66;1;0;1;0;1;0;0;3;1;3;0;1;3;2;2;3;2;4
67;0;1;1;1;0;1;0;0;3;0;3;0;1;3;1;1;4;2
68;0;0;1;1;0;0;0;0;0;3;0;5;0;1;3;1;1;3
69;0;0;0;1;1;0;0;0;0;0;3;0;5;0;2;3;1;4
70;0;0;0;0;1;1;0;0;1;0;1;4;0;4;0;2;3;2
71;1;0;0;0;0;1;1;0;0;1;0;1;3;0;4;0;2;3
72;0;1;0;0;0;0;1;1;0;0;0;0;1;2;0;4;1;2
73;0;0;1;0;1;0;0;1;1;0;0;0;1;3;2;1;4;1
74;0;0;0;1;0;1;0;0;1;1;0;0;0;1;3;1;1;4
75;1;0;0;0;1;0;1;0;0;0;1;1;0;0;1;3;1;1
76;1;2;0;0;0;0;0;1;0;0;0;1;2;0;0;1;3;1
77;0;1;2;0;0;0;0;0;1;0;0;0;1;2;0;0;0;3
78;0;0;1;2;0;0;0;0;0;1;1;0;1;1;1;0;0;0
79;1;0;0;1;2;0;0;0;0;0;1;1;0;1;1;1;0;0
80;0;1;0;0;1;2;0;0;1;0;0;1;1;0;1;1;1;0
81;2;1;1;0;0;1;2;0;0;0;0;0;1;1;0;1;1;1
82;0;1;1;1;0;0;1;2;0;0;0;0;0;1;1;0;1;1
83;0;0;1;1;1;0;0;1;0;0;0;0;0;0;1;1;0;1
84;0;0;0;1;1;1;0;0;1;0;0;0;0;0;0;1;1;0
85;0;0;0;0;1;1;1;0;0;1;0;0;0;0;0;0;1;1
86;0;0;0;0;0;1;1;1;0;0;0;0;0;0;0;0;0;1
87;0;0;0;0;0;0;1;1;1;0;0;0;0;0;0;0;0;0
88;0;0;0;0;0;0;0;0;1;1;0;0;0;0;0;0;0;0
89;0;0;0;0;0;0;0;0;0;1;1;0;0;0;0;0;0;0
90;0;0;0;0;0;0;0;0;0;0;0;1;0;0;0;0;0;0
91;0;0;0;0;0;0;0;0;0;0;0;0;1;0;0;0;0;0
92;0;0;0;1;0;0;0;0;0;0;0;0;0;0;0;0;0;0
93;0;0;0;0;1;0;0;0;0;0;0;0;0;0;0;0;0;0
94;0;0;0;0;0;0;0;0;0;0;0;0;0;0;0;0;0;0
95;0;0;0;0;0;0;0;0;0;0;0;0;0;0;0;0;0;0
96;0;0;0;0;0;0;0;0;0;0;0;0;0;0;0;0;0;0
97;0;0;0;0;0;0;0;0;0;0;0;0;0;0;0;0;0;0
98;0;0;0;0;0;0;0;0;0;0;0;0;0;0;0;0;0;0
99;0;0;0;0;0;0;0;0;0;0;0;0;0;0;0;0;0;0
100 e oltre;0;0;0;0;0;0;0;0;0;0;0;0;0;0;0;0;0;0
Totale;131;166;231;292;332;358;414;459;495;488;525;585;627;617;591;598;589;646
Età/Anno;2002;2003;2004;2005;2006;2007;2008;2009;2010;2011;2012;2013;2014;2015;2016;2017;2018;2019
Età;Maschi
0;1;0;1;0;4;2;4;2;1;5;3;1;3;1;5;5;3;3
1;2;1;0;1;1;5;0;6;5;1;6;3;1;3;1;7;6;5
2;0;2;1;0;3;0;5;0;5;4;1;6;2;1;3;1;8;6
3;0;0;3;2;0;4;0;5;1;4;6;1;7;3;1;2;3;6
4;0;0;0;3;2;0;3;3;5;1;3;7;1;7;4;1;3;5
5;0;0;0;0;1;2;0;4;5;5;3;4;7;1;6;4;3;2
6;0;0;2;0;0;2;2;0;5;6;5;4;4;5;2;4;4;1
7;0;0;0;2;0;3;3;3;1;4;6;6;3;3;4;3;4;4
8;0;1;1;0;3;0;3;4;3;1;4;8;6;3;3;5;2;6
9;0;0;1;0;2;1;1;4;4;2;1;4;7;4;5;4;5;2
10;0;0;0;2;1;2;1;1;4;4;3;1;3;6;3;6;3;5
11;4;1;0;1;2;1;2;3;2;4;6;3;1;3;6;3;6;3
12;0;3;2;0;1;3;3;2;2;4;4;7;6;1;3;7;1;5
13;0;0;3;3;0;1;2;1;1;2;4;5;8;5;2;2;5;4
14;0;0;0;3;2;0;4;3;1;0;2;4;3;9;4;1;2;4
15;0;0;0;0;3;2;1;4;3;1;0;2;5;4;8;5;2;3
16;1;0;1;1;0;3;3;1;4;6;2;0;3;5;3;6;5;3
17;1;1;0;0;1;0;3;1;1;4;6;2;0;2;5;3;6;5
18;0;1;0;1;0;1;0;4;2;1;3;6;2;0;2;4;3;7
19;0;0;1;0;1;0;1;0;4;3;2;3;5;2;0;2;4;5
20;0;0;0;0;0;0;2;0;1;4;3;1;2;5;2;0;2;3
21;3;0;1;0;0;0;2;4;0;1;5;6;3;2;6;2;0;1
22;1;3;0;1;1;0;0;3;1;0;1;7;6;3;2;6;2;0
23;0;1;3;0;1;1;2;0;3;3;3;2;7;5;2;2;6;4
24;4;0;3;3;0;2;0;4;0;2;4;4;4;7;6;3;2;7
25;0;3;0;3;4;0;1;0;3;0;2;4;7;1;7;7;2;2
26;0;0;8;3;5;3;1;2;0;2;1;3;6;5;1;6;7;5
27;3;4;1;7;1;5;3;3;3;2;4;2;5;6;3;1;3;10
28;1;6;3;1;6;2;4;2;5;4;2;5;2;5;8;7;2;5
29;2;1;5;3;0;7;6;7;7;4;4;2;5;3;5;7;4;4
30;0;2;2;8;3;0;6;6;8;8;2;4;3;4;2;5;6;4
31;1;3;5;2;6;7;3;9;4;5;10;4;5;4;3;4;3;8
32;1;2;3;7;4;5;8;5;7;4;5;12;4;6;4;3;4;5
33;2;1;2;5;8;5;6;9;6;8;6;6;12;2;4;4;4;5
34;1;1;2;3;7;6;6;4;11;6;9;4;6;10;3;4;4;8
35;2;3;4;3;5;6;7;4;6;9;6;11;5;6;8;3;4;3
36;1;2;2;2;3;6;5;8;5;7;11;6;14;6;5;7;4;6
37;1;1;2;3;5;1;8;4;8;5;9;11;9;12;6;4;9;4
38;3;4;1;2;3;8;4;7;4;10;6;8;12;10;10;6;4;9
39;1;4;7;3;3;3;6;5;4;4;10;5;9;10;8;11;8;5
40;0;1;5;10;3;4;5;6;5;8;5;15;8;8;11;8;8;7
41;2;3;1;5;9;4;4;3;5;4;8;6;15;7;7;12;7;8
42;1;2;4;0;4;9;4;3;5;3;4;10;6;14;4;8;12;9
43;0;1;1;4;0;2;7;3;2;4;3;2;10;7;14;4;8;14
44;2;0;1;2;3;0;2;6;3;0;3;3;2;11;6;14;4;9
45;1;2;0;1;2;2;1;2;5;2;0;4;3;3;10;6;12;5
46;3;1;2;1;1;2;3;1;1;4;2;0;3;4;5;8;6;12
47;0;2;2;1;1;1;3;1;1;2;4;2;2;3;3;5;7;6
48;1;1;2;3;2;1;3;2;1;0;3;3;2;2;3;4;5;7
49;0;0;2;3;3;2;2;2;2;2;0;3;3;2;2;3;2;6
50;1;0;2;1;4;2;2;3;2;2;2;0;3;3;2;2;3;2
51;1;1;0;2;3;4;2;2;2;1;2;2;0;2;3;1;2;3
52;0;1;0;0;1;3;6;2;3;2;2;2;2;0;2;5;1;2
53;1;0;1;0;0;1;3;7;1;2;2;3;2;2;0;2;5;1
54;0;2;0;1;0;0;1;3;8;2;2;1;4;2;2;0;2;5
55;0;0;2;0;1;0;0;1;3;5;3;2;2;3;2;2;0;2
56;0;0;0;2;3;3;0;0;1;3;5;2;2;2;3;1;1;0
57;0;0;0;0;2;3;3;0;0;1;3;5;2;2;2;3;1;1
58;1;0;0;0;0;0;3;2;0;0;1;3;5;2;2;2;2;1
59;1;1;0;0;0;0;0;3;1;0;0;1;3;5;2;2;2;2
60;0;1;1;0;0;0;0;0;3;1;0;0;1;3;5;1;2;2
61;0;0;1;1;0;0;0;0;0;2;1;0;0;1;3;5;1;2
62;0;0;0;0;1;0;0;0;0;0;2;1;0;1;1;2;5;2
63;0;0;0;0;0;1;0;0;0;0;0;2;1;0;1;1;2;6
64;1;0;0;0;1;1;1;0;0;0;0;0;1;1;0;0;1;2
65;0;1;0;0;0;0;2;1;0;1;0;0;0;2;1;0;0;1
66;0;0;1;0;0;0;0;2;1;0;0;0;0;0;2;1;0;0
67;0;0;1;1;0;0;0;0;2;0;0;0;0;0;0;1;1;0
68;0;0;0;1;0;0;0;0;0;2;0;0;0;0;0;0;1;0
69;0;0;0;0;0;0;0;0;0;0;2;0;0;0;0;0;0;2
70;0;0;0;0;0;0;0;0;0;0;0;2;0;0;0;0;0;0
71;1;0;0;0;0;0;0;0;0;0;0;0;2;0;0;0;0;0
72;0;1;0;0;0;0;0;0;0;0;0;0;0;2;0;0;0;0
73;0;0;1;0;0;0;0;0;0;0;0;0;1;0;2;1;0;0
74;0;0;0;1;0;0;0;0;0;0;0;0;0;1;0;1;1;0
75;0;0;0;0;1;0;0;0;0;0;0;0;0;0;1;0;1;1
76;0;0;0;0;0;0;0;0;0;0;0;0;0;0;0;1;0;1
77;0;0;0;0;0;0;0;0;0;0;0;0;0;0;0;0;0;0
78;0;0;0;0;0;0;0;0;0;0;0;0;0;0;0;0;0;0
79;0;0;0;0;0;0;0;0;0;0;0;0;0;0;0;0;0;0
80;0;0;0;0;0;0;0;0;1;0;0;0;0;0;0;0;0;0
81;1;1;0;0;0;0;0;0;0;0;0;0;0;0;0;0;0;0
82;0;1;1;0;0;0;0;0;0;0;0;0;0;0;0;0;0;0
83;0;0;1;1;0;0;0;0;0;0;0;0;0;0;0;0;0;0
84;0;0;0;1;1;0;0;0;0;0;0;0;0;0;0;0;0;0
85;0;0;0;0;1;1;0;0;0;0;0;0;0;0;0;0;0;0
86;0;0;0;0;0;1;1;0;0;0;0;0;0;0;0;0;0;0
87;0;0;0;0;0;0;1;1;0;0;0;0;0;0;0;0;0;0
88;0;0;0;0;0;0;0;0;1;0;0;0;0;0;0;0;0;0
89;0;0;0;0;0;0;0;0;0;1;0;0;0;0;0;0;0;0
90;0;0;0;0;0;0;0;0;0;0;0;0;0;0;0;0;0;0
91;0;0;0;0;0;0;0;0;0;0;0;0;0;0;0;0;0;0
92;0;0;0;1;0;0;0;0;0;0;0;0;0;0;0;0;0;0
93;0;0;0;0;1;0;0;0;0;0;0;0;0;0;0;0;0;0
94;0;0;0;0;0;0;0;0;0;0;0;0;0;0;0;0;0;0
95;0;0;0;0;0;0;0;0;0;0;0;0;0;0;0;0;0;0
96;0;0;0;0;0;0;0;0;0;0;0;0;0;0;0;0;0;0
97;0;0;0;0;0;0;0;0;0;0;0;0;0;0;0;0;0;0
98;0;0;0;0;0;0;0;0;0;0;0;0;0;0;0;0;0;0
99;0;0;0;0;0;0;0;0;0;0;0;0;0;0;0;0;0;0
100 e oltre;0;0;0;0;0;0;0;0;0;0;0;0;0;0;0;0;0;0
Totale;54;74;102;121;140;146;180;193;204;204;232;258;288;275;266;273;263;303
Età/Anno;2002;2003;2004;2005;2006;2007;2008;2009;2010;2011;2012;2013;2014;2015;2016;2017;2018;2019
Età;Femmine
0;0;1;1;2;2;5;2;2;8;3;4;2;4;9;3;5;3;3
1;0;0;1;3;3;2;3;2;2;7;3;4;3;5;7;4;4;5
2;1;0;2;1;1;3;1;4;2;2;8;4;3;3;4;4;3;6
3;1;1;0;2;2;2;3;1;4;2;2;10;4;4;2;4;4;4
4;1;1;4;1;1;1;2;1;1;3;2;3;12;2;3;2;5;4
5;0;1;1;4;1;1;2;2;1;1;4;2;3;10;1;4;2;6
6;1;0;1;2;4;1;1;1;2;0;0;4;2;1;9;3;3;3
7;2;1;0;1;2;5;1;3;1;3;0;2;4;4;1;7;3;2
8;1;3;1;0;1;3;3;1;3;2;3;1;2;4;3;0;6;3
9;1;1;1;1;1;1;3;3;1;3;2;4;1;2;3;5;1;5
10;0;2;0;2;1;1;2;2;2;1;3;1;3;1;3;3;4;1
11;0;0;2;0;2;1;1;2;2;1;1;5;1;3;1;2;2;4
12;0;1;1;2;0;2;0;1;1;1;1;3;5;2;4;1;2;5
13;1;0;1;2;1;0;2;0;1;0;1;1;3;2;0;3;1;4
14;0;1;1;2;3;1;0;3;1;2;1;1;0;3;2;0;3;1
15;0;0;3;1;2;3;2;2;3;1;2;1;1;0;3;2;1;4
16;1;0;0;3;2;2;5;0;2;3;1;3;1;1;1;4;2;1
17;1;1;0;0;4;1;2;6;1;3;4;1;3;1;1;0;3;2
18;1;1;0;0;1;4;0;4;6;1;3;4;1;2;1;1;0;2
19;0;1;1;0;0;1;5;3;5;5;0;2;5;2;2;1;1;1
20;2;0;1;2;1;0;1;5;6;5;5;1;2;4;3;3;1;1
21;1;2;1;2;3;1;2;5;7;4;6;4;2;2;4;3;3;1
22;2;2;3;2;1;5;2;4;6;7;5;4;2;3;3;4;2;2
23;1;2;4;4;2;1;6;5;3;8;7;7;5;2;4;4;5;3
24;1;1;3;4;6;5;2;8;4;3;9;9;10;8;2;6;5;6
25;0;3;2;5;3;6;7;3;5;3;3;11;9;9;6;2;5;7
26;4;3;4;4;6;5;7;6;5;6;2;3;10;8;6;10;3;5
27;3;7;4;8;4;8;7;10;8;6;7;4;6;10;4;3;10;3
28;3;3;8;7;10;4;6;7;14;12;4;5;6;6;8;5;5;8
29;3;4;5;9;9;11;5;8;6;11;13;5;5;6;7;7;5;5
30;3;3;6;6;7;9;11;8;8;8;14;13;7;7;8;9;6;5
31;2;3;4;7;6;8;10;14;12;8;5;12;11;7;5;9;8;6
32;4;2;3;5;8;6;6;11;14;9;6;6;13;9;6;4;6;11
33;1;4;4;5;7;8;8;9;13;12;9;8;5;9;9;3;4;5
34;1;4;4;4;4;9;6;10;10;11;10;9;7;7;7;11;4;4
35;2;0;7;4;8;2;8;6;7;7;10;12;8;6;6;7;10;3
36;2;0;0;6;4;6;6;7;5;7;7;11;8;10;6;6;6;7
37;0;4;2;0;6;2;8;7;6;4;8;6;10;7;10;7;8;8
38;2;0;4;2;0;6;4;5;7;5;6;11;4;9;7;10;8;6
39;0;2;0;5;3;1;5;4;7;5;5;8;11;6;6;7;12;8
40;1;0;2;1;6;5;2;5;4;9;5;7;7;11;5;5;7;13
41;2;1;1;5;2;6;4;3;5;5;8;6;8;4;11;6;5;7
42;1;2;3;2;5;4;5;3;3;6;5;9;9;8;5;9;6;5
43;3;1;3;3;2;3;1;5;3;5;6;4;9;9;8;5;11;7
44;2;2;2;3;4;2;3;2;7;2;5;6;4;9;9;6;5;11
45;1;2;3;6;4;4;1;3;2;7;3;3;5;3;9;9;6;5
46;1;2;2;3;6;4;7;1;3;2;7;4;3;6;3;11;7;7
47;1;2;1;2;2;5;7;4;1;3;3;7;4;4;5;3;11;7
48;2;2;2;1;2;3;5;9;4;2;3;5;7;4;5;4;3;11
49;0;1;3;3;1;2;3;4;9;4;2;2;4;7;4;5;4;4
50;0;0;2;3;5;2;2;4;4;9;4;1;5;4;7;4;5;5
51;1;0;1;3;1;6;3;2;5;2;8;4;1;5;5;7;5;5
52;0;1;2;1;3;1;6;2;4;6;5;8;4;1;7;6;7;4
53;0;0;0;3;1;3;1;7;2;4;6;4;7;5;2;7;6;8
54;1;1;0;1;1;2;4;2;5;2;4;5;2;7;6;1;7;6
55;1;0;1;0;2;1;4;4;5;5;2;5;5;2;6;5;0;5
56;0;1;0;1;0;2;1;4;3;5;6;3;4;6;3;6;6;0
57;2;0;1;0;1;0;2;0;3;4;5;7;5;4;8;2;6;7
58;0;2;0;1;0;1;0;1;0;1;4;4;7;4;3;7;2;6
59;3;0;2;0;2;1;1;0;1;0;1;5;6;8;3;1;4;1
60;0;1;0;1;0;1;3;1;0;2;0;1;8;6;6;2;1;2
61;0;0;2;0;1;0;1;3;1;0;1;0;1;6;7;5;2;2
62;1;0;0;2;0;2;1;1;3;1;0;2;1;1;6;7;4;2
63;0;1;0;0;1;0;2;1;1;3;1;0;2;1;1;4;6;5
64;0;0;1;0;0;1;0;2;1;1;3;1;0;2;1;1;4;5
65;0;0;0;1;0;0;1;0;3;0;1;3;1;0;1;2;3;2
66;1;0;0;0;1;0;0;1;0;3;0;1;3;2;0;2;2;4
67;0;1;0;0;0;1;0;0;1;0;3;0;1;3;1;0;3;2
68;0;0;1;0;0;0;0;0;0;1;0;5;0;1;3;1;0;3
69;0;0;0;1;1;0;0;0;0;0;1;0;5;0;2;3;1;2
70;0;0;0;0;1;1;0;0;1;0;1;2;0;4;0;2;3;2
71;0;0;0;0;0;1;1;0;0;1;0;1;1;0;4;0;2;3
72;0;0;0;0;0;0;1;1;0;0;0;0;1;0;0;4;1;2
73;0;0;0;0;1;0;0;1;1;0;0;0;0;3;0;0;4;1
74;0;0;0;0;0;1;0;0;1;1;0;0;0;0;3;0;0;4
75;1;0;0;0;0;0;1;0;0;0;1;1;0;0;0;3;0;0
76;1;2;0;0;0;0;0;1;0;0;0;1;2;0;0;0;3;0
77;0;1;2;0;0;0;0;0;1;0;0;0;1;2;0;0;0;3
78;0;0;1;2;0;0;0;0;0;1;1;0;1;1;1;0;0;0
79;1;0;0;1;2;0;0;0;0;0;1;1;0;1;1;1;0;0
80;0;1;0;0;1;2;0;0;0;0;0;1;1;0;1;1;1;0
81;1;0;1;0;0;1;2;0;0;0;0;0;1;1;0;1;1;1
82;0;0;0;1;0;0;1;2;0;0;0;0;0;1;1;0;1;1
83;0;0;0;0;1;0;0;1;0;0;0;0;0;0;1;1;0;1
84;0;0;0;0;0;1;0;0;1;0;0;0;0;0;0;1;1;0
85;0;0;0;0;0;0;1;0;0;1;0;0;0;0;0;0;1;1
86;0;0;0;0;0;0;0;1;0;0;0;0;0;0;0;0;0;1
87;0;0;0;0;0;0;0;0;1;0;0;0;0;0;0;0;0;0
88;0;0;0;0;0;0;0;0;0;1;0;0;0;0;0;0;0;0
89;0;0;0;0;0;0;0;0;0;0;1;0;0;0;0;0;0;0
90;0;0;0;0;0;0;0;0;0;0;0;1;0;0;0;0;0;0
91;0;0;0;0;0;0;0;0;0;0;0;0;1;0;0;0;0;0
92;0;0;0;0;0;0;0;0;0;0;0;0;0;0;0;0;0;0
93;0;0;0;0;0;0;0;0;0;0;0;0;0;0;0;0;0;0
94;0;0;0;0;0;0;0;0;0;0;0;0;0;0;0;0;0;0
95;0;0;0;0;0;0;0;0;0;0;0;0;0;0;0;0;0;0
96;0;0;0;0;0;0;0;0;0;0;0;0;0;0;0;0;0;0
97;0;0;0;0;0;0;0;0;0;0;0;0;0;0;0;0;0;0
98;0;0;0;0;0;0;0;0;0;0;0;0;0;0;0;0;0;0
99;0;0;0;0;0;0;0;0;0;0;0;0;0;0;0;0;0;0
100 e oltre;0;0;0;0;0;0;0;0;0;0;0;0;0;0;0;0;0;0
Totale;77;92;129;171;192;212;234;266;291;284;293;327;339;342;325;325;326;343
