"Popolazione per età, vista per singola area - Comune: 068022 - Manoppello"

"Ricostruzione della popolazione intercensuaria - Popolazione al 1° gennaio per età"
"Tutte le cittadinanze - Comune: Manoppello"
Età/Anno;2002;2003;2004;2005;2006;2007;2008;2009;2010;2011;2012;2013;2014;2015;2016;2017;2018;2019
Età;Totale
0;41;60;57;70;54;63;71;82;73;74;78;58;65;61;62;75;54;61
1;60;50;63;59;72;56;67;77;85;71;74;79;58;64;62;62;76;55
2;69;62;51;64;57;72;61;70;84;82;74;74;82;61;64;62;63;78
3;49;71;65;54;64;61;74;62;75;82;77;70;76;81;57;63;62;66
4;46;60;72;64;56;67;64;76;68;75;87;77;69;78;81;60;60;61
5;45;49;61;73;67;57;70;70;76;67;74;88;74;71;79;78;56;62
6;63;47;54;62;73;70;61;73;67;73;70;75;90;71;67;78;72;58
7;49;65;50;56;64;75;72;62;74;69;74;66;73;90;69;65;79;69
8;71;51;65;53;58;65;79;75;62;75;70;73;65;69;88;70;64;77
9;60;73;52;63;53;59;63;79;74;63;76;67;69;65;68;86;69;67
10;57;62;71;54;61;54;62;64;80;73;63;75;67;65;67;71;82;66
11;62;58;62;74;53;64;54;62;62;80;74;62;73;65;66;63;70;82
12;64;61;61;63;75;54;67;56;62;64;83;73;61;75;66;66;62;69
13;61;66;61;63;63;76;55;69;56;61;67;80;74;60;75;67;65;61
14;53;61;68;60;60;66;79;57;69;54;62;66;76;71;62;75;67;66
15;63;54;59;72;60;61;68;83;56;71;58;61;67;77;69;64;77;66
16;60;66;54;61;70;63;61;69;83;55;72;58;59;66;77;69;63;77
17;62;59;67;55;60;71;66;61;71;84;54;72;56;59;66;76;67;64
18;62;64;63;68;53;61;74;71;63;69;86;57;71;56;60;68;76;70
19;64;64;70;63;67;52;63;77;71;60;70;84;58;70;57;60;67;77
20;72;64;65;71;60;71;54;65;78;72;59;67;83;57;69;58;56;66
21;62;75;68;67;70;66;76;62;61;81;72;63;66;78;58;71;57;59
22;64;64;76;68;66;73;72;78;66;60;81;70;65;68;77;55;72;57
23;75;67;66;76;70;65;76;72;83;67;63;84;69;67;69;75;50;73
24;59;81;73;68;77;77;70;80;80;83;69;63;83;69;69;68;71;50
25;70;67;87;74;72;80;76;75;84;78;84;69;64;87;66;67;68;74
26;73;75;63;89;75;70;86;84;81;85;82;87;70;66;85;66;64;66
27;68;76;78;80;89;79;77;95;86;82;89;80;92;64;65;86;61;69
28;80;73;83;86;85;103;89;84;98;90;88;94;77;86;68;66;81;64
29;99;88;81;93;90;91;112;99;87;101;91;90;97;76;84;69;64;83
30;70;103;101;94;90;98;110;108;104;88;103;93;91;100;72;92;67;68
31;77;75;109;101;99;107;113;110;114;105;95;109;94;99;103;76;86;70
32;105;82;78;112;109;107;112;110;120;113;106;101;108;90;103;107;78;93
33;88;112;87;84;117;115;116;114;120;121;111;109;103;111;88;105;103;80
34;84;90;119;90;83;118;119;121;119;123;123;111;112;102;117;87;104;104
35;84;88;93;120;92;94;119;115;123;124;130;118;106;115;108;114;81;103
36;83;90;94;98;119;99;100;126;124;124;125;125;115;100;112;103;117;83
37;77;82;89;94;97;120;103;107;133;124;127;122;127;112;99;110;99;121
38;96;78;81;91;92;104;122;115;108;131;120;129;118;118;116;98;107;103
39;89;95;79;81;90;97;107;125;123;108;131;123;122;118;115;114;101;105
40;70;89;103;82;89;98;100;113;127;118;109;129;120;114;109;111;111;100
41;81;71;91;102;84;90;105;111;112;124;119;105;128;120;114;107;107;114
42;70;83;74;95;104;86;93;109;110;115;125;116;105;123;121;114;96;107
43;60;72;87;75;93;107;87;96;110;104;113;125;111;105;125;117;111;97
44;90;65;67;85;74;94;118;91;98;111;103;115;126;113;108;123;114;112
45;86;90;70;68;85;76;98;120;86;99;110;102;107;125;111;105;121;113
46;80;89;89;74;67;87;76;97;122;88;101;113;101;107;127;111;107;120
47;72;83;96;89;74;69;94;83;95;125;92;102;111;101;106;130;109;106
48;66;77;83;97;86;75;73;95;85;95;127;90;101;109;99;111;134;111
49;73;68;79;82;97;86;80;79;94;86;96;126;91;99;110;102;111;130
50;86;73;68;80;83;97;88;82;80;93;86;94;122;90;97;110;100;109
51;59;87;76;69;77;85;97;88;83;79;93;88;96;123;93;97;111;102
52;74;60;88;75;71;74;86;95;89;83;79;96;95;96;123;92;97;111
53;86;76;63;88;76;71;77;90;91;90;82;79;97;96;97;123;90;100
54;65;88;75;66;89;75;73;75;91;92;90;82;79;97;97;96;119;90
55;90;69;89;77;66;89;76;73;77;92;91;93;80;76;95;99;97;119
56;52;90;69;89;75;66;88;77;76;77;96;92;94;80;76;92;98;98
57;57;53;91;68;89;74;67;91;78;73;77;95;91;91;78;77;92;100
58;66;60;53;93;68;88;77;68;92;77;75;78;97;91;92;78;75;92
59;54;67;58;55;95;69;89;80;68;95;78;74;77;98;92;89;77;75
60;45;52;64;58;56;96;72;90;80;67;94;79;72;76;99;90;91;76
61;80;46;53;69;57;56;96;74;93;80;68;91;79;73;76;99;87;90
62;74;81;44;54;69;55;59;96;71;93;81;70;90;79;72;78;100;86
63;74;76;79;44;54;69;57;59;97;72;91;79;69;90;80;73;79;97
64;64;73;74;78;47;55;69;57;54;96;74;92;80;69;91;79;74;79
65;58;65;74;74;76;47;58;72;60;54;95;75;89;80;70;88;80;73
66;75;61;65;73;75;74;46;57;70;62;52;97;69;88;80;70;87;79
67;57;76;63;64;70;77;75;46;58;68;64;50;99;69;88;81;70;86
68;72;56;76;65;63;71;76;75;46;58;68;64;50;97;69;89;81;71
69;49;73;57;80;65;65;69;80;74;42;59;67;63;50;94;68;89;81
70;73;48;68;56;79;62;64;70;82;74;43;59;67;61;48;92;67;88
71;58;74;47;67;54;78;61;64;70;81;75;43;57;65;60;46;92;64
72;46;59;72;48;67;55;75;60;61;67;81;71;39;53;65;62;45;89
73;62;44;56;71;47;65;54;76;55;59;65;80;71;37;55;67;62;45
74;60;61;43;56;71;45;64;55;73;49;58;63;76;71;38;55;63;61
75;56;56;58;43;52;70;41;61;55;67;49;55;62;77;71;37;53;60
76;40;54;59;55;42;49;64;40;61;57;64;48;51;60;79;64;37;49
77;42;39;53;55;53;45;48;65;42;58;55;64;49;49;58;74;60;38
78;40;42;38;51;53;52;44;47;64;39;55;54;64;48;45;60;74;58
79;51;38;41;37;52;50;51;45;47;63;37;54;54;60;50;43;54;73
80;34;47;34;38;34;51;49;47;42;44;60;36;53;54;60;46;40;51
81;47;31;42;32;37;32;47;44;45;37;41;58;35;49;54;60;44;39
82;28;45;29;41;28;37;30;44;43;43;31;36;56;36;44;51;57;41
83;14;28;43;28;36;29;35;28;42;36;41;30;33;55;31;44;49;54
84;15;15;22;41;25;34;28;33;27;39;34;41;29;33;50;31;44;49
85;27;14;14;22;39;21;33;27;33;26;33;32;36;28;30;49;29;39
86;27;26;12;12;21;36;19;33;26;28;23;31;30;32;26;24;41;27
87;19;24;24;9;12;19;36;18;29;26;25;24;29;28;32;25;23;37
88;17;18;21;23;9;11;17;33;14;26;22;22;24;26;28;30;21;18
89;19;14;15;18;21;8;10;14;30;11;25;18;19;21;20;22;26;21
90;9;19;12;15;16;21;7;7;12;26;11;24;15;18;18;18;19;22
91;12;9;17;10;11;18;18;6;6;9;22;9;18;12;14;17;15;18
92;4;9;9;16;5;10;13;16;6;6;9;20;7;16;10;13;13;12
93;6;4;7;7;14;3;7;11;11;5;5;4;14;7;12;10;10;11
94;3;2;4;6;7;10;4;4;7;9;5;4;4;9;6;10;8;6
95;4;3;2;4;5;5;9;2;4;7;7;5;3;3;4;5;9;5
96;2;2;0;2;1;3;3;5;2;4;6;4;4;2;2;2;4;4
97;0;1;2;0;1;1;3;3;4;1;3;2;4;3;2;2;0;3
98;0;0;1;3;0;1;1;2;3;4;1;2;1;4;2;2;2;0
99;0;0;0;1;1;0;1;1;1;3;2;1;3;0;3;1;1;2
100 e oltre;0;0;0;0;0;1;1;2;3;2;3;5;4;5;3;2;1;2
Totale;5636;5823;5959;6123;6149;6344;6596;6822;6970;6976;7071;7079;7045;7005;7014;7028;6916;6953
Età/Anno;2002;2003;2004;2005;2006;2007;2008;2009;2010;2011;2012;2013;2014;2015;2016;2017;2018;2019
Età;Maschi
0;23;31;25;33;28;30;31;41;30;42;44;34;38;29;35;35;28;30
1;26;25;32;27;32;29;32;34;41;30;45;46;32;38;28;37;35;27
2;35;27;26;34;25;33;33;31;36;40;33;44;46;33;38;28;38;39
3;34;37;26;29;33;27;34;32;31;35;33;32;45;45;32;36;29;40
4;27;39;38;26;31;36;29;35;34;33;38;34;31;47;46;32;34;30
5;26;28;39;38;26;31;39;33;36;34;32;40;34;33;48;44;28;36
6;36;28;30;41;39;29;34;41;31;35;35;31;41;32;31;46;43;29
7;19;39;30;30;43;41;31;36;42;31;34;36;31;42;31;32;46;42
8;30;20;40;33;32;42;42;34;35;42;31;36;38;31;40;33;32;46
9;32;32;23;38;33;32;43;43;33;36;42;31;34;37;30;39;32;33
10;25;34;32;23;37;33;33;43;45;32;36;42;30;33;38;32;35;31
11;34;26;35;34;23;38;33;34;41;44;33;34;40;29;34;35;31;35
12;26;34;27;36;35;24;41;34;34;42;46;33;35;41;30;34;35;31
13;31;27;34;29;35;36;25;42;34;33;44;44;34;35;40;31;34;34
14;24;32;28;33;28;34;37;26;42;32;33;43;40;31;34;41;30;34
15;31;25;30;30;33;29;37;39;26;41;33;33;44;40;29;36;41;31
16;34;31;24;32;30;34;29;37;39;25;41;34;32;43;39;28;35;41
17;44;34;31;24;30;29;37;28;37;40;23;42;33;32;43;39;28;36
18;34;45;36;32;24;30;31;40;29;37;41;26;41;32;33;44;38;28
19;35;34;46;36;30;24;31;32;38;27;38;41;27;40;32;33;44;39
20;37;34;34;48;34;34;26;31;34;38;26;36;40;28;43;32;32;44
21;32;38;37;34;48;39;34;32;31;34;39;28;34;37;29;43;32;35
22;34;32;37;36;33;50;42;35;34;29;35;37;29;34;36;27;42;32
23;41;36;35;36;38;31;51;41;38;34;32;34;38;29;34;34;23;42
24;24;46;39;37;35;40;32;55;42;39;34;29;32;38;31;34;33;22
25;36;29;49;38;36;36;39;31;57;41;39;33;31;30;38;29;36;36
26;35;37;30;49;39;33;39;42;31;57;43;39;32;34;30;37;27;33
27;33;37;36;38;50;41;36;41;45;32;58;42;43;28;35;33;33;29
28;40;37;43;36;40;55;42;40;43;45;36;59;38;40;30;34;32;34
29;43;47;42;46;39;43;58;49;40;46;44;38;59;37;40;30;33;30
30;41;42;54;54;44;41;53;54;51;44;48;44;35;60;35;46;30;33
31;31;43;49;55;59;51;48;54;57;53;51;53;44;40;63;40;41;32
32;52;35;45;52;58;61;55;45;58;56;55;56;52;43;40;64;41;42
33;47;52;36;46;57;60;69;56;58;57;53;58;57;53;40;41;63;41
34;44;46;55;40;46;55;60;73;57;63;56;55;60;55;55;39;41;63
35;42;46;49;55;43;52;55;57;75;61;69;57;53;63;54;51;38;45
36;36;45;51;50;56;48;57;60;61;75;61;64;55;52;63;54;52;40
37;38;36;43;51;51;59;48;57;65;61;76;60;66;52;54;62;51;55
38;45;38;34;43;49;57;63;55;55;63;60;75;58;61;55;55;59;51
39;48;45;38;36;43;51;58;63;61;57;63;63;70;55;58;54;58;57
40;29;48;49;38;41;47;51;64;64;57;57;62;61;62;51;55;55;60
41;33;31;48;48;41;41;49;57;61;64;55;56;63;61;62;49;51;55
42;27;33;33;49;52;40;42;52;58;61;66;54;56;59;62;62;44;52
43;25;27;34;34;47;56;41;43;52;54;61;66;50;56;59;63;61;45
44;48;27;25;34;34;46;67;44;43;53;55;63;63;49;56;60;60;61
45;42;48;30;27;32;35;49;69;41;44;55;55;57;64;48;54;60;59
46;38;43;47;31;28;34;34;50;67;43;45;55;53;55;67;47;54;58
47;36;40;48;47;31;28;37;38;51;68;43;45;53;54;54;68;46;53
48;27;37;39;50;44;33;30;38;39;51;68;44;43;51;53;55;68;47
49;34;28;37;38;49;44;35;33;38;41;51;67;45;43;52;53;55;67
50;36;34;28;39;39;52;45;37;33;37;42;49;65;44;42;52;53;54
51;32;37;35;29;37;42;52;46;37;34;37;40;49;65;47;42;55;55
52;32;33;37;34;30;36;43;52;47;36;33;38;43;48;65;46;42;54
53;39;34;34;38;35;30;38;45;48;47;36;34;40;44;49;65;45;42
54;31;41;36;36;38;33;31;36;45;48;47;36;35;41;46;50;65;45
55;42;34;41;34;35;37;34;30;37;46;47;50;36;33;40;46;50;66
56;30;42;35;40;33;36;36;34;32;37;47;47;51;36;32;38;45;51
57;31;31;41;34;40;32;36;38;34;31;37;47;46;50;35;33;38;45
58;41;32;31;43;34;40;35;38;40;33;31;37;48;44;49;35;33;39
59;26;42;29;31;45;35;40;38;38;40;33;30;37;48;44;47;35;32
60;25;24;40;29;31;45;38;40;38;38;39;33;29;36;47;42;47;35
61;40;25;24;42;28;31;44;40;40;38;38;37;34;30;36;46;40;47
62;41;41;25;24;42;27;33;44;39;41;38;40;38;34;30;37;47;39
63;38;42;41;25;24;42;29;33;44;40;40;37;38;38;35;30;38;46
64;34;37;40;40;26;24;42;28;30;43;42;41;37;38;39;34;30;39
65;28;35;37;39;37;26;27;43;28;29;43;42;41;36;38;38;34;30
66;31;31;35;36;41;35;26;27;41;29;27;45;37;40;36;39;37;34
67;20;31;33;35;34;41;36;26;28;40;31;26;47;37;40;35;39;36
68;32;19;30;35;33;34;40;36;25;27;40;31;27;44;35;41;35;40
69;21;33;19;31;36;35;32;42;35;21;29;40;31;27;42;34;41;35
70;37;20;31;19;31;35;35;34;42;35;21;28;40;30;23;40;32;40
71;31;39;19;32;18;31;34;34;34;41;35;21;26;38;30;23;40;31
72;21;32;36;20;31;18;29;31;31;33;42;33;18;24;38;32;22;36
73;28;19;31;35;19;29;18;29;26;30;31;42;32;17;24;40;32;22
74;23;27;18;31;34;17;28;19;26;22;30;30;40;32;18;25;38;31
75;26;21;24;18;30;33;16;26;19;23;22;28;29;40;32;18;23;36
76;19;26;21;23;16;27;29;17;25;20;22;21;24;28;41;29;18;19
77;15;17;27;20;21;16;26;29;19;24;20;21;23;24;26;39;28;19
78;10;15;16;24;20;21;16;26;29;16;23;19;21;23;22;27;39;26
79;15;8;13;16;24;18;21;17;27;28;14;22;19;18;22;21;24;37
80;12;14;6;11;15;22;17;19;15;24;25;14;21;20;18;22;20;21
81;12;9;12;5;12;14;20;16;18;14;21;23;14;21;19;18;20;19
82;12;12;7;12;4;12;13;20;15;17;9;17;22;14;20;16;16;19
83;7;12;11;7;11;8;10;10;18;11;15;7;15;21;9;21;15;15
84;5;7;8;9;7;9;7;9;9;16;10;15;7;15;19;8;20;15
85;11;4;7;8;10;7;8;7;9;9;14;8;14;6;14;18;8;18
86;11;10;4;5;8;10;6;9;6;8;7;14;8;13;6;11;12;7
87;7;9;10;1;5;7;10;5;9;7;8;8;14;9;14;5;12;11
88;6;7;7;9;1;5;6;8;4;7;6;7;8;12;9;12;3;10
89;5;6;6;6;8;1;5;3;8;4;7;3;6;7;9;7;11;3
90;2;6;4;6;6;8;1;4;2;6;4;8;3;6;6;6;5;8
91;5;2;6;4;5;6;6;1;3;2;4;3;7;3;4;6;3;5
92;0;2;2;6;1;3;4;4;1;3;2;3;3;6;3;2;5;2
93;1;0;1;0;5;0;2;3;3;0;3;0;3;3;5;3;1;3
94;0;0;0;0;0;3;0;1;1;3;0;2;0;1;2;3;3;0
95;1;0;0;0;0;0;3;0;1;1;2;0;2;0;0;2;3;3
96;0;1;0;0;0;0;0;1;0;1;1;0;0;2;0;0;2;1
97;0;0;1;0;0;0;0;0;1;0;1;0;0;0;2;0;0;2
98;0;0;0;1;0;0;0;0;0;1;0;1;0;0;0;2;0;0
99;0;0;0;0;0;0;0;0;0;0;1;0;1;0;0;0;1;0
100 e oltre;0;0;0;0;0;0;0;0;0;0;0;1;1;2;1;0;0;1
Totale;2696;2794;2857;2936;2964;3055;3189;3309;3361;3373;3426;3442;3426;3394;3401;3406;3352;3369
Età/Anno;2002;2003;2004;2005;2006;2007;2008;2009;2010;2011;2012;2013;2014;2015;2016;2017;2018;2019
Età;Femmine
0;18;29;32;37;26;33;40;41;43;32;34;24;27;32;27;40;26;31
1;34;25;31;32;40;27;35;43;44;41;29;33;26;26;34;25;41;28
2;34;35;25;30;32;39;28;39;48;42;41;30;36;28;26;34;25;39
3;15;34;39;25;31;34;40;30;44;47;44;38;31;36;25;27;33;26
4;19;21;34;38;25;31;35;41;34;42;49;43;38;31;35;28;26;31
5;19;21;22;35;41;26;31;37;40;33;42;48;40;38;31;34;28;26
6;27;19;24;21;34;41;27;32;36;38;35;44;49;39;36;32;29;29
7;30;26;20;26;21;34;41;26;32;38;40;30;42;48;38;33;33;27
8;41;31;25;20;26;23;37;41;27;33;39;37;27;38;48;37;32;31
9;28;41;29;25;20;27;20;36;41;27;34;36;35;28;38;47;37;34
10;32;28;39;31;24;21;29;21;35;41;27;33;37;32;29;39;47;35
11;28;32;27;40;30;26;21;28;21;36;41;28;33;36;32;28;39;47
12;38;27;34;27;40;30;26;22;28;22;37;40;26;34;36;32;27;38
13;30;39;27;34;28;40;30;27;22;28;23;36;40;25;35;36;31;27
14;29;29;40;27;32;32;42;31;27;22;29;23;36;40;28;34;37;32
15;32;29;29;42;27;32;31;44;30;30;25;28;23;37;40;28;36;35
16;26;35;30;29;40;29;32;32;44;30;31;24;27;23;38;41;28;36
17;18;25;36;31;30;42;29;33;34;44;31;30;23;27;23;37;39;28
18;28;19;27;36;29;31;43;31;34;32;45;31;30;24;27;24;38;42
19;29;30;24;27;37;28;32;45;33;33;32;43;31;30;25;27;23;38
20;35;30;31;23;26;37;28;34;44;34;33;31;43;29;26;26;24;22
21;30;37;31;33;22;27;42;30;30;47;33;35;32;41;29;28;25;24
22;30;32;39;32;33;23;30;43;32;31;46;33;36;34;41;28;30;25
23;34;31;31;40;32;34;25;31;45;33;31;50;31;38;35;41;27;31
24;35;35;34;31;42;37;38;25;38;44;35;34;51;31;38;34;38;28
25;34;38;38;36;36;44;37;44;27;37;45;36;33;57;28;38;32;38
26;38;38;33;40;36;37;47;42;50;28;39;48;38;32;55;29;37;33
27;35;39;42;42;39;38;41;54;41;50;31;38;49;36;30;53;28;40
28;40;36;40;50;45;48;47;44;55;45;52;35;39;46;38;32;49;30
29;56;41;39;47;51;48;54;50;47;55;47;52;38;39;44;39;31;53
30;29;61;47;40;46;57;57;54;53;44;55;49;56;40;37;46;37;35
31;46;32;60;46;40;56;65;56;57;52;44;56;50;59;40;36;45;38
32;53;47;33;60;51;46;57;65;62;57;51;45;56;47;63;43;37;51
33;41;60;51;38;60;55;47;58;62;64;58;51;46;58;48;64;40;39
34;40;44;64;50;37;63;59;48;62;60;67;56;52;47;62;48;63;41
35;42;42;44;65;49;42;64;58;48;63;61;61;53;52;54;63;43;58
36;47;45;43;48;63;51;43;66;63;49;64;61;60;48;49;49;65;43
37;39;46;46;43;46;61;55;50;68;63;51;62;61;60;45;48;48;66
38;51;40;47;48;43;47;59;60;53;68;60;54;60;57;61;43;48;52
39;41;50;41;45;47;46;49;62;62;51;68;60;52;63;57;60;43;48
40;41;41;54;44;48;51;49;49;63;61;52;67;59;52;58;56;56;40
41;48;40;43;54;43;49;56;54;51;60;64;49;65;59;52;58;56;59
42;43;50;41;46;52;46;51;57;52;54;59;62;49;64;59;52;52;55
43;35;45;53;41;46;51;46;53;58;50;52;59;61;49;66;54;50;52
44;42;38;42;51;40;48;51;47;55;58;48;52;63;64;52;63;54;51
45;44;42;40;41;53;41;49;51;45;55;55;47;50;61;63;51;61;54
46;42;46;42;43;39;53;42;47;55;45;56;58;48;52;60;64;53;62
47;36;43;48;42;43;41;57;45;44;57;49;57;58;47;52;62;63;53
48;39;40;44;47;42;42;43;57;46;44;59;46;58;58;46;56;66;64
49;39;40;42;44;48;42;45;46;56;45;45;59;46;56;58;49;56;63
50;50;39;40;41;44;45;43;45;47;56;44;45;57;46;55;58;47;55
51;27;50;41;40;40;43;45;42;46;45;56;48;47;58;46;55;56;47
52;42;27;51;41;41;38;43;43;42;47;46;58;52;48;58;46;55;57
53;47;42;29;50;41;41;39;45;43;43;46;45;57;52;48;58;45;58
54;34;47;39;30;51;42;42;39;46;44;43;46;44;56;51;46;54;45
55;48;35;48;43;31;52;42;43;40;46;44;43;44;43;55;53;47;53
56;22;48;34;49;42;30;52;43;44;40;49;45;43;44;44;54;53;47
57;26;22;50;34;49;42;31;53;44;42;40;48;45;41;43;44;54;55
58;25;28;22;50;34;48;42;30;52;44;44;41;49;47;43;43;42;53
59;28;25;29;24;50;34;49;42;30;55;45;44;40;50;48;42;42;43
60;20;28;24;29;25;51;34;50;42;29;55;46;43;40;52;48;44;41
61;40;21;29;27;29;25;52;34;53;42;30;54;45;43;40;53;47;43
62;33;40;19;30;27;28;26;52;32;52;43;30;52;45;42;41;53;47
63;36;34;38;19;30;27;28;26;53;32;51;42;31;52;45;43;41;51
64;30;36;34;38;21;31;27;29;24;53;32;51;43;31;52;45;44;40
65;30;30;37;35;39;21;31;29;32;25;52;33;48;44;32;50;46;43
66;44;30;30;37;34;39;20;30;29;33;25;52;32;48;44;31;50;45
67;37;45;30;29;36;36;39;20;30;28;33;24;52;32;48;46;31;50
68;40;37;46;30;30;37;36;39;21;31;28;33;23;53;34;48;46;31
69;28;40;38;49;29;30;37;38;39;21;30;27;32;23;52;34;48;46
70;36;28;37;37;48;27;29;36;40;39;22;31;27;31;25;52;35;48
71;27;35;28;35;36;47;27;30;36;40;40;22;31;27;30;23;52;33
72;25;27;36;28;36;37;46;29;30;34;39;38;21;29;27;30;23;53
73;34;25;25;36;28;36;36;47;29;29;34;38;39;20;31;27;30;23
74;37;34;25;25;37;28;36;36;47;27;28;33;36;39;20;30;25;30
75;30;35;34;25;22;37;25;35;36;44;27;27;33;37;39;19;30;24
76;21;28;38;32;26;22;35;23;36;37;42;27;27;32;38;35;19;30
77;27;22;26;35;32;29;22;36;23;34;35;43;26;25;32;35;32;19
78;30;27;22;27;33;31;28;21;35;23;32;35;43;25;23;33;35;32
79;36;30;28;21;28;32;30;28;20;35;23;32;35;42;28;22;30;36
80;22;33;28;27;19;29;32;28;27;20;35;22;32;34;42;24;20;30
81;35;22;30;27;25;18;27;28;27;23;20;35;21;28;35;42;24;20
82;16;33;22;29;24;25;17;24;28;26;22;19;34;22;24;35;41;22
83;7;16;32;21;25;21;25;18;24;25;26;23;18;34;22;23;34;39
84;10;8;14;32;18;25;21;24;18;23;24;26;22;18;31;23;24;34
85;16;10;7;14;29;14;25;20;24;17;19;24;22;22;16;31;21;21
86;16;16;8;7;13;26;13;24;20;20;16;17;22;19;20;13;29;20
87;12;15;14;8;7;12;26;13;20;19;17;16;15;19;18;20;11;26
88;11;11;14;14;8;6;11;25;10;19;16;15;16;14;19;18;18;8
89;14;8;9;12;13;7;5;11;22;7;18;15;13;14;11;15;15;18
90;7;13;8;9;10;13;6;3;10;20;7;16;12;12;12;12;14;14
91;7;7;11;6;6;12;12;5;3;7;18;6;11;9;10;11;12;13
92;4;7;7;10;4;7;9;12;5;3;7;17;4;10;7;11;8;10
93;5;4;6;7;9;3;5;8;8;5;2;4;11;4;7;7;9;8
94;3;2;4;6;7;7;4;3;6;6;5;2;4;8;4;7;5;6
95;3;3;2;4;5;5;6;2;3;6;5;5;1;3;4;3;6;2
96;2;1;0;2;1;3;3;4;2;3;5;4;4;0;2;2;2;3
97;0;1;1;0;1;1;3;3;3;1;2;2;4;3;0;2;0;1
98;0;0;1;2;0;1;1;2;3;3;1;1;1;4;2;0;2;0
99;0;0;0;1;1;0;1;1;1;3;1;1;2;0;3;1;0;2
100 e oltre;0;0;0;0;0;1;1;2;3;2;3;4;3;3;2;2;1;1
Totale;2940;3029;3102;3187;3185;3289;3407;3513;3609;3603;3645;3637;3619;3611;3613;3622;3564;3584

"Ricostruzione della popolazione intercensuaria - Popolazione al 1° gennaio per età"
"Cittadinanza italiana - Comune: Manoppello"
Età/Anno;2002;2003;2004;2005;2006;2007;2008;2009;2010;2011;2012;2013;2014;2015;2016;2017;2018;2019
Età;Totale
0;41;57;55;68;53;61;68;78;71;73;76;57;61;60;60;72;52;59
1;60;49;60;57;70;56;64;75;81;68;73;77;57;58;61;59;73;53
2;65;61;50;60;55;69;61;69;83;80;71;73;80;60;58;61;60;75
3;48;68;64;52;60;59;71;62;74;82;75;67;75;77;56;58;61;63
4;46;59;70;63;53;63;61;74;67;74;87;74;66;76;76;59;55;61
5;45;48;60;71;66;54;65;64;74;66;73;88;70;68;77;73;55;57
6;63;47;52;61;71;69;58;70;63;72;69;75;89;66;64;77;68;57
7;47;65;50;54;63;73;71;60;71;65;72;65;73;89;65;63;78;66
8;71;49;64;53;56;64;77;74;59;72;67;71;63;69;86;64;63;76
9;60;73;51;62;53;57;62;77;73;61;73;65;68;63;68;84;64;65
10;57;62;71;53;60;54;60;63;76;72;61;73;64;64;64;71;80;63
11;62;58;62;73;52;63;54;60;61;75;73;59;72;63;65;61;70;80
12;63;61;61;63;74;52;65;56;61;63;78;72;58;74;65;65;60;69
13;61;65;61;62;63;76;53;67;56;60;65;76;73;58;74;66;64;59
14;53;61;67;60;59;65;79;54;68;54;61;64;72;70;60;74;66;65
15;62;54;59;70;60;60;66;83;53;70;58;60;66;74;68;62;76;64
16;60;65;54;61;68;61;60;67;83;53;70;58;59;65;74;68;61;76
17;62;59;66;55;60;68;63;60;69;84;52;70;56;59;65;73;66;62
18;61;64;62;67;53;61;71;66;62;67;86;55;70;56;60;67;75;69
19;64;63;67;62;66;51;63;74;67;60;68;84;56;69;57;60;66;76
20;72;64;63;67;59;70;52;64;75;68;59;65;83;55;69;58;56;65
21;61;75;67;65;66;64;73;57;61;78;68;62;64;78;54;71;57;59
22;64;62;75;68;65;69;69;74;61;60;78;67;63;67;77;51;72;57
23;73;67;64;75;70;64;72;68;79;59;63;78;66;64;68;75;47;73
24;57;79;71;67;76;76;68;73;74;78;61;61;77;65;65;67;71;48
25;69;65;82;71;70;79;75;73;77;75;77;62;61;78;62;62;67;73
26;73;74;61;84;72;68;84;81;78;79;77;79;61;63;76;62;59;65
27;68;75;77;76;84;76;70;92;83;79;83;76;84;58;61;78;59;63
28;78;72;82;85;79;99;84;77;94;87;84;89;74;79;62;62;74;60
29;96;86;79;91;88;87;107;95;79;99;88;83;92;72;76;65;61;74
30;70;100;97;91;88;95;104;106;102;80;98;89;83;93;69;84;62;65
31;73;75;107;98;93;103;106;106;111;102;87;104;90;88;97;73;79;65
32;104;77;77;110;106;99;107;105;113;109;102;91;102;85;90;100;75;86
33;84;110;83;83;115;113;103;111;116;114;107;106;94;105;82;93;98;76
34;81;86;116;86;82;115;114;110;113;120;115;106;109;95;108;83;94;98
35;81;87;88;118;88;93;114;112;112;118;128;112;101;111;101;108;78;95
36;80;88;91;93;117;93;99;122;121;113;116;123;109;94;108;97;110;81
37;76;81;86;91;93;117;99;106;129;122;117;115;126;106;93;106;95;114
38;93;77;81;88;89;99;118;110;107;126;119;120;110;118;110;92;103;98
39;89;91;78;81;87;93;102;122;118;108;126;121;114;111;113;108;94;100
40;69;89;101;80;89;92;95;106;124;114;108;125;118;106;105;110;106;95
41;81;71;91;100;80;90;98;105;107;123;114;105;125;118;109;103;107;108
42;68;83;73;94;101;81;93;100;107;108;124;113;105;121;119;109;93;107
43;59;70;84;74;92;105;83;95;103;101;107;124;108;105;123;116;107;93
44;90;64;66;82;72;92;113;87;95;105;100;110;122;110;108;122;113;107
45;85;90;69;68;81;73;96;117;83;96;103;99;104;122;108;105;120;111
46;80;88;89;73;67;83;73;95;119;86;98;108;97;104;124;109;107;119
47;72;83;93;89;73;69;89;81;93;121;90;99;107;97;103;125;107;106
48;66;77;83;94;86;74;73;91;83;93;122;89;97;105;95;107;128;109
49;71;68;78;81;95;86;78;78;91;84;94;121;90;96;106;98;107;123
50;85;72;68;79;82;94;88;80;80;90;83;92;117;87;96;108;96;104
51;58;86;74;69;76;84;95;88;81;79;90;83;93;120;90;97;108;98
52;74;59;87;73;71;74;85;93;89;80;79;93;89;92;120;91;97;107
53;86;75;60;87;75;71;77;89;90;89;79;79;94;91;95;121;89;99
54;65;88;74;64;88;73;73;75;90;91;89;79;79;94;93;95;118;89
55;90;69;89;76;64;88;73;73;77;91;90;91;77;76;92;95;96;118
56;51;90;69;88;74;64;87;74;75;77;94;91;92;77;76;90;94;97
57;57;52;91;68;88;74;65;85;75;73;77;93;90;90;75;77;90;96
58;65;60;52;93;68;87;77;66;84;74;74;78;95;90;90;75;75;90
59;53;66;57;53;95;68;88;80;66;87;75;73;77;95;92;88;75;75
60;43;51;63;57;55;95;71;90;80;66;86;76;71;76;96;90;89;74
61;78;44;52;67;56;55;95;73;92;80;67;85;76;72;76;95;87;87
62;74;79;43;53;67;55;58;95;70;93;81;69;85;76;72;76;96;86
63;74;76;78;43;53;67;57;58;96;71;91;79;69;85;77;73;77;93
64;64;73;74;77;45;54;67;57;53;95;73;92;80;69;86;76;73;77
65;58;65;74;74;75;45;57;68;59;53;94;75;89;79;69;84;75;72
66;75;61;65;73;75;73;45;56;66;61;51;97;69;88;79;69;83;74
67;57;75;63;64;70;77;74;45;57;64;63;49;99;69;87;79;69;82
68;72;56;76;65;63;71;76;74;44;57;64;63;50;97;69;88;79;71
69;49;73;57;80;65;65;69;80;73;40;58;63;62;50;94;68;88;79
70;73;48;68;56;79;62;64;70;81;73;41;57;63;60;48;92;67;87
71;58;74;47;67;54;78;61;64;70;80;74;41;56;61;59;46;92;64
72;46;59;72;48;66;55;74;60;61;67;80;70;37;52;61;60;45;89
73;62;44;56;71;47;64;54;75;55;59;65;79;70;35;54;62;60;45
74;60;61;43;56;71;45;63;55;72;49;58;63;75;70;35;54;60;59
75;56;56;58;43;52;70;41;60;55;67;49;55;62;77;70;34;52;57
76;40;54;59;55;42;49;64;40;60;57;64;48;51;60;79;63;34;48
77;42;39;53;55;53;45;48;65;42;57;55;64;49;49;58;74;59;35
78;40;42;38;51;53;52;44;47;64;39;54;54;64;48;45;60;74;56
79;51;38;41;37;52;50;51;45;47;63;37;53;54;60;50;43;54;73
80;34;47;34;38;34;51;49;47;42;44;60;36;52;54;60;46;40;51
81;47;31;42;32;37;32;47;44;45;37;41;58;35;49;54;60;44;39
82;28;45;29;41;28;37;30;44;43;43;31;36;56;36;44;51;57;41
83;14;28;43;28;36;29;35;28;42;36;41;30;33;55;31;44;49;54
84;15;15;22;41;25;34;28;33;27;39;34;41;29;33;50;31;44;49
85;27;14;14;22;39;21;33;27;33;26;33;32;36;28;30;48;29;39
86;27;26;12;12;21;36;19;33;26;28;23;31;30;32;26;24;40;27
87;19;24;24;9;12;19;36;18;29;26;25;24;29;28;32;25;23;36
88;17;18;21;23;9;11;17;33;14;26;22;22;24;26;28;30;21;18
89;19;14;15;18;21;8;10;14;30;11;25;18;19;21;20;22;26;21
90;9;19;12;15;16;21;7;7;12;26;11;24;15;18;18;18;19;22
91;12;9;17;10;11;17;18;6;6;9;22;9;18;12;14;17;15;18
92;4;9;9;16;5;10;12;16;6;6;9;20;7;16;10;13;13;12
93;6;4;7;7;14;3;7;10;11;5;5;4;14;7;12;10;10;11
94;3;2;4;6;7;10;4;4;6;9;5;4;4;9;6;10;8;6
95;4;3;2;4;5;5;9;2;4;6;7;5;3;3;4;5;9;5
96;2;2;0;2;1;3;3;5;2;4;5;4;4;2;2;2;4;4
97;0;1;2;0;1;1;3;3;4;1;3;2;4;3;2;2;0;3
98;0;0;1;3;0;1;1;2;3;4;1;2;1;4;2;2;2;0
99;0;0;0;1;1;0;1;1;1;3;2;1;3;0;3;1;1;2
100 e oltre;0;0;0;0;0;1;1;2;3;2;3;5;4;5;3;2;1;2
Totale;5577;5758;5869;6020;6035;6207;6414;6631;6773;6789;6864;6877;6838;6793;6798;6822;6725;6749
Età/Anno;2002;2003;2004;2005;2006;2007;2008;2009;2010;2011;2012;2013;2014;2015;2016;2017;2018;2019
Età;Maschi
0;23;28;23;32;27;28;29;37;30;41;43;34;35;29;33;33;27;29
1;26;25;29;25;31;29;29;33;37;29;44;44;32;33;28;34;33;26
2;34;27;26;31;23;32;33;30;36;38;31;43;44;33;33;28;35;37
3;33;37;26;28;30;25;33;32;30;35;32;30;44;41;32;32;29;37
4;27;38;38;26;30;33;26;34;34;32;38;32;29;45;41;32;31;30
5;26;28;38;38;26;30;35;27;35;34;31;40;31;31;46;40;28;33
6;36;28;30;40;39;29;33;38;27;35;35;31;41;28;29;45;39;29
7;19;39;30;30;42;41;31;35;39;27;34;36;31;42;28;31;45;39
8;30;20;40;33;32;41;42;34;34;39;28;35;37;31;39;28;31;45
9;32;32;23;38;33;32;42;43;33;36;39;29;33;36;30;38;28;31
10;25;34;32;23;37;33;33;42;43;32;36;40;27;32;36;32;34;29
11;34;26;35;34;23;38;33;33;40;42;33;34;39;27;33;34;31;34
12;26;34;27;36;35;23;40;34;33;41;44;33;35;40;29;33;34;31
13;31;27;34;28;35;36;24;41;34;32;42;43;33;35;39;30;33;33
14;24;32;28;33;27;34;37;24;42;32;32;41;39;30;34;40;29;33
15;31;25;30;30;33;28;36;39;24;41;33;32;43;39;28;36;40;29
16;34;31;24;32;30;33;28;36;39;24;41;34;32;42;39;27;35;40
17;44;34;31;24;30;29;35;27;36;40;22;42;33;32;42;39;27;36
18;34;45;35;32;24;30;31;37;28;36;41;25;41;32;33;43;38;27
19;35;34;43;35;30;23;31;32;37;27;37;41;26;40;32;33;43;39
20;37;34;34;44;33;34;24;31;34;37;26;35;40;27;43;32;32;43
21;32;38;36;34;44;37;34;27;31;34;38;28;33;37;26;43;32;35
22;34;32;37;36;33;46;39;35;29;29;35;37;29;34;36;24;42;32
23;41;36;34;36;38;31;47;38;38;29;32;34;37;29;34;34;21;42
24;23;46;38;36;35;39;32;49;39;39;29;29;32;37;30;34;33;21
25;35;28;48;37;35;36;38;31;51;39;39;29;31;30;37;28;36;35
26;35;36;29;48;38;32;38;40;31;52;41;38;28;34;30;36;27;33
27;33;37;35;37;49;40;34;40;43;32;54;41;42;26;34;31;32;28
28;38;37;43;36;38;55;41;39;41;43;36;56;38;39;28;33;30;32
29;43;45;42;45;39;43;57;47;40;44;42;38;56;36;39;28;31;28
30;41;42;53;53;43;40;52;53;50;44;43;42;35;55;34;44;28;31
31;31;43;49;55;57;50;46;54;56;52;51;49;43;38;59;39;41;30
32;52;35;44;52;58;59;53;44;58;55;54;54;48;42;38;59;40;42
33;43;52;36;45;57;60;63;55;57;57;52;58;55;49;39;39;58;40
34;43;42;55;40;45;55;59;67;55;62;55;53;60;55;50;38;40;57
35;41;46;44;54;43;51;55;57;70;59;68;56;51;63;54;48;37;44
36;35;44;49;45;55;47;57;60;61;70;57;63;54;50;63;53;49;39
37;38;35;42;49;47;58;47;57;65;61;71;56;65;51;52;62;50;52
38;43;38;34;42;47;52;61;54;55;62;60;71;53;61;53;52;59;50
39;48;41;38;36;42;49;53;63;60;57;62;63;66;52;57;52;55;56
40;29;48;47;37;41;43;49;57;64;56;56;62;61;59;48;55;53;57
41;33;31;48;46;38;41;45;56;56;64;54;56;63;61;59;46;51;53
42;26;33;32;49;49;37;42;47;58;56;66;54;56;59;62;59;42;52
43;25;26;33;33;47;54;40;43;47;54;57;66;50;56;59;63;59;43
44;48;27;25;33;32;46;62;43;43;49;55;60;62;49;56;60;60;59
45;41;48;30;27;31;32;49;66;40;44;50;55;55;63;48;54;60;59
46;38;42;47;31;28;33;31;50;64;42;45;52;53;54;66;47;54;58
47;36;40;46;47;31;28;36;36;51;66;42;45;51;54;53;67;46;53
48;27;37;39;48;44;33;30;37;37;51;66;43;43;49;53;54;68;47
49;33;28;37;38;48;44;35;33;37;39;51;65;44;43;50;53;54;66
50;35;33;28;39;39;50;45;37;33;36;40;49;63;43;42;51;53;53
51;32;36;34;29;37;42;50;46;37;34;36;38;49;64;46;42;53;55
52;32;33;36;33;30;36;43;50;47;36;33;37;39;48;64;46;42;52
53;39;33;34;37;35;30;38;45;47;47;36;34;39;41;49;64;45;42
54;31;41;35;36;37;33;31;36;45;47;47;36;35;40;44;50;64;45
55;42;34;41;33;35;36;33;30;37;46;46;49;36;33;39;44;50;65
56;30;42;35;40;32;36;35;33;32;37;47;46;50;36;32;38;43;51
57;31;31;41;34;40;32;36;35;33;31;37;47;45;49;35;33;38;43
58;41;32;31;43;34;40;35;37;35;32;31;37;48;43;48;35;33;39
59;25;42;29;30;45;34;40;38;37;35;32;30;37;48;44;46;35;32
60;24;23;40;29;31;45;37;40;38;37;34;32;29;36;47;42;46;35
61;38;24;23;42;28;31;44;39;40;38;37;34;33;30;36;46;40;46
62;41;39;24;23;42;27;33;44;38;41;38;39;35;33;30;36;47;39
63;38;42;40;24;23;42;29;33;44;39;40;37;38;35;34;30;37;46
64;34;37;40;39;25;23;42;28;30;43;41;41;37;38;36;33;30;38
65;28;35;37;39;36;25;26;43;28;29;43;42;41;36;38;35;32;30
66;31;31;35;36;41;34;25;26;41;29;27;45;37;40;36;39;34;32
67;20;30;33;35;34;41;35;25;27;40;31;26;47;37;39;35;39;33
68;32;19;30;35;33;34;40;35;24;26;40;31;27;44;35;40;35;40
69;21;33;19;31;36;35;32;42;34;20;28;40;31;27;42;34;40;35
70;37;20;31;19;31;35;35;34;42;34;20;27;40;30;23;40;32;39
71;31;39;19;32;18;31;34;34;34;41;34;20;26;38;30;23;40;31
72;21;32;36;20;31;18;28;31;31;33;42;32;17;24;38;31;22;36
73;28;19;31;35;19;29;18;28;26;30;31;42;31;16;24;39;31;22
74;23;27;18;31;34;17;28;19;25;22;30;30;40;31;17;25;37;30
75;26;21;24;18;30;33;16;26;19;23;22;28;29;40;31;17;23;35
76;19;26;21;23;16;27;29;17;25;20;22;21;24;28;41;28;17;19
77;15;17;27;20;21;16;26;29;19;24;20;21;23;24;26;39;27;18
78;10;15;16;24;20;21;16;26;29;16;23;19;21;23;22;27;39;25
79;15;8;13;16;24;18;21;17;27;28;14;22;19;18;22;21;24;37
80;12;14;6;11;15;22;17;19;15;24;25;14;21;20;18;22;20;21
81;12;9;12;5;12;14;20;16;18;14;21;23;14;21;19;18;20;19
82;12;12;7;12;4;12;13;20;15;17;9;17;22;14;20;16;16;19
83;7;12;11;7;11;8;10;10;18;11;15;7;15;21;9;21;15;15
84;5;7;8;9;7;9;7;9;9;16;10;15;7;15;19;8;20;15
85;11;4;7;8;10;7;8;7;9;9;14;8;14;6;14;18;8;18
86;11;10;4;5;8;10;6;9;6;8;7;14;8;13;6;11;12;7
87;7;9;10;1;5;7;10;5;9;7;8;8;14;9;14;5;12;11
88;6;7;7;9;1;5;6;8;4;7;6;7;8;12;9;12;3;10
89;5;6;6;6;8;1;5;3;8;4;7;3;6;7;9;7;11;3
90;2;6;4;6;6;8;1;4;2;6;4;8;3;6;6;6;5;8
91;5;2;6;4;5;6;6;1;3;2;4;3;7;3;4;6;3;5
92;0;2;2;6;1;3;4;4;1;3;2;3;3;6;3;2;5;2
93;1;0;1;0;5;0;2;3;3;0;3;0;3;3;5;3;1;3
94;0;0;0;0;0;3;0;1;1;3;0;2;0;1;2;3;3;0
95;1;0;0;0;0;0;3;0;1;1;2;0;2;0;0;2;3;3
96;0;1;0;0;0;0;0;1;0;1;1;0;0;2;0;0;2;1
97;0;0;1;0;0;0;0;0;1;0;1;0;0;0;2;0;0;2
98;0;0;0;1;0;0;0;0;0;1;0;1;0;0;0;2;0;0
99;0;0;0;0;0;0;0;0;0;0;1;0;1;0;0;0;1;0
100 e oltre;0;0;0;0;0;0;0;0;0;0;0;1;1;2;1;0;0;1
Totale;2673;2766;2819;2892;2917;2998;3108;3220;3279;3299;3345;3373;3354;3324;3324;3326;3278;3290
Età/Anno;2002;2003;2004;2005;2006;2007;2008;2009;2010;2011;2012;2013;2014;2015;2016;2017;2018;2019
Età;Femmine
0;18;29;32;36;26;33;39;41;41;32;33;23;26;31;27;39;25;30
1;34;24;31;32;39;27;35;42;44;39;29;33;25;25;33;25;40;27
2;31;34;24;29;32;37;28;39;47;42;40;30;36;27;25;33;25;38
3;15;31;38;24;30;34;38;30;44;47;43;37;31;36;24;26;32;26
4;19;21;32;37;23;30;35;40;33;42;49;42;37;31;35;27;24;31
5;19;20;22;33;40;24;30;37;39;32;42;48;39;37;31;33;27;24
6;27;19;22;21;32;40;25;32;36;37;34;44;48;38;35;32;29;28
7;28;26;20;24;21;32;40;25;32;38;38;29;42;47;37;32;33;27
8;41;29;24;20;24;23;35;40;25;33;39;36;26;38;47;36;32;31
9;28;41;28;24;20;25;20;34;40;25;34;36;35;27;38;46;36;34
10;32;28;39;30;23;21;27;21;33;40;25;33;37;32;28;39;46;34
11;28;32;27;39;29;25;21;27;21;33;40;25;33;36;32;27;39;46
12;37;27;34;27;39;29;25;22;28;22;34;39;23;34;36;32;26;38
13;30;38;27;34;28;40;29;26;22;28;23;33;40;23;35;36;31;26
14;29;29;39;27;32;31;42;30;26;22;29;23;33;40;26;34;37;32
15;31;29;29;40;27;32;30;44;29;29;25;28;23;35;40;26;36;35
16;26;34;30;29;38;28;32;31;44;29;29;24;27;23;35;41;26;36
17;18;25;35;31;30;39;28;33;33;44;30;28;23;27;23;34;39;26
18;27;19;27;35;29;31;40;29;34;31;45;30;29;24;27;24;37;42
19;29;29;24;27;36;28;32;42;30;33;31;43;30;29;25;27;23;37
20;35;30;29;23;26;36;28;33;41;31;33;30;43;28;26;26;24;22
21;29;37;31;31;22;27;39;30;30;44;30;34;31;41;28;28;25;24
22;30;30;38;32;32;23;30;39;32;31;43;30;34;33;41;27;30;25
23;32;31;30;39;32;33;25;30;41;30;31;44;29;35;34;41;26;31
24;34;33;33;31;41;37;36;24;35;39;32;32;45;28;35;33;38;27
25;34;37;34;34;35;43;37;42;26;36;38;33;30;48;25;34;31;38
26;38;38;32;36;34;36;46;41;47;27;36;41;33;29;46;26;32;32
27;35;38;42;39;35;36;36;52;40;47;29;35;42;32;27;47;27;35
28;40;35;39;49;41;44;43;38;53;44;48;33;36;40;34;29;44;28
29;53;41;37;46;49;44;50;48;39;55;46;45;36;36;37;37;30;46
30;29;58;44;38;45;55;52;53;52;36;55;47;48;38;35;40;34;34
31;42;32;58;43;36;53;60;52;55;50;36;55;47;50;38;34;38;35
32;52;42;33;58;48;40;54;61;55;54;48;37;54;43;52;41;35;44
33;41;58;47;38;58;53;40;56;59;57;55;48;39;56;43;54;40;36
34;38;44;61;46;37;60;55;43;58;58;60;53;49;40;58;45;54;41
35;40;41;44;64;45;42;59;55;42;59;60;56;50;48;47;60;41;51
36;45;44;42;48;62;46;42;62;60;43;59;60;55;44;45;44;61;42
37;38;46;44;42;46;59;52;49;64;61;46;59;61;55;41;44;45;62
38;50;39;47;46;42;47;57;56;52;64;59;49;57;57;57;40;44;48
39;41;50;40;45;45;44;49;59;58;51;64;58;48;59;56;56;39;44
40;40;41;54;43;48;49;46;49;60;58;52;63;57;47;57;55;53;38
41;48;40;43;54;42;49;53;49;51;59;60;49;62;57;50;57;56;55
42;42;50;41;45;52;44;51;53;49;52;58;59;49;62;57;50;51;55
43;34;44;51;41;45;51;43;52;56;47;50;58;58;49;64;53;48;50
44;42;37;41;49;40;46;51;44;52;56;45;50;60;61;52;62;53;48
45;44;42;39;41;50;41;47;51;43;52;53;44;49;59;60;51;60;52
46;42;46;42;42;39;50;42;45;55;44;53;56;44;50;58;62;53;61
47;36;43;47;42;42;41;53;45;42;55;48;54;56;43;50;58;61;53
48;39;40;44;46;42;41;43;54;46;42;56;46;54;56;42;53;60;62
49;38;40;41;43;47;42;43;45;54;45;43;56;46;53;56;45;53;57
50;50;39;40;40;43;44;43;43;47;54;43;43;54;44;54;57;43;51
51;26;50;40;40;39;42;45;42;44;45;54;45;44;56;44;55;55;43
52;42;26;51;40;41;38;42;43;42;44;46;56;50;44;56;45;55;55
53;47;42;26;50;40;41;39;44;43;42;43;45;55;50;46;57;44;57
54;34;47;39;28;51;40;42;39;45;44;42;43;44;54;49;45;54;44
55;48;35;48;43;29;52;40;43;40;45;44;42;41;43;53;51;46;53
56;21;48;34;48;42;28;52;41;43;40;47;45;42;41;44;52;51;46
57;26;21;50;34;48;42;29;50;42;42;40;46;45;41;40;44;52;53
58;24;28;21;50;34;47;42;29;49;42;43;41;47;47;42;40;42;51
59;28;24;28;23;50;34;48;42;29;52;43;43;40;47;48;42;40;43
60;19;28;23;28;24;50;34;50;42;29;52;44;42;40;49;48;43;39
61;40;20;29;25;28;24;51;34;52;42;30;51;43;42;40;49;47;41
62;33;40;19;30;25;28;25;51;32;52;43;30;50;43;42;40;49;47
63;36;34;38;19;30;25;28;25;52;32;51;42;31;50;43;43;40;47
64;30;36;34;38;20;31;25;29;23;52;32;51;43;31;50;43;43;39
65;30;30;37;35;39;20;31;25;31;24;51;33;48;43;31;49;43;42
66;44;30;30;37;34;39;20;30;25;32;24;52;32;48;43;30;49;42
67;37;45;30;29;36;36;39;20;30;24;32;23;52;32;48;44;30;49
68;40;37;46;30;30;37;36;39;20;31;24;32;23;53;34;48;44;31
69;28;40;38;49;29;30;37;38;39;20;30;23;31;23;52;34;48;44
70;36;28;37;37;48;27;29;36;39;39;21;30;23;30;25;52;35;48
71;27;35;28;35;36;47;27;30;36;39;40;21;30;23;29;23;52;33
72;25;27;36;28;35;37;46;29;30;34;38;38;20;28;23;29;23;53
73;34;25;25;36;28;35;36;47;29;29;34;37;39;19;30;23;29;23
74;37;34;25;25;37;28;35;36;47;27;28;33;35;39;18;29;23;29
75;30;35;34;25;22;37;25;34;36;44;27;27;33;37;39;17;29;22
76;21;28;38;32;26;22;35;23;35;37;42;27;27;32;38;35;17;29
77;27;22;26;35;32;29;22;36;23;33;35;43;26;25;32;35;32;17
78;30;27;22;27;33;31;28;21;35;23;31;35;43;25;23;33;35;31
79;36;30;28;21;28;32;30;28;20;35;23;31;35;42;28;22;30;36
80;22;33;28;27;19;29;32;28;27;20;35;22;31;34;42;24;20;30
81;35;22;30;27;25;18;27;28;27;23;20;35;21;28;35;42;24;20
82;16;33;22;29;24;25;17;24;28;26;22;19;34;22;24;35;41;22
83;7;16;32;21;25;21;25;18;24;25;26;23;18;34;22;23;34;39
84;10;8;14;32;18;25;21;24;18;23;24;26;22;18;31;23;24;34
85;16;10;7;14;29;14;25;20;24;17;19;24;22;22;16;30;21;21
86;16;16;8;7;13;26;13;24;20;20;16;17;22;19;20;13;28;20
87;12;15;14;8;7;12;26;13;20;19;17;16;15;19;18;20;11;25
88;11;11;14;14;8;6;11;25;10;19;16;15;16;14;19;18;18;8
89;14;8;9;12;13;7;5;11;22;7;18;15;13;14;11;15;15;18
90;7;13;8;9;10;13;6;3;10;20;7;16;12;12;12;12;14;14
91;7;7;11;6;6;11;12;5;3;7;18;6;11;9;10;11;12;13
92;4;7;7;10;4;7;8;12;5;3;7;17;4;10;7;11;8;10
93;5;4;6;7;9;3;5;7;8;5;2;4;11;4;7;7;9;8
94;3;2;4;6;7;7;4;3;5;6;5;2;4;8;4;7;5;6
95;3;3;2;4;5;5;6;2;3;5;5;5;1;3;4;3;6;2
96;2;1;0;2;1;3;3;4;2;3;4;4;4;0;2;2;2;3
97;0;1;1;0;1;1;3;3;3;1;2;2;4;3;0;2;0;1
98;0;0;1;2;0;1;1;2;3;3;1;1;1;4;2;0;2;0
99;0;0;0;1;1;0;1;1;1;3;1;1;2;0;3;1;0;2
100 e oltre;0;0;0;0;0;1;1;2;3;2;3;4;3;3;2;2;1;1
Totale;2904;2992;3050;3128;3118;3209;3306;3411;3494;3490;3519;3504;3484;3469;3474;3496;3447;3459

"Ricostruzione della popolazione intercensuaria - Popolazione al 1° gennaio per età"
"Cittadinanza straniera - Comune: Manoppello"
Età/Anno;2002;2003;2004;2005;2006;2007;2008;2009;2010;2011;2012;2013;2014;2015;2016;2017;2018;2019
Età;Totale
0;0;3;2;2;1;2;3;4;2;1;2;1;4;1;2;3;2;2
1;0;1;3;2;2;0;3;2;4;3;1;2;1;6;1;3;3;2
2;4;1;1;4;2;3;0;1;1;2;3;1;2;1;6;1;3;3
3;1;3;1;2;4;2;3;0;1;0;2;3;1;4;1;5;1;3
4;0;1;2;1;3;4;3;2;1;1;0;3;3;2;5;1;5;0
5;0;1;1;2;1;3;5;6;2;1;1;0;4;3;2;5;1;5
6;0;0;2;1;2;1;3;3;4;1;1;0;1;5;3;1;4;1
7;2;0;0;2;1;2;1;2;3;4;2;1;0;1;4;2;1;3
8;0;2;1;0;2;1;2;1;3;3;3;2;2;0;2;6;1;1
9;0;0;1;1;0;2;1;2;1;2;3;2;1;2;0;2;5;2
10;0;0;0;1;1;0;2;1;4;1;2;2;3;1;3;0;2;3
11;0;0;0;1;1;1;0;2;1;5;1;3;1;2;1;2;0;2
12;1;0;0;0;1;2;2;0;1;1;5;1;3;1;1;1;2;0
13;0;1;0;1;0;0;2;2;0;1;2;4;1;2;1;1;1;2
14;0;0;1;0;1;1;0;3;1;0;1;2;4;1;2;1;1;1
15;1;0;0;2;0;1;2;0;3;1;0;1;1;3;1;2;1;2
16;0;1;0;0;2;2;1;2;0;2;2;0;0;1;3;1;2;1
17;0;0;1;0;0;3;3;1;2;0;2;2;0;0;1;3;1;2
18;1;0;1;1;0;0;3;5;1;2;0;2;1;0;0;1;1;1
19;0;1;3;1;1;1;0;3;4;0;2;0;2;1;0;0;1;1
20;0;0;2;4;1;1;2;1;3;4;0;2;0;2;0;0;0;1
21;1;0;1;2;4;2;3;5;0;3;4;1;2;0;4;0;0;0
22;0;2;1;0;1;4;3;4;5;0;3;3;2;1;0;4;0;0
23;2;0;2;1;0;1;4;4;4;8;0;6;3;3;1;0;3;0
24;2;2;2;1;1;1;2;7;6;5;8;2;6;4;4;1;0;2
25;1;2;5;3;2;1;1;2;7;3;7;7;3;9;4;5;1;1
26;0;1;2;5;3;2;2;3;3;6;5;8;9;3;9;4;5;1
27;0;1;1;4;5;3;7;3;3;3;6;4;8;6;4;8;2;6
28;2;1;1;1;6;4;5;7;4;3;4;5;3;7;6;4;7;4
29;3;2;2;2;2;4;5;4;8;2;3;7;5;4;8;4;3;9
30;0;3;4;3;2;3;6;2;2;8;5;4;8;7;3;8;5;3
31;4;0;2;3;6;4;7;4;3;3;8;5;4;11;6;3;7;5
32;1;5;1;2;3;8;5;5;7;4;4;10;6;5;13;7;3;7
33;4;2;4;1;2;2;13;3;4;7;4;3;9;6;6;12;5;4
34;3;4;3;4;1;3;5;11;6;3;8;5;3;7;9;4;10;6
35;3;1;5;2;4;1;5;3;11;6;2;6;5;4;7;6;3;8
36;3;2;3;5;2;6;1;4;3;11;9;2;6;6;4;6;7;2
37;1;1;3;3;4;3;4;1;4;2;10;7;1;6;6;4;4;7
38;3;1;0;3;3;5;4;5;1;5;1;9;8;0;6;6;4;5
39;0;4;1;0;3;4;5;3;5;0;5;2;8;7;2;6;7;5
40;1;0;2;2;0;6;5;7;3;4;1;4;2;8;4;1;5;5
41;0;0;0;2;4;0;7;6;5;1;5;0;3;2;5;4;0;6
42;2;0;1;1;3;5;0;9;3;7;1;3;0;2;2;5;3;0
43;1;2;3;1;1;2;4;1;7;3;6;1;3;0;2;1;4;4
44;0;1;1;3;2;2;5;4;3;6;3;5;4;3;0;1;1;5
45;1;0;1;0;4;3;2;3;3;3;7;3;3;3;3;0;1;2
46;0;1;0;1;0;4;3;2;3;2;3;5;4;3;3;2;0;1
47;0;0;3;0;1;0;5;2;2;4;2;3;4;4;3;5;2;0
48;0;0;0;3;0;1;0;4;2;2;5;1;4;4;4;4;6;2
49;2;0;1;1;2;0;2;1;3;2;2;5;1;3;4;4;4;7
50;1;1;0;1;1;3;0;2;0;3;3;2;5;3;1;2;4;5
51;1;1;2;0;1;1;2;0;2;0;3;5;3;3;3;0;3;4
52;0;1;1;2;0;0;1;2;0;3;0;3;6;4;3;1;0;4
53;0;1;3;1;1;0;0;1;1;1;3;0;3;5;2;2;1;1
54;0;0;1;2;1;2;0;0;1;1;1;3;0;3;4;1;1;1
55;0;0;0;1;2;1;3;0;0;1;1;2;3;0;3;4;1;1
56;1;0;0;1;1;2;1;3;1;0;2;1;2;3;0;2;4;1
57;0;1;0;0;1;0;2;6;3;0;0;2;1;1;3;0;2;4
58;1;0;1;0;0;1;0;2;8;3;1;0;2;1;2;3;0;2
59;1;1;1;2;0;1;1;0;2;8;3;1;0;3;0;1;2;0
60;2;1;1;1;1;1;1;0;0;1;8;3;1;0;3;0;2;2
61;2;2;1;2;1;1;1;1;1;0;1;6;3;1;0;4;0;3
62;0;2;1;1;2;0;1;1;1;0;0;1;5;3;0;2;4;0
63;0;0;1;1;1;2;0;1;1;1;0;0;0;5;3;0;2;4
64;0;0;0;1;2;1;2;0;1;1;1;0;0;0;5;3;1;2
65;0;0;0;0;1;2;1;4;1;1;1;0;0;1;1;4;5;1
66;0;0;0;0;0;1;1;1;4;1;1;0;0;0;1;1;4;5
67;0;1;0;0;0;0;1;1;1;4;1;1;0;0;1;2;1;4
68;0;0;0;0;0;0;0;1;2;1;4;1;0;0;0;1;2;0
69;0;0;0;0;0;0;0;0;1;2;1;4;1;0;0;0;1;2
70;0;0;0;0;0;0;0;0;1;1;2;2;4;1;0;0;0;1
71;0;0;0;0;0;0;0;0;0;1;1;2;1;4;1;0;0;0
72;0;0;0;0;1;0;1;0;0;0;1;1;2;1;4;2;0;0
73;0;0;0;0;0;1;0;1;0;0;0;1;1;2;1;5;2;0
74;0;0;0;0;0;0;1;0;1;0;0;0;1;1;3;1;3;2
75;0;0;0;0;0;0;0;1;0;0;0;0;0;0;1;3;1;3
76;0;0;0;0;0;0;0;0;1;0;0;0;0;0;0;1;3;1
77;0;0;0;0;0;0;0;0;0;1;0;0;0;0;0;0;1;3
78;0;0;0;0;0;0;0;0;0;0;1;0;0;0;0;0;0;2
79;0;0;0;0;0;0;0;0;0;0;0;1;0;0;0;0;0;0
80;0;0;0;0;0;0;0;0;0;0;0;0;1;0;0;0;0;0
81;0;0;0;0;0;0;0;0;0;0;0;0;0;0;0;0;0;0
82;0;0;0;0;0;0;0;0;0;0;0;0;0;0;0;0;0;0
83;0;0;0;0;0;0;0;0;0;0;0;0;0;0;0;0;0;0
84;0;0;0;0;0;0;0;0;0;0;0;0;0;0;0;0;0;0
85;0;0;0;0;0;0;0;0;0;0;0;0;0;0;0;1;0;0
86;0;0;0;0;0;0;0;0;0;0;0;0;0;0;0;0;1;0
87;0;0;0;0;0;0;0;0;0;0;0;0;0;0;0;0;0;1
88;0;0;0;0;0;0;0;0;0;0;0;0;0;0;0;0;0;0
89;0;0;0;0;0;0;0;0;0;0;0;0;0;0;0;0;0;0
90;0;0;0;0;0;0;0;0;0;0;0;0;0;0;0;0;0;0
91;0;0;0;0;0;1;0;0;0;0;0;0;0;0;0;0;0;0
92;0;0;0;0;0;0;1;0;0;0;0;0;0;0;0;0;0;0
93;0;0;0;0;0;0;0;1;0;0;0;0;0;0;0;0;0;0
94;0;0;0;0;0;0;0;0;1;0;0;0;0;0;0;0;0;0
95;0;0;0;0;0;0;0;0;0;1;0;0;0;0;0;0;0;0
96;0;0;0;0;0;0;0;0;0;0;1;0;0;0;0;0;0;0
97;0;0;0;0;0;0;0;0;0;0;0;0;0;0;0;0;0;0
98;0;0;0;0;0;0;0;0;0;0;0;0;0;0;0;0;0;0
99;0;0;0;0;0;0;0;0;0;0;0;0;0;0;0;0;0;0
100 e oltre;0;0;0;0;0;0;0;0;0;0;0;0;0;0;0;0;0;0
Totale;59;65;90;103;114;137;182;191;197;187;207;202;207;212;216;206;191;204
Età/Anno;2002;2003;2004;2005;2006;2007;2008;2009;2010;2011;2012;2013;2014;2015;2016;2017;2018;2019
Età;Maschi
0;0;3;2;1;1;2;2;4;0;1;1;0;3;0;2;2;1;1
1;0;0;3;2;1;0;3;1;4;1;1;2;0;5;0;3;2;1
2;1;0;0;3;2;1;0;1;0;2;2;1;2;0;5;0;3;2
3;1;0;0;1;3;2;1;0;1;0;1;2;1;4;0;4;0;3
4;0;1;0;0;1;3;3;1;0;1;0;2;2;2;5;0;3;0
5;0;0;1;0;0;1;4;6;1;0;1;0;3;2;2;4;0;3
6;0;0;0;1;0;0;1;3;4;0;0;0;0;4;2;1;4;0
7;0;0;0;0;1;0;0;1;3;4;0;0;0;0;3;1;1;3
8;0;0;0;0;0;1;0;0;1;3;3;1;1;0;1;5;1;1
9;0;0;0;0;0;0;1;0;0;0;3;2;1;1;0;1;4;2
10;0;0;0;0;0;0;0;1;2;0;0;2;3;1;2;0;1;2
11;0;0;0;0;0;0;0;1;1;2;0;0;1;2;1;1;0;1
12;0;0;0;0;0;1;1;0;1;1;2;0;0;1;1;1;1;0
13;0;0;0;1;0;0;1;1;0;1;2;1;1;0;1;1;1;1
14;0;0;0;0;1;0;0;2;0;0;1;2;1;1;0;1;1;1
15;0;0;0;0;0;1;1;0;2;0;0;1;1;1;1;0;1;2
16;0;0;0;0;0;1;1;1;0;1;0;0;0;1;0;1;0;1
17;0;0;0;0;0;0;2;1;1;0;1;0;0;0;1;0;1;0
18;0;0;1;0;0;0;0;3;1;1;0;1;0;0;0;1;0;1
19;0;0;3;1;0;1;0;0;1;0;1;0;1;0;0;0;1;0
20;0;0;0;4;1;0;2;0;0;1;0;1;0;1;0;0;0;1
21;0;0;1;0;4;2;0;5;0;0;1;0;1;0;3;0;0;0
22;0;0;0;0;0;4;3;0;5;0;0;0;0;0;0;3;0;0
23;0;0;1;0;0;0;4;3;0;5;0;0;1;0;0;0;2;0
24;1;0;1;1;0;1;0;6;3;0;5;0;0;1;1;0;0;1
25;1;1;1;1;1;0;1;0;6;2;0;4;0;0;1;1;0;1
26;0;1;1;1;1;1;1;2;0;5;2;1;4;0;0;1;0;0
27;0;0;1;1;1;1;2;1;2;0;4;1;1;2;1;2;1;1
28;2;0;0;0;2;0;1;1;2;2;0;3;0;1;2;1;2;2
29;0;2;0;1;0;0;1;2;0;2;2;0;3;1;1;2;2;2
30;0;0;1;1;1;1;1;1;1;0;5;2;0;5;1;2;2;2
31;0;0;0;0;2;1;2;0;1;1;0;4;1;2;4;1;0;2
32;0;0;1;0;0;2;2;1;0;1;1;2;4;1;2;5;1;0
33;4;0;0;1;0;0;6;1;1;0;1;0;2;4;1;2;5;1
34;1;4;0;0;1;0;1;6;2;1;1;2;0;0;5;1;1;6
35;1;0;5;1;0;1;0;0;5;2;1;1;2;0;0;3;1;1
36;1;1;2;5;1;1;0;0;0;5;4;1;1;2;0;1;3;1
37;0;1;1;2;4;1;1;0;0;0;5;4;1;1;2;0;1;3
38;2;0;0;1;2;5;2;1;0;1;0;4;5;0;2;3;0;1
39;0;4;0;0;1;2;5;0;1;0;1;0;4;3;1;2;3;1
40;0;0;2;1;0;4;2;7;0;1;1;0;0;3;3;0;2;3
41;0;0;0;2;3;0;4;1;5;0;1;0;0;0;3;3;0;2
42;1;0;1;0;3;3;0;5;0;5;0;0;0;0;0;3;2;0
43;0;1;1;1;0;2;1;0;5;0;4;0;0;0;0;0;2;2
44;0;0;0;1;2;0;5;1;0;4;0;3;1;0;0;0;0;2
45;1;0;0;0;1;3;0;3;1;0;5;0;2;1;0;0;0;0
46;0;1;0;0;0;1;3;0;3;1;0;3;0;1;1;0;0;0
47;0;0;2;0;0;0;1;2;0;2;1;0;2;0;1;1;0;0
48;0;0;0;2;0;0;0;1;2;0;2;1;0;2;0;1;0;0
49;1;0;0;0;1;0;0;0;1;2;0;2;1;0;2;0;1;1
50;1;1;0;0;0;2;0;0;0;1;2;0;2;1;0;1;0;1
51;0;1;1;0;0;0;2;0;0;0;1;2;0;1;1;0;2;0
52;0;0;1;1;0;0;0;2;0;0;0;1;4;0;1;0;0;2
53;0;1;0;1;0;0;0;0;1;0;0;0;1;3;0;1;0;0
54;0;0;1;0;1;0;0;0;0;1;0;0;0;1;2;0;1;0
55;0;0;0;1;0;1;1;0;0;0;1;1;0;0;1;2;0;1
56;0;0;0;0;1;0;1;1;0;0;0;1;1;0;0;0;2;0
57;0;0;0;0;0;0;0;3;1;0;0;0;1;1;0;0;0;2
58;0;0;0;0;0;0;0;1;5;1;0;0;0;1;1;0;0;0
59;1;0;0;1;0;1;0;0;1;5;1;0;0;0;0;1;0;0
60;1;1;0;0;0;0;1;0;0;1;5;1;0;0;0;0;1;0
61;2;1;1;0;0;0;0;1;0;0;1;3;1;0;0;0;0;1
62;0;2;1;1;0;0;0;0;1;0;0;1;3;1;0;1;0;0
63;0;0;1;1;1;0;0;0;0;1;0;0;0;3;1;0;1;0
64;0;0;0;1;1;1;0;0;0;0;1;0;0;0;3;1;0;1
65;0;0;0;0;1;1;1;0;0;0;0;0;0;0;0;3;2;0
66;0;0;0;0;0;1;1;1;0;0;0;0;0;0;0;0;3;2
67;0;1;0;0;0;0;1;1;1;0;0;0;0;0;1;0;0;3
68;0;0;0;0;0;0;0;1;1;1;0;0;0;0;0;1;0;0
69;0;0;0;0;0;0;0;0;1;1;1;0;0;0;0;0;1;0
70;0;0;0;0;0;0;0;0;0;1;1;1;0;0;0;0;0;1
71;0;0;0;0;0;0;0;0;0;0;1;1;0;0;0;0;0;0
72;0;0;0;0;0;0;1;0;0;0;0;1;1;0;0;1;0;0
73;0;0;0;0;0;0;0;1;0;0;0;0;1;1;0;1;1;0
74;0;0;0;0;0;0;0;0;1;0;0;0;0;1;1;0;1;1
75;0;0;0;0;0;0;0;0;0;0;0;0;0;0;1;1;0;1
76;0;0;0;0;0;0;0;0;0;0;0;0;0;0;0;1;1;0
77;0;0;0;0;0;0;0;0;0;0;0;0;0;0;0;0;1;1
78;0;0;0;0;0;0;0;0;0;0;0;0;0;0;0;0;0;1
79;0;0;0;0;0;0;0;0;0;0;0;0;0;0;0;0;0;0
80;0;0;0;0;0;0;0;0;0;0;0;0;0;0;0;0;0;0
81;0;0;0;0;0;0;0;0;0;0;0;0;0;0;0;0;0;0
82;0;0;0;0;0;0;0;0;0;0;0;0;0;0;0;0;0;0
83;0;0;0;0;0;0;0;0;0;0;0;0;0;0;0;0;0;0
84;0;0;0;0;0;0;0;0;0;0;0;0;0;0;0;0;0;0
85;0;0;0;0;0;0;0;0;0;0;0;0;0;0;0;0;0;0
86;0;0;0;0;0;0;0;0;0;0;0;0;0;0;0;0;0;0
87;0;0;0;0;0;0;0;0;0;0;0;0;0;0;0;0;0;0
88;0;0;0;0;0;0;0;0;0;0;0;0;0;0;0;0;0;0
89;0;0;0;0;0;0;0;0;0;0;0;0;0;0;0;0;0;0
90;0;0;0;0;0;0;0;0;0;0;0;0;0;0;0;0;0;0
91;0;0;0;0;0;0;0;0;0;0;0;0;0;0;0;0;0;0
92;0;0;0;0;0;0;0;0;0;0;0;0;0;0;0;0;0;0
93;0;0;0;0;0;0;0;0;0;0;0;0;0;0;0;0;0;0
94;0;0;0;0;0;0;0;0;0;0;0;0;0;0;0;0;0;0
95;0;0;0;0;0;0;0;0;0;0;0;0;0;0;0;0;0;0
96;0;0;0;0;0;0;0;0;0;0;0;0;0;0;0;0;0;0
97;0;0;0;0;0;0;0;0;0;0;0;0;0;0;0;0;0;0
98;0;0;0;0;0;0;0;0;0;0;0;0;0;0;0;0;0;0
99;0;0;0;0;0;0;0;0;0;0;0;0;0;0;0;0;0;0
100 e oltre;0;0;0;0;0;0;0;0;0;0;0;0;0;0;0;0;0;0
Totale;23;28;38;44;47;57;81;89;82;74;81;69;72;70;77;80;74;79
Età/Anno;2002;2003;2004;2005;2006;2007;2008;2009;2010;2011;2012;2013;2014;2015;2016;2017;2018;2019
Età;Femmine
0;0;0;0;1;0;0;1;0;2;0;1;1;1;1;0;1;1;1
1;0;1;0;0;1;0;0;1;0;2;0;0;1;1;1;0;1;1
2;3;1;1;1;0;2;0;0;1;0;1;0;0;1;1;1;0;1
3;0;3;1;1;1;0;2;0;0;0;1;1;0;0;1;1;1;0
4;0;0;2;1;2;1;0;1;1;0;0;1;1;0;0;1;2;0
5;0;1;0;2;1;2;1;0;1;1;0;0;1;1;0;1;1;2
6;0;0;2;0;2;1;2;0;0;1;1;0;1;1;1;0;0;1
7;2;0;0;2;0;2;1;1;0;0;2;1;0;1;1;1;0;0
8;0;2;1;0;2;0;2;1;2;0;0;1;1;0;1;1;0;0
9;0;0;1;1;0;2;0;2;1;2;0;0;0;1;0;1;1;0
10;0;0;0;1;1;0;2;0;2;1;2;0;0;0;1;0;1;1
11;0;0;0;1;1;1;0;1;0;3;1;3;0;0;0;1;0;1
12;1;0;0;0;1;1;1;0;0;0;3;1;3;0;0;0;1;0
13;0;1;0;0;0;0;1;1;0;0;0;3;0;2;0;0;0;1
14;0;0;1;0;0;1;0;1;1;0;0;0;3;0;2;0;0;0
15;1;0;0;2;0;0;1;0;1;1;0;0;0;2;0;2;0;0
16;0;1;0;0;2;1;0;1;0;1;2;0;0;0;3;0;2;0
17;0;0;1;0;0;3;1;0;1;0;1;2;0;0;0;3;0;2
18;1;0;0;1;0;0;3;2;0;1;0;1;1;0;0;0;1;0
19;0;1;0;0;1;0;0;3;3;0;1;0;1;1;0;0;0;1
20;0;0;2;0;0;1;0;1;3;3;0;1;0;1;0;0;0;0
21;1;0;0;2;0;0;3;0;0;3;3;1;1;0;1;0;0;0
22;0;2;1;0;1;0;0;4;0;0;3;3;2;1;0;1;0;0
23;2;0;1;1;0;1;0;1;4;3;0;6;2;3;1;0;1;0
24;1;2;1;0;1;0;2;1;3;5;3;2;6;3;3;1;0;1
25;0;1;4;2;1;1;0;2;1;1;7;3;3;9;3;4;1;0
26;0;0;1;4;2;1;1;1;3;1;3;7;5;3;9;3;5;1
27;0;1;0;3;4;2;5;2;1;3;2;3;7;4;3;6;1;5
28;0;1;1;1;4;4;4;6;2;1;4;2;3;6;4;3;5;2
29;3;0;2;1;2;4;4;2;8;0;1;7;2;3;7;2;1;7
30;0;3;3;2;1;2;5;1;1;8;0;2;8;2;2;6;3;1
31;4;0;2;3;4;3;5;4;2;2;8;1;3;9;2;2;7;3
32;1;5;0;2;3;6;3;4;7;3;3;8;2;4;11;2;2;7
33;0;2;4;0;2;2;7;2;3;7;3;3;7;2;5;10;0;3
34;2;0;3;4;0;3;4;5;4;2;7;3;3;7;4;3;9;0
35;2;1;0;1;4;0;5;3;6;4;1;5;3;4;7;3;2;7
36;2;1;1;0;1;5;1;4;3;6;5;1;5;4;4;5;4;1
37;1;0;2;1;0;2;3;1;4;2;5;3;0;5;4;4;3;4
38;1;1;0;2;1;0;2;4;1;4;1;5;3;0;4;3;4;4
39;0;0;1;0;2;2;0;3;4;0;4;2;4;4;1;4;4;4
40;1;0;0;1;0;2;3;0;3;3;0;4;2;5;1;1;3;2
41;0;0;0;0;1;0;3;5;0;1;4;0;3;2;2;1;0;4
42;1;0;0;1;0;2;0;4;3;2;1;3;0;2;2;2;1;0
43;1;1;2;0;1;0;3;1;2;3;2;1;3;0;2;1;2;2
44;0;1;1;2;0;2;0;3;3;2;3;2;3;3;0;1;1;3
45;0;0;1;0;3;0;2;0;2;3;2;3;1;2;3;0;1;2
46;0;0;0;1;0;3;0;2;0;1;3;2;4;2;2;2;0;1
47;0;0;1;0;1;0;4;0;2;2;1;3;2;4;2;4;2;0
48;0;0;0;1;0;1;0;3;0;2;3;0;4;2;4;3;6;2
49;1;0;1;1;1;0;2;1;2;0;2;3;0;3;2;4;3;6
50;0;0;0;1;1;1;0;2;0;2;1;2;3;2;1;1;4;4
51;1;0;1;0;1;1;0;0;2;0;2;3;3;2;2;0;1;4
52;0;1;0;1;0;0;1;0;0;3;0;2;2;4;2;1;0;2
53;0;0;3;0;1;0;0;1;0;1;3;0;2;2;2;1;1;1
54;0;0;0;2;0;2;0;0;1;0;1;3;0;2;2;1;0;1
55;0;0;0;0;2;0;2;0;0;1;0;1;3;0;2;2;1;0
56;1;0;0;1;0;2;0;2;1;0;2;0;1;3;0;2;2;1
57;0;1;0;0;1;0;2;3;2;0;0;2;0;0;3;0;2;2
58;1;0;1;0;0;1;0;1;3;2;1;0;2;0;1;3;0;2
59;0;1;1;1;0;0;1;0;1;3;2;1;0;3;0;0;2;0
60;1;0;1;1;1;1;0;0;0;0;3;2;1;0;3;0;1;2
61;0;1;0;2;1;1;1;0;1;0;0;3;2;1;0;4;0;2
62;0;0;0;0;2;0;1;1;0;0;0;0;2;2;0;1;4;0
63;0;0;0;0;0;2;0;1;1;0;0;0;0;2;2;0;1;4
64;0;0;0;0;1;0;2;0;1;1;0;0;0;0;2;2;1;1
65;0;0;0;0;0;1;0;4;1;1;1;0;0;1;1;1;3;1
66;0;0;0;0;0;0;0;0;4;1;1;0;0;0;1;1;1;3
67;0;0;0;0;0;0;0;0;0;4;1;1;0;0;0;2;1;1
68;0;0;0;0;0;0;0;0;1;0;4;1;0;0;0;0;2;0
69;0;0;0;0;0;0;0;0;0;1;0;4;1;0;0;0;0;2
70;0;0;0;0;0;0;0;0;1;0;1;1;4;1;0;0;0;0
71;0;0;0;0;0;0;0;0;0;1;0;1;1;4;1;0;0;0
72;0;0;0;0;1;0;0;0;0;0;1;0;1;1;4;1;0;0
73;0;0;0;0;0;1;0;0;0;0;0;1;0;1;1;4;1;0
74;0;0;0;0;0;0;1;0;0;0;0;0;1;0;2;1;2;1
75;0;0;0;0;0;0;0;1;0;0;0;0;0;0;0;2;1;2
76;0;0;0;0;0;0;0;0;1;0;0;0;0;0;0;0;2;1
77;0;0;0;0;0;0;0;0;0;1;0;0;0;0;0;0;0;2
78;0;0;0;0;0;0;0;0;0;0;1;0;0;0;0;0;0;1
79;0;0;0;0;0;0;0;0;0;0;0;1;0;0;0;0;0;0
80;0;0;0;0;0;0;0;0;0;0;0;0;1;0;0;0;0;0
81;0;0;0;0;0;0;0;0;0;0;0;0;0;0;0;0;0;0
82;0;0;0;0;0;0;0;0;0;0;0;0;0;0;0;0;0;0
83;0;0;0;0;0;0;0;0;0;0;0;0;0;0;0;0;0;0
84;0;0;0;0;0;0;0;0;0;0;0;0;0;0;0;0;0;0
85;0;0;0;0;0;0;0;0;0;0;0;0;0;0;0;1;0;0
86;0;0;0;0;0;0;0;0;0;0;0;0;0;0;0;0;1;0
87;0;0;0;0;0;0;0;0;0;0;0;0;0;0;0;0;0;1
88;0;0;0;0;0;0;0;0;0;0;0;0;0;0;0;0;0;0
89;0;0;0;0;0;0;0;0;0;0;0;0;0;0;0;0;0;0
90;0;0;0;0;0;0;0;0;0;0;0;0;0;0;0;0;0;0
91;0;0;0;0;0;1;0;0;0;0;0;0;0;0;0;0;0;0
92;0;0;0;0;0;0;1;0;0;0;0;0;0;0;0;0;0;0
93;0;0;0;0;0;0;0;1;0;0;0;0;0;0;0;0;0;0
94;0;0;0;0;0;0;0;0;1;0;0;0;0;0;0;0;0;0
95;0;0;0;0;0;0;0;0;0;1;0;0;0;0;0;0;0;0
96;0;0;0;0;0;0;0;0;0;0;1;0;0;0;0;0;0;0
97;0;0;0;0;0;0;0;0;0;0;0;0;0;0;0;0;0;0
98;0;0;0;0;0;0;0;0;0;0;0;0;0;0;0;0;0;0
99;0;0;0;0;0;0;0;0;0;0;0;0;0;0;0;0;0;0
100 e oltre;0;0;0;0;0;0;0;0;0;0;0;0;0;0;0;0;0;0
Totale;36;37;52;59;67;80;101;102;115;113;126;133;135;142;139;126;117;125
